7609,Rouen,Limoges,12/10/2026,1845,0014,1:Mateo Fernandez:39.15,2:Felix Esposito:43.38,3:Gabriel Sanchez:44.26,4:Fiona Cruz:32.40,5:Omar Lopez:29.48,6:Zane Suzuki:30.11,7:Kimberly Williams:31.02,8:Emma Sokolov:28.09,9:Natalia Wong:28.37,10:Chloe Smith:42.90,11:Miguel Dupont:40.83,12:Katya Bianchi:42.54,13:Aki Rodriguez:31.52,14:Margaux Diallo:40.76,15:Juan Rizzo:29.94,16:Katya Yamamoto:43.74,17:Zola Martin:31.04,18:Paul Muller:39.47,19:Madison Diop:43.64,20:Sonia Tran:30.36,21:Hana Pereira:27.54,22:Louis Clark:32.33,23:Karim Faure:36.82,24:Lian Pereira:24.85,25:Jeanne Haddad:38.74,26:Clement Fernandez:32.89,27:Ulysse Schulz:40.09,28:Paul Davis:26.05,29:Emi Wagner:29.95
7831,Tours,Limoges,13/08/2026,1530,1853,1:Chau Kovacs:21.55,2:Romain Zimmermann:17.15,3:Valentine Martinez:22.35,4:Kenji Weber:18.48,5:Zoe Rodrigues:24.02,6:Igor Muller:24.47,7:Oceane Huang:20.16,8:Aki Ribeiro:17.49,9:Jeanne Haddad:24.39,10:Yasmine Esposito:16.06,11:Ryan Fournier:19.03,12:Driss Dupont:20.15,13:Amandine Chung:27.09,14:Sora Michel:24.94,15:Nour Wang:27.96,16:Corey Yamamoto:21.11,17:Yumi Wang:25.28,18:Quentin Petrov:23.81,19:Kenji Khan:16.10,20:Ines Haddad:26.23,21:Quentin Santos:19.45,22:Sofia Sousa:19.63,23:Taylor Wong:17.72,24:Margaux Dupont:20.79,25:Chau Almeida:25.55
5333,Rouen,Nice,01/11/2026,1900,0707,1:Zoe Nkosi:38.82,2:Quentin Wilson:48.33,3:Noah Schulz:36.70,4:Noah Hussein:33.35,5:Skylar Gallo:37.74,6:Austin Moussa:43.87,7:Daiki Singh:44.22,8:Ryo Williams:51.92,9:Zachary Zimmermann:34.72,10:Ricardo Diop:33.86,11:Lea Leroy:41.53,12:Willow Abebe:43.41,13:Sofia Suzuki:48.06,14:Rayan Garcia:49.41,15:Corey Michel:34.24,16:Karim Leroy:38.90,17:Natalia Weber:52.47,18:Paul Moreau:38.45,19:Harper Ouattara:38.15,20:Maria Durand:41.25,21:Santiago Clark:53.75,22:Hassan Rodriguez:49.06,23:Brenda Ouattara:57.00,24:Sara Schmidt:33.85,25:Ulysse Garnier:42.77,26:Maria Roux:48.89,27:Yara Hussein:52.61,28:Kai Doan:50.77,29:Alice Tanaka:55.28
2558,Paris,Lyon,29/07/2026,1300,1900,1:Santiago Perez:31.76,2:Orion Faure:31.37,3:Mehdi Ali:28.82,4:Kenji Rizzo:29.14,5:Nicolas Ferrari:37.14,6:Nala Esposito:36.17,7:Javier Schmidt:38.98,8:Valentine Sato:30.54,9:Javier Leroy:34.89,10:Chen Robert:45.43
1271,Lyon,Nantes,09/03/2026,0830,1602,1:Kenza Nkosi:42.56,2:Awa Doan:56.37,3:David Bruno:38.67,4:Amandine Perez:45.47,5:Willow Michel:35.32,6:Ryan Williams:38.30,7:Sonia Kovacs:55.79,8:Bilal Ali:52.72,9:Nour Smith:34.25,10:Finn Russo:32.93,11:Ulysse Garnier:53.31,12:Karim Ouattara:50.15,13:Pierre Almeida:48.01,14:Wei Leroy:39.34,15:Karim Sanchez:33.61,16:Elena Conti:57.42,17:Gabriel Miller:51.74,18:Zola Garcia:50.09,19:Willow Simon:50.45,20:Juan Ziane:40.99,21:Daiki Garcia:43.38,22:Ulysse Vo:55.47,23:Kai Liu:36.76,24:Orion Russo:46.49,25:Leila Taylor:34.86,26:Hazel Brown:53.55,27:Lea Sato:36.47
5922,Tours,Le Mans,13/11/2026,1600,1903,1:Jeanne Haddad:12.98,2:Zola Diop:19.95,3:Sergei Traore:17.69,4:Pablo Wang:13.88,5:Eloise Popov:18.13,6:Lucas Singh:15.56,7:Kofi Dubois:17.18,8:Emi Rizzo:19.13,9:Liam Nkosi:20.64,10:Silas Leroy:21.75,11:Farah Diallo:20.72,12:Aki Vo:18.35,13:Minh Schulz:20.07,14:Kenza Weber:15.62,15:Liam Khelifi:21.36,16:Valentine Durand:18.19,17:Hana Miller:15.99,18:Chloe Smith:20.24,19:Noah Suzuki:12.73,20:Noah Vo:16.05,21:Simon Brown:15.02,22:Carmen Simon:18.83,23:Pierre Wagner:15.13,24:Elena Liu:19.94,25:Jeanne Clark:13.93,26:Sara Petit:13.82,27:Louis Haddad:22.06,28:Hazel Fernandez:21.58,29:Silas Cherif:19.79,30:Jeanne Wagner:16.79,31:Elsa Singh:16.32,32:Igor Muller:18.22
4562,Dijon,Nantes,10/05/2026,0730,1611,1:Baptiste Pham:56.70,2:Brenda Ouattara:49.95,3:Imani Nkosi:34.86,4:Juan Tran:32.79,5:Sergei Rossi:44.78,6:Liam Yamamoto:55.29,7:Ines Rodrigues:47.70,8:Jeanne Taylor:56.47,9:Karim Sanchez:50.12,10:Lian Oliveira:39.85,11:Margaux Khan:36.80,12:Bilal Wilson:47.99,13:Hassan Rodriguez:44.80,14:Louis Rossi:32.93,15:Carmen Sato:45.85,16:Isabella Ivanov:34.14,17:Driss Ziane:52.41,18:David Bruno:45.59,19:Miguel Diop:42.11,20:Leila Johnson:51.15,21:Austin Haddad:47.50,22:Kenji Mohamed:37.57,23:Amandine Ribeiro:42.61,24:Lucia Ziane:35.46,25:Zola Schmidt:46.62,26:Bjorn Schmidt:38.66
6487,La Rochelle,Rennes,12/11/2026,2130,0216,1:Lucia Weber:23.26,2:Samira Bruno:24.04,3:Clement Kuznetsov:24.72,4:Isabella Smith:27.47,5:Nala Garnier:35.24,6:Valentine Smith:27.66,7:Pablo Robert:29.47,8:Mateo Wang:28.51,9:Alessio Alves:27.02,10:Pierre Almeida:32.08,11:Finn Davis:21.22,12:Celeste Nkosi:35.09,13:Amine Lefevre:26.43,14:Mateo Schulz:31.21,15:Camille Wang:34.42,16:Felix Lefevre:33.67,17:Jackson Silva:33.40,18:Farah Boudjema:25.55,19:Ryan Fournier:26.79,20:Aki Huang:28.70,21:Elsa Bianchi:31.59,22:Alice Zhang:25.14,23:Lian Traore:23.25,24:Minh Ivanov:35.36,25:Taylor Fournier:29.37,26:Ryan Martin:32.45,27:Sofia Wang:24.02,28:Sergei Vasiliev:30.89,29:Sonia Dupont:24.72
1217,Grenoble,Le Mans,29/11/2026,1000,1536,1:Lucia Diop:24.49,2:Quentin Wilson:32.23,3:Daiki Martinez:30.33,4:Fode Yamamoto:34.96,5:Olivia Kim:28.00,6:Sekou Ahmed:36.49,7:Hazel Schmidt:42.66,8:Bjorn Thomas:41.13,9:Elena Sousa:27.74,10:David Esposito:26.38,11:Celeste Lopez:29.90,12:Imani Bernard:34.71,13:Elsa Greco:42.86,14:Hazel Tran:26.56,15:Adrien Vo:37.95,16:Elena Diallo:41.69,17:Nour Cruz:33.37,18:Farah Almeida:34.82,19:Mateo Abebe:42.48,20:Sophie Benali:25.56,21:Aicha Kowalski:30.51,22:Isabella Mohamed:36.77,23:Pierre Ribeiro:24.11,24:Kenji Boudjema:37.38,25:Corey Lefevre:26.43,26:Chen Diallo:32.94,27:Erica Morozov:25.34,28:Mateo Vasiliev:23.88,29:Youssef Wagner:32.17,30:Oceane Vidal:33.57,31:Aki Novak:24.69,32:David Robert:32.88
5602,Caen,Saint-Etienne,26/07/2026,1300,1920,1:Ricardo Dubois:44.44,2::,3::,4:Kenji Clark:32.96,5:Manon Rizzo:49.82,6:Jules Lopez:39.67,7:Karim Novak:49.86,8::,9:Amandine Haddad:43.38,10:Zoe Tanaka:38.07,11:Kai Michel:34.18,12:Emma Almeida:28.17,13:Valentine Chung:36.61,14:Mei Ferrari:,15:Santiago Khan:40.51,16:Ryo Bruno:48.82,17:Sergei Perez:38.38,18:Jackson Kim:37.85,19:Santiago Robert:30.71,20:Valentine Singh:39.36,21:Valentine Rodrigues:35.17,22:Willow Khelifi:29.02,23:Tristan Moreau:43.70,24:Thao Gallo:31.34,25:Ethan Weber:43.19,26:Yasmine Nguyen:29.75,27:Omar Martinez:42.98,28::,29:Gabriel Miller:39.02
8675,Dijon,Toulouse,09/12/2026,0930,1645,1:Mei Ahmed:40.61,2:Manon Ouattara:34.31,3:Finn Weber:36.88,4:Chloe Conti:43.18,5:Arthur Wong:38.07,6:Ryan Khelifi:43.28,7:Ryan Ouattara:33.83,8:Zola Greco:39.25,9:Aicha Santos:31.40,10:Li Wilson:34.53,11:Hugo Thomas:44.88,12:Fiona Petit:32.87,13:Jules Lopez:37.60,14:Austin Schmidt:31.09,15:Paul Davis:31.48,16:Noah Hussein:36.45,17:Chen Muller:35.41,18:Oceane Bernard:49.69,19:Pablo Mohamed:53.41,20:Mateo Oliveira:53.19,21:Ryan Rossi:45.26,22:Elena Richard:51.30,23:Lucas Doan:44.51,24:Aicha Ziane:31.22,25:Jian Popov:37.75,26:Silas Smith:51.46,27:Natalia Lefevre:42.94,28:Manon Novak:44.88,29:Jeanne Taylor:44.93,30:Chloe Garcia:35.47,31:Emi Johnson:34.55
1172,Rouen,Paris,04/04/2026,2145,2347,1:Igor Ali:17.24,2:Manon Dubois:13.47,3:Li Martinez:19.20,4:Chloe Ferrari:20.92,5:Clement Lopez:15.81,6:Theo Dubois:22.30,7:Sophie Ali:13.74,8:Ryan Sokolov:17.23,9:Karim Liu:16.76,10:Sofia Sousa:18.01,11:Margaux Chen:16.10,12:Hugo Fahmi:14.22,13:Kwame Schulz:13.03,14:Jules Garcia:17.32,15:Omar Martinez:18.33,16:Emma Dupont:14.71,17:Quentin Gomez:20.27,18:Quentin Fernandez:14.64,19:Orion Lefevre:18.73,20:Madison Santos:19.99,21:Malika Brown:16.25,22:Sofia Leroy:18.72,23:Nala Simon:15.17,24:Fode Conti:14.64,25:Igor Alves:21.56,26:Austin Moore:19.80,27:Zane Michel:12.60,28:Jian Ramirez:17.66
4343,Metz,Limoges,16/09/2026,0815,1715,1:Quentin Roux:46.60,2:Taylor Wilson:56.55,3:Emi Johnson:49.46,4:Rose Smith:48.00,5:Minh Rossi:,6:Fiona Miller:36.66,7:Hassan Rizzo:40.17,8:Karim Sanchez:57.37,9:Zane Abebe:55.66,10:Imani Ahmed:32.89,11:Malika Robert:35.52,12:Javier Schmidt:53.85,13:Sofia Pham:46.03,14:Fode Tanaka:35.63,15:Brenda Garnier:47.59,16:Eloise Oliveira:33.19,17::,18:Orion Davis:40.42,19:Jeanne Fahmi:38.76,20:Margaux Durand:46.43,21:Margaux Weber:46.52,22:Kai Ahmed:,23:Chloe Ferrari:51.13,24:Sana Doan:55.44,25::,26:Aki Torres:35.99,27::,28:Javier Dupont:43.57,29:Chau Almeida:35.84,30:Zola Diop:50.92,31:Igor Moussa:51.58
8337,Bordeaux,Caen,13/02/2026,1630,2207,1:Fiona Petrov:39.01,2:Amandine Moore:40.56,3:Elena Richard:30.77,4:Austin Gomes:35.03,5:Jules Cruz:48.23,6:Leila Vo:29.94,7:Nala Wang:46.44,8:Dmitri Silva:42.91,9:Driss Williams:46.40,10:Liam Ribeiro:37.61,11:Quentin Leroy:28.77,12:Chau Weber:28.18,13:Sora Rodriguez:30.74,14:Hugo Greco:37.00,15:Javier Haddad:40.68,16:Valentine Ferrari:40.64,17:Bjorn Gallo:34.45,18:Imani Ahmed:35.07,19:Chau Wang:36.16,20:Louis Ndiaye:45.65,21:Fiona Davis:33.99,22:Chau Huang:32.26,23:Igor Doan:35.09,24:Romain Wong:44.48,25:Li Schmidt:43.94,26:Amandine Ali:39.94,27:Oceane Ouattara:36.10,28:Sora Russo:33.58,29:Daiki Gomez:48.38,30:Elena Diop:41.52,31:Silas Hussein:44.90,32:Olivia Kuznetsov:32.20,33:Yumi Sanchez:27.75,34:Malika Brown:30.84,35:Romain Sylla:48.73,36:Willow Simon:43.96,37:Sekou Pereira:40.22,38:Yumi Wilson:48.64,39:Hazel Singh:48.13,40:Emma Greco:34.15,41:Noah Hussein:38.17,42:Hugo Leroy:44.99,43:Hana Klein:38.34,44:Victor Khelifi:48.69,45:Gabriel Yamamoto:40.25,46:Valentine Davis:37.95,47:Camille Fahmi:44.17,48:David Esposito:39.23
3225,Metz,Dijon,26/04/2026,1400,1754,1:Sora Davis:19.12,2:Tristan Garnier:22.32,3:Sana Novak:19.62,4:Bilal Sokolov:23.48,5:Youssef Ziane:28.48,6:Brenda Bianchi:28.25,7:Baptiste Sanchez:25.23,8:Pablo Richard:16.46,9:Samira Ouattara:22.36,10:Thao Singh:23.48,11:Rose Perez:24.85,12:Juan Lefevre:22.55,13:Zane Durand:21.85,14:Zane Almeida:17.61,15:Miguel Diop:23.36,16:Alessio Lopez:23.51,17:Emi Park:28.14,18:Karim Sousa:28.11,19:Youssef Abebe:20.35,20:Aicha Robert:22.69,21:Fode Yamamoto:28.19,22:Willow Simon:19.28,23:Paul Pham:20.82,24:Alice Zhang:28.62,25:Sergei Rossi:25.33,26:Jian Fahmi:23.31,27:Sophie Clark:26.33,28:Emma Cisse:20.47,29:Rose Mohamed:21.63
5224,Tours,Perpignan,03/11/2026,0800,1835,1:Hugo Diallo:36.46,2:Farah Nkosi:41.06,3:Brenda Kovacs:52.77,4:Valentine Durand:45.79,5:Pablo Garcia:33.86,6:Samira Huang:56.12,7:Yara Rodrigues:44.61,8:Pierre Diop:57.46,9:Minh Schulz:40.60,10:Madison Torres:48.69,11:Driss Cisse:42.18,12:Miguel Pereira:33.03,13:Kwame Weber:44.01,14:Tristan Wang:41.70,15:Wei Leroy:46.40,16:Omar Martinez:49.41
2282,La Rochelle,Caen,28/12/2026,0645,1154,1:David Gomez:28.92,2:Imani Moussa:32.22,3:Sora Weber:31.30,4:Zola Clark:30.05,5:Mateo Brown:26.59,6:Driss Ziane:23.34,7:Ryo Chen:31.29,8:Carmen Simon:33.85,9:Rayan Garcia:36.82,10:Amine Gomez:32.13,11:Jian Martinez:30.60,12:Chen Yamamoto:26.99,13:Silas Smith:28.82,14:Silas Sylla:38.50,15:Maria Roux:30.54,16:Aicha Vidal:28.94,17:Noah Ramirez:33.38,18:Yara Moore:40.14,19:Chau Diop:34.27,20:Hana Garnier:35.63,21:Romain Gallo:30.42,22:Ryan Klein:24.94,23:Gabriel Muller:32.97,24:Lucas Fernandez:29.90,25:Jules Rizzo:32.04,26:Nour Brown:28.07,27:Orion Bernard:31.15,28:Sofia Esposito:32.04,29:Chau Kovacs:35.08,30:Driss Bernard:36.93,31:Willow Simon:39.08,32:Silas Sokolov:30.08
5470,La Rochelle,Grenoble,25/05/2026,0915,1608,1:Valentine Davis:48.06,2:Ulysse Morozov:43.89,3:Juan Miller:43.26,4:Kai Bianchi:37.42,5:Kenza Perez:41.45,6:Katya Bianchi:33.28,7:Kai Rodrigues:42.01,8:Yasmine Pereira:30.31,9:Karim Fahmi:42.41,10:Santiago Zimmermann:52.03,11:Taro Pham:39.65,12:Omar Martinez:37.70,13:Quentin Novak:44.12,14:Lea Conti:38.06,15:Olivia Kim:31.10,16:Chen Cherif:43.88,17:Nicolas Yamamoto:41.84,18:Gabriel Ouattara:38.66,19:Hana Klein:32.50,20:Corey Moreau:52.44,21:Chau Bianchi:31.62,22:Bilal Torres:37.62,23:Sergei Rossi:40.33,24:Youssef Doan:43.41,25:Arthur Garnier:51.94,26:Mateo Oliveira:32.00,27:Zola Cherif:38.10,28:Oceane Boudjema:43.91,29:Samira Sokolov:35.58,30:Kofi Williams:44.06,31:Jeanne Doan:34.74,32:Alessio Ziane:49.09,33:Yara Miller:32.56,34:Madison Moussa:36.25,35:Igor Popov:34.29,36:Oceane Vidal:49.87,37:Li Wilson:39.43,38:Jackson Diop:51.74,39:Amandine Fahmi:51.74,40:David Robert:37.58,41:Chau Wang:38.20
5030,Rouen,Nantes,16/07/2026,0945,1555,1:Thao Moreau:43.61,2:Lea Tran:41.95,3:Jackson Kim:44.50,4:Carmen Simon:41.37,5:Katya Singh:36.46,6:Kwame Brown:45.65,7:Orion Laurent:45.55,8:Margaux Ribeiro:37.19,9:Chloe Weber:49.61,10:Sophie Chung:43.48,11:Austin Greco:35.99
4033,Brest,Caen,28/04/2026,1500,2020,1:Oceane Vo:32.69,2:Lian Sokolov:30.89,3:Zane Cherif:24.76,4:Malika Suzuki:25.80,5:Manon Rizzo:41.31,6:Adrien Chung:27.73,7:Amine Dupont:23.69,8:Miguel Alves:26.65,9:Sora Russo:40.69,10:Sora Davis:24.05,11:Silas Simon:23.91,12:Oceane Gomez:28.25,13:Camille Chen:32.91,14:Amine Rossi:27.91,15:Quentin Fernandez:32.75,16:Mehdi Abebe:25.78,17:Amine Lefevre:28.35,18:Oceane Almeida:38.20,19:Amandine Ali:27.54,20:Juan Miller:24.36,21:Fiona Park:24.03,22:Igor Ali:34.47,23:Malika Robert:30.64,24:Santiago Perez:33.28,25:Baptiste Santos:28.06,26:Zoe Davis:41.41,27:Lucas Greco:31.68,28:Hana Garnier:39.57,29:Jason Ferrari:36.12,30:Mehdi Richard:41.56,31:Taro Zimmermann:34.91,32:Rayan Johnson:26.87
2476,Le Mans,Marseille,23/12/2026,1000,1832,1:Baptiste Richard:44.05,2:Tristan Popov:49.99,3:Igor Popov:52.81,4:Olivia Ivanov:46.56,5:Bilal Gallo:49.73,6:Pablo Richard:57.97,7:Sonia Greco:48.55,8:Silas Hussein:33.96,9:Isabella Durand:44.90,10:Jackson Kim:38.87,11:Skylar Richard:51.16,12:Minh Sato:49.27,13:Ethan Liu:39.59,14:Sora Silva:52.51,15:Karim Ouattara:49.07,16:Kwame Perez:42.54,17:Oceane Vo:36.33,18:Sofia Davis:36.42,19:Dmitri Wagner:42.82,20:Lian Sokolov:40.52,21:Zachary Moussa:34.97,22:Felix Garnier:43.05,23:Fode Khelifi:52.53,24:Chau Almeida:50.69,25:Chau Le:42.29,26:Sekou Bernard:54.84,27:Alessio Oliveira:40.73,28:Zachary Thomas:50.88,29:Youssef Ziane:40.85,30:Malika Brown:53.60,31:Wei Chung:54.80,32:David Clark:57.33,33:Kenji Russo:32.62,34:Lian Cruz:48.80
4558,Lille,Rennes,26/08/2026,2200,0328,1:Javier Leroy:41.67,2:Emi Wagner:31.72,3:Fode Dubois:32.59,4:Paul Leroy:39.81,5:Quentin Novak:27.65,6:David Clark:38.02,7:Liam Alves:40.89,8:Hassan Diallo:26.75,9:Akira Ferrari:41.18,10:Aicha Vidal:25.65,11:Sana Liu:35.30,12:Felix Lefevre:29.37,13:Leila Hussein:31.28,14:Awa Suzuki:37.60,15:Jules Cruz:27.15,16:Amine Lefevre:41.24,17:Farah Pereira:40.87,18:Igor Cisse:33.60,19:Madison Lee:26.88,20:Erica Sokolov:26.89,21:Manon Taylor:39.74,22:Fiona Doan:30.54,23:Maria Traore:33.55,24:Pierre Gallo:36.03,25:Fode Tran:24.76,26:Margaux Dupont:28.68,27:Malika Nguyen:32.73,28:Camille Morozov:38.78,29:Lea Weber:38.64,30:Yasmine Kuznetsov:30.27,31:Lea Sato:37.31,32:Rose Thomas:32.89,33:Orion Laurent:38.78,34:Ines Kovacs:26.35,35:Chloe Novak:25.12,36:Dmitri Silva:28.87,37:Daiki Moussa:35.46,38:Alice Doan:25.22,39:Leila Roux:29.07,40:Mei Tanaka:30.14,41:Sophie Gomez:39.36,42:Victor Singh:25.70,43:Corey Weber:37.56,44:Kenza Martinez:24.68,45:Zola Schmidt:31.33
9335,Montpellier,Strasbourg,28/09/2026,0815,1603,1:Dylan Petrov:48.37,2:Clement Lopez:37.47,3:Jason Ferrari:51.79,4:Clement Fournier:41.06,5:Felix Vidal:40.79,6:Ethan Durand:44.31,7:Kwame Khelifi:41.40,8:Paul Pereira:42.41,9:Chloe Kovacs:45.32,10:Eloise Fahmi:46.84,11:Minh Gomes:46.83,12:Alessio Ouattara:45.45,13:Katya Bianchi:34.85,14:Ulysse Johnson:38.30,15:Nicolas Ahmed:55.15,16:Ulysse Lopez:47.45,17:Alice Tanaka:44.30,18:Karim Fahmi:54.56,19:Kofi Williams:53.23,20:Malika Martin:50.99,21:Erica Tanaka:42.26,22:Margaux Diallo:51.24,23:Clement Moore:57.38,24:Amandine Perez:54.62,25:Kenza Ferrari:35.76,26:Mateo Novak:45.75,27:Olivia Lefevre:51.89,28:Alessio Boudjema:41.77,29:Oceane Almeida:48.78,30:Pablo Pereira:32.56,31:Liam Fernandez:57.38
7148,Nice,Clermont-Ferrand,05/05/2026,1315,2147,1:Alessio Lopez:43.70,2:Clement Fernandez:45.69,3:Celeste Nkosi:58.04,4:Clement Moore:36.38,5:Ines Schmidt:35.25,6:Thao Michel:33.95,7:Sofia Zhang:32.90,8:Eloise Moreau:57.21,9:Fiona Simon:39.39,10:Zane Johnson:40.76,11:Gabriel Fahmi:33.21,12:Emi Wagner:44.29,13:Sergei Vasiliev:42.25,14:Katya Tran:40.68,15:Sofia Klein:38.94,16:Theo Ferrari:51.55,17:Miguel Clark:58.13,18:Jian Martinez:40.35,19:Baptiste Sanchez:37.48,20:Mei Dupont:40.55,21:Akira Martin:48.99,22:Omar Doan:51.73,23:Thao Gallo:46.22,24:Youssef Doan:49.77,25:Maria Sylla:36.85,26:Sophie Schulz:55.90,27:Mateo Benali:39.49,28:Pablo Pereira:51.28,29:Kenza Fahmi:38.64,30:Ulysse Petrov:49.76
2348,Tours,Reims,28/03/2026,1545,2345,1:Emma Miller:51.11,2:Aicha Santos:48.47,3:Juan Morozov:52.90,4:Ricardo Liu:39.65,5:Aisha Sanchez:42.94,6:Theo Ferrari:53.71,7:Karim Faure:45.86,8:Alessio Boudjema:49.51,9:Pierre Cruz:47.60
6128,Caen,Toulouse,09/08/2026,1300,2053,1:Sophie Nguyen:34.06,2:Javier Kovacs:35.28,3:Jules Liu:37.82,4:Taylor Silva:47.02,5:Sergei Perez:41.74,6:Rayan Torres:46.17,7:Samira Khelifi:56.05,8:Kenza Chen:40.23,9::,10:Emma Cherif:56.86,11:Valentine Singh:56.10,12:Leila Zhang:44.22,13:Madison Moussa:33.34,14:Aki Ivanov:54.85,15:Nicolas Clark:41.65
3015,Strasbourg,Toulouse,28/06/2026,1800,0320,1:Imani Singh:56.07,2:Karim Novak:50.18,3:Igor Ali:47.04,4:Li Abebe:57.17,5:Simon Taylor:49.09,6:Nicolas Miller:55.67,7:Pablo Petrov:47.88,8:Kenza Martinez:47.60,9:Ines Pereira:56.89,10:Emi Johnson:34.91,11:Chloe Brown:37.67,12:Sergei Traore:49.41,13:Austin Doan:51.02,14:Brenda Zimmermann:54.31,15:Orion Russo:39.46,16:Karim Sousa:51.71,17:Driss Cruz:37.59,18:Fiona Simon:53.21,19:Mei Sanchez:45.58,20:Malika Vasiliev:47.24,21:Pablo Ziane:36.15,22:Nala Simon:32.51,23:Leila Taylor:52.66,24:Aisha Hussein:40.21,25:Clement Sato:56.53,26:Taylor Klein:33.79,27:Fode Tanaka:40.53,28:Sergei Dubois:34.78,29:Skylar Rossi:52.50,30:Miguel Diop:53.11,31:Margaux Dupont:40.93,32:Mehdi Conti:39.35,33:Simon Chen:41.54
7494,Clermont-Ferrand,Rennes,10/04/2026,2230,0526,1:Harper Sato:55.90,2:Silas Smith:48.53,3:Jackson Ferrari:37.44,4:Lucas Cherif:49.49,5:Hana Klein:53.96,6:Santiago Sanchez:39.09,7:Imani Laurent:37.64,8:Ethan Cisse:46.36,9:Manon Taylor:33.72,10:Thao Moreau:53.30,11:Sora Davis:51.76,12:Mei Nkosi:52.52,13:Baptiste Bianchi:38.30,14:Liam Khelifi:56.41,15:Lucia Huang:52.11,16:Kimberly Huang:52.59,17:Samira Wong:38.81,18:Mei Vidal:44.54,19:Fode Perez:44.03,20:Orion Lefevre:52.43,21:Theo Silva:36.65,22:Rose Vasiliev:38.17,23:Quentin Roux:49.03,24:Sophie Vidal:48.25,25:Paul Chen:36.93,26:Ryan Martin:46.97,27:Nicolas Clark:50.39,28:Olivia Kim:35.62,29:Madison Tran:45.30,30:Jeanne Fahmi:49.77,31:Austin Schmidt:55.00,32:Akira Chen:53.18,33:Nicolas Kowalski:52.19,34:Zachary Laurent:56.93,35:Miguel Sylla:57.47,36:Manon Lefevre:56.98,37:Hugo Dubois:38.72,38:Samira Bruno:34.97,39:Bjorn Moore:52.11,40:Igor Muller:41.66,41:Leila Pham:36.44,42:Willow Smith:40.76,43:Zoe Kowalski:48.86,44:Katya Schulz:36.04,45:Pablo Ziane:55.86,46:Manon Wong:42.60,47:Taylor Smith:33.26,48:Erica Singh:34.70,49:Alessio Gomes:36.84,50:Austin Haddad:46.85,51:Ryan Morozov:38.10
9328,Nantes,Rennes,09/02/2026,0845,1015,1:Chen Cherif:16.59,2:Miguel Schmidt:19.10,3:Clement Sato:19.78,4:Kimberly Abebe:14.42,5:Zane Cherif:14.38,6:Ulysse Dupont:18.06,7:Oceane Lee:17.66,8:Jeanne Taylor:22.39,9:Margaux Dupont:21.22,10:Hazel Ribeiro:20.88,11:Imani Alves:19.31,12:Skylar Ribeiro:12.77,13:Zoe Perez:20.78,14:Mehdi Gomez:12.81,15:Amandine Ribeiro:12.78,16:Maria Roux:15.87,17:Li Martinez:15.35,18:Isabella Lefevre:13.82,19:Jian Garcia:13.03,20:Amandine Moore:21.81,21:Fiona Miller:15.92,22:Daiki Clark:13.46,23:Aicha Kowalski:20.50,24:Imani Alves:18.70,25:Natalia Perez:20.62,26:Nicolas Ali:16.56,27:Miguel Sylla:18.31,28:Ines Schulz:14.34,29:Taylor Moore:16.30,30:Javier Kovacs:17.11,31:Fiona Petit:21.47
6834,Saint-Etienne,Perpignan,22/05/2026,1200,2000,1:Wei Ribeiro:49.05,2:Fode Fournier:56.81,3:Farah Russo:33.69,4:Harper Boudjema:56.17,5:Skylar Laurent:32.65,6:Manon Kim:57.76,7:Skylar Chung:46.39,8:Emi Rizzo:44.32,9:Willow Tanaka:34.88,10:Ulysse Wang:47.75,11:Lucia Simon:49.97,12:Celeste Lopez:54.78,13:Nala Moore:49.55,14:Javier Sato:41.68,15:Camille Moreau:45.84,16:Yara Wong:35.78,17:Skylar Almeida:47.12,18:Olivia Ivanov:39.53,19:Tristan Tran:38.35,20:Baptiste Santos:40.85,21:Alessio Silva:56.28,22:Sonia Dupont:42.95,23:Nicolas Ali:47.34,24:Harper Fahmi:34.69,25:Silas Brown:55.72,26:Akira Petit:51.94,27:Jeanne Wagner:40.67,28:Manon Gomes:46.90
8435,Limoges,Rouen,09/08/2026,1630,2157,1:Erica Lopez:25.58,2:Paul Cruz:42.34,3:Aicha Ziane:25.77,4:Ulysse Vidal:38.12,5:Gabriel Diop:27.50,6:Dmitri Bruno:33.11,7:Lucia Kuznetsov:28.40,8:Jules Miller:43.97,9:David Ferrari:29.70,10:Sergei Gallo:32.87,11:Louis Fernandez:44.03,12:Ryo Bruno:38.27,13:Simon Ahmed:36.62,14:Sara Rodrigues:38.89,15:Natalia Morozov:31.93,16:Kenza Ferrari:27.92,17:Lea Conti:42.81,18:Alice Vidal:38.52,19:Baptiste Sousa:40.67,20:Mei Diallo:26.35,21:Lucia Rodriguez:25.74,22:Olivia Tanaka:42.96,23:Kenza Chen:30.68,24:Oceane Boudjema:32.93,25:Harper Sato:28.70,26:Jeanne Tanaka:28.14,27:Sonia Greco:30.56,28:Sara Tran:30.22,29:Sora Esposito:33.42,30:Lucas Doan:31.51,31:Pierre Bruno:41.31,32:Emma Miller:37.60,33:Brenda Ouattara:29.83
8635,Lyon,Marseille,29/05/2026,0915,1421,1:Hana Silva:26.84,2:Santiago Ferrari:22.80,3:Romain Wong:31.60,4:Zola Cherif:29.56,5:Rose Yamamoto:32.67,6::,7:Malika Robert:27.64,8:Silas Brown:30.83,9:Amandine Johnson:29.10,10:David Santos:36.37,11:Aicha Laurent:23.39,12:Amine Rossi:32.32,13:Chloe Ferrari:21.58,14:Felix Schmidt:27.98,15:Malika Nguyen:,16:Santiago Khan:29.73,17:Clement Fournier:30.64,18:Leila Greco:34.97,19:Margaux Ribeiro:32.82,20:Farah Pereira:26.88,21:Omar Lopez:27.58,22:Tristan Ivanov:26.23,23:Lea Diallo:,24:Javier Sato:37.22,25:Adrien Laurent:,26:Isabella Dupont:,27:Taro Zimmermann:30.45,28:Clement Lopez:22.97,29:Taro Clark:,30:Malika Sousa:24.55,31:Hassan Klein:30.84,32:Sergei Ramirez:28.59,33:Ines Laurent:25.15
2767,Nantes,Limoges,15/08/2026,1630,2112,1:Pablo Richard:20.35,2:Sonia Diallo:32.25,3:Zoe Fahmi:23.21,4:Jackson Diop:21.58,5:Oceane Gomez:26.88,6:Orion Tran:24.65,7:Aicha Rizzo:22.03,8:Zachary Cisse:28.35,9:Chau Zimmermann:29.38,10:Manon Yamamoto:30.21,11:Noah Lopez:32.18,12:Rayan Johnson:20.09,13:Finn Johnson:25.43,14:Santiago Sanchez:27.49,15:Silas Leroy:27.41,16:Imani Singh:29.86,17:Sana Sousa:25.41,18:Javier Sato:25.27,19:Alessio Schulz:30.46,20:Sora Russo:35.43,21:Willow Cisse:32.55,22:Elena Richard:22.49,23:Sora Wagner:27.73,24:Hana Klein:24.98,25:Romain Haddad:22.66,26:Ines Kovacs:28.54,27:Silas Hussein:25.66,28:Sophie Vo:24.23,29:Rayan Novak:34.98,30:Paul Leroy:31.55,31:Willow Sokolov:33.77
5457,Toulouse,Brest,11/08/2026,2230,0840,1:Santiago Ferrari:57.05,2:Sara Cruz:52.34,3:Driss Chung:48.66,4:Ryo Simon:37.29,5:Akira Gomes:34.95,6:Pierre Garnier:52.12,7:Celeste Park:56.87,8:Santiago Perez:44.86,9:Karim Weber:40.35,10:Simon Nkosi:46.67,11:Javier Davis:52.30,12:Elena Zhang:55.44,13:Baptiste Wong:35.99,14:Yasmine Alves:52.73,15:Emi Wagner:37.53,16:Karim Novak:54.16,17:Ines Rodrigues:41.82,18:Santiago Khan:50.49,19:Mateo Huang:54.29,20:Mateo Vasiliev:54.89,21:Leila Greco:36.12,22:Felix Khan:54.10,23:Yumi Simon:38.26,24:Aicha Wang:57.85,25:Kwame Cherif:33.53,26:Aki Cisse:47.98,27:Lea Tran:40.97,28:Erica Mohamed:41.16,29:Romain Sylla:53.15,30:Skylar Richard:42.95
9076,Paris,La Rochelle,28/08/2026,1700,2346,1:Sofia Zhang:35.44,2:Natalia Davis:43.74,3:Kenza Davis:43.29,4:Zoe Fahmi:36.15,5:Aki Ivanov:35.94,6:Jason Cruz:35.59,7:Zachary Laurent:37.80,8:Nour Tran:32.10,9:Simon Garcia:37.18,10:Quentin Schulz:30.31,11:Zola Williams:38.62,12:Isabella Durand:49.09,13:Aisha Park:37.77,14:Aicha Rizzo:30.73,15:Lucia Ziane:34.44,16:Lucia Diop:39.97,17:Valentine Smith:48.29,18:Kofi Suzuki:45.62,19:Margaux Vasiliev:44.29,20:Manon Ouattara:47.60,21:Nour Wong:36.08,22:Mei Dubois:31.34,23:Sofia Ramirez:50.58,24:Aisha Ali:37.27,25:Mateo Wang:41.92,26:Celeste Boudjema:41.79,27:Baptiste Kuznetsov:40.74,28:Kenji Leroy:42.31,29:Silas Leroy:32.57,30:Tristan Tran:46.21,31:Silas Greco:38.39
9987,Nice,Brest,14/05/2026,0745,2310,1:Bilal Thomas:48.87,2:Eloise Weber:53.04,3:Kai Cisse:56.81,4:Bilal Torres:40.02,5:Ines Doan:58.23,6:Kai Martinez:56.45,7:Gabriel Cisse:45.20,8:Louis Moussa:33.10,9:Karim Faure:39.87,10:Lucia Ramirez:35.72,11:Farah Nkosi:53.56,12:Austin Wang:34.63,13:Willow Mohamed:44.89,14:Katya Schulz:50.15,15:Camille Tran:39.74,16:Jackson Ferrari:39.71,17:Thao Gallo:36.37,18:Sergei Ribeiro:53.35,19:Nour Popov:43.18,20:Hassan Gomez:33.94,21:Clement Lee:45.57,22:Daiki Wang:55.05,23:Igor Popov:46.65,24:Youssef Ramirez:50.75,25:Zola Torres:52.06,26:Harper Dupont:40.94,27:Ethan Cisse:42.93,28:Aisha Gallo:33.09,29:Sekou Fournier:36.23,30:Dmitri Silva:55.00,31:Sophie Clark:55.95,32:Chen Morozov:49.41,33:Mei Vidal:42.79,34:Ryo Michel:53.00,35:Jian Clark:56.91,36:Silas Hussein:35.37,37:Minh Rizzo:47.02,38:Manon Wong:53.65,39:Pierre Gallo:40.76,40:Hana Wagner:37.40,41:Miguel Schmidt:35.36,42:Dylan Rizzo:50.10,43:Carmen Faure:46.79,44:Chloe Wong:36.59,45:Celeste Bianchi:33.38,46:Eloise Sanchez:40.94,47:Nour Smith:46.14,48:Nour Brown:37.27,49:Jules Fernandez:33.77,50:Hugo Diallo:41.98,51:Theo Le:49.77,52:Sora Klein:36.55,53:Chau Diop:47.87,54:Oceane Bernard:50.17
5558,Nice,Saint-Etienne,23/05/2026,1500,2219,1:Aisha Haddad:36.96,2:Akira Ferrari:52.16,3:Jeanne Clark:37.08,4:David Santos:44.78,5:Alice Zhang:38.13,6:Lea Conti:43.60,7:Celeste Bianchi:40.65,8:Natalia Klein:44.40,9:Lian Traore:48.20,10:Eloise Sanchez:41.53,11:Natalia Perez:43.82,12:Emma Cherif:50.91,13:Nicolas Khelifi:57.95,14:Isabella Benali:45.71,15:Adrien Garnier:41.16,16:Eloise Moreau:58.32,17:Ryo Simon:50.80,18:Margaux Dupont:53.24,19:Leila Dupont:51.95,20:Malika Richard:48.15,21:Sonia Diallo:50.60,22:Silas Cherif:52.21,23:Minh Le:38.44,24:Fiona Petit:55.70,25:Fode Doan:51.44,26:Pierre Diallo:55.98,27:Mateo Schulz:40.79,28:Ryan Rossi:47.07,29:Natalia Lefevre:43.69,30:Zola Smith:45.99,31:Karim Haddad:37.33,32:Lucas Simon:40.96,33:Austin Santos:47.93,34:Rayan Robert:49.15,35:Ryan Rossi:36.50,36:Emi Nkosi:50.22,37:Sekou Ziane:38.19,38:Malika Martin:34.24,39:Eloise Wilson:49.11,40:Madison Tran:36.40,41:Taro Wang:53.12,42:Baptiste Wong:51.99,43:Elsa Kuznetsov:47.06,44:Orion Russo:56.13,45:Brenda Simon:58.34,46:Camille Pereira:39.31,47:Yasmine Nguyen:37.75,48:Emi Lee:52.39,49:Zoe Greco:55.42
7913,Toulouse,Brest,18/07/2026,1945,0438,1:Bjorn Tran:47.71,2:Jeanne Haddad:40.17,3:Driss Williams:45.02,4:Austin Liu:34.88,5:Sergei Sokolov:56.85,6:Farah Rizzo:57.71,7:Oceane Greco:38.27,8:Yasmine Alves:41.59,9:Zachary Wong:52.74,10:Zoe Oliveira:44.16,11:Jian Diop:43.99,12:Nour Rodrigues:36.33,13:Zane Lee:56.36,14:Pierre Liu:42.74,15:David Faure:43.18,16:Rayan Davis:54.21,17:Willow Tanaka:49.89,18:Elsa Greco:40.21,19:Celeste Ramirez:52.03,20:Pierre Garnier:45.29,21:Baptiste Ribeiro:37.23,22:Ulysse Park:46.82,23:David Rizzo:37.24,24:Elena Diop:54.01,25:Youssef Schmidt:35.28,26:Sonia Huang:38.27,27:Emi Park:42.68,28:Clement Esposito:50.97,29:Dmitri Wagner:56.79,30:Rose Sato:36.92,31:Madison Sylla:38.88,32:Driss Chung:35.61,33:Leila Kuznetsov:37.79,34:Driss Nguyen:35.20,35:Wei Schulz:38.95,36:Farah Nkosi:49.94,37:Felix Suzuki:36.02,38:Igor Muller:53.19,39:Jules Rizzo:57.73,40:Lucas Greco:54.83,41:Akira Gomes:49.24,42:Aki Ivanov:56.47,43:Ricardo Liu:51.12
9166,La Rochelle,Brest,07/05/2026,1715,2227,1:Alessio Alves:25.90,2:Simon Vidal:40.73,3:Leila Rizzo:26.16,4:Lucia Diop:28.70,5:Yara Doan:38.69,6:Celeste Chung:31.72,7:Taylor Klein:24.39,8:Lian Lee:41.32,9:Hassan Diallo:30.87,10:Harper Ribeiro:26.18,11:Simon Chen:36.32,12:Zoe Dubois:35.91,13:Manon Clark:39.42,14:Silas Martin:39.55,15:Chen Robert:27.68,16:Simon Le:26.07,17:Jules Martin:25.20,18:Driss Chung:27.51,19:Madison Torres:25.34,20:Carmen Bruno:35.91,21:Austin Moussa:39.02,22:Jeanne Doan:42.31,23:Ethan Smith:43.20,24:Jackson Diop:25.25,25:Amandine Cisse:28.66,26:Pablo Garcia:28.68,27:Nala Fournier:32.63,28:Kenza Chen:40.89,29:Amandine Ziane:36.48,30:Brenda Dubois:27.53,31:Elena Oliveira:43.14,32:Ethan Durand:29.83,33:Jian Fahmi:27.15
7159,La Rochelle,Metz,27/07/2026,1930,,1:Samira Huang:35.90,2:Ryan Rodriguez:56.09,3:Chloe Kovacs:49.86,4:Amandine Johnson:37.59,5:Sara Martinez:36.06,6:Mei Dubois:45.52,7:Elena Conti:55.57,8:Baptiste Alves:56.05,9:Mehdi Abebe:56.08,10:Bilal Ali:44.95,11:Nour Smith:49.26,12:Bilal Mohamed:54.57,13:Hugo Diallo:55.81,14:Kenji Zimmermann:53.09,15:Camille Alves:40.43,16:Chen Pereira:35.19,17:Sana Liu:53.32,18:Chau Huang:41.10
5914,Caen,Bordeaux,02/08/2026,1945,0101,1::,2:Arthur Khan:25.71,3:Hazel Khan:23.62,4:Juan Morozov:24.39,5:Margaux Chen:34.67,6:Brenda Kovacs:37.42,7:Fiona Vidal:37.24,8:Gabriel Diop:25.87,9:Isabella Le:26.16,10:Quentin Chung:25.37,11:Elsa Perez:22.11,12:Gabriel Sanchez:33.19,13::,14:Noah Schulz:29.63,15:Yara Brown:26.71,16:Emma Almeida:34.63,17:Lucas Cherif:36.05,18::,19:Samira Wong:31.65,20:Baptiste Rossi:34.42,21:Clement Fournier:,22:Maria Rodriguez:37.38,23:Akira Park:37.44,24::,25:Manon Clark:35.60,26:Noah Hussein:25.93,27:Nour Rodrigues:32.11,28:Jian Zimmermann:29.75,29:Yasmine Zhang:24.41,30:Zola Johnson:23.73,31:Manon Perez:33.44,32:Oceane Vo:29.43,33:Mei Kovacs:24.56
9595,Tours,Rennes,19/08/2026,1600,2000,1:Manon Perez:27.56,2:Zachary Thomas:27.51,3:Quentin Fernandez:24.74,4:Manon Moreau:22.31,5:Willow Vo:27.80,6:Sekou Hussein:21.28,7:Mateo Fernandez:27.97,8:Amandine Fahmi:28.61,9:Alessio Lopez:29.41,10:Sophie Tran:28.99,11:Aki Muller:19.79,12:Finn Diallo:19.48,13:Sonia Ahmed:29.28,14:Ulysse Schulz:26.36,15:Wei Haddad:23.15,16:Javier Kovacs:26.87,17:Nicolas Ahmed:25.84,18:Olivia Weber:22.80,19:Mehdi Bernard:29.34
3539,La Rochelle,Rennes,23/08/2026,1030,1510,1:Ethan Durand:29.01,2:Madison Santos:23.76,3:Sofia Zhang:34.57,4:Igor Park:38.49,5:Harper Cisse:35.89,6:Sergei Sokolov:22.97,7:Hassan Pham:39.12,8:Lea Wilson:34.84,9:Dylan Rizzo:32.01,10:Chen Ziane:22.99,11:Baptiste Pham:25.85,12:Kenza Perez:31.82,13:Lian Lee:22.30,14:Igor Moussa:25.89,15:Sana Novak:28.60,16:Lucas Diop:29.13,17:Noah Hussein:39.35,18:Awa Klein:30.57,19:Nour Tran:32.33,20:Alice Torres:38.29,21:Wei Ribeiro:33.59,22:Zola Smith:30.77,23:Akira Petit:34.14,24:Omar Liu:25.02,25:Elsa Perez:32.22,26:Sergei Ramirez:31.70,27:Ines Dubois:32.73,28:Aisha Ali:29.60,29:Sergei Ribeiro:28.93,30:Jian Clark:33.42
7856,Caen,Bordeaux,18/12/2026,1215,1742,1:Dylan Perez:29.28,2:Chloe Durand:22.77,3:Pablo Ndiaye:37.71,4:Arthur Wong:29.14,5:Brenda Rizzo:31.85,6:Hassan Brown:28.86,7:Kofi Suzuki:22.89,8:Mateo Fernandez:27.97,9:Quentin Nkosi:25.58,10:Lea Leroy:23.90,11:Theo Sousa:22.48,12:Hassan Kowalski:24.90,13:Samira Huang:26.62,14:Igor Cisse:23.66,15:Margaux Schmidt:36.12,16:Harper Fahmi:32.30,17:Ulysse Johnson:32.98,18:Camille Santos:32.77,19:Isabella Nkosi:37.79,20:Olivia Kuznetsov:25.59,21:Silas Sylla:35.13,22:Hassan Klein:34.59,23:Ulysse Torres:26.62,24:Jason Traore:26.32,25:Isabella Durand:40.02,26:Hazel Fournier:24.14,27:Nicolas Gomes:28.09,28:Bjorn Esposito:37.68
6020,Brest,Paris,18/12/2026,2215,0728,1:Sofia Klein:44.50,2:Miguel Diop:47.07,3:Brenda Ouattara:43.04,4:Igor Popov:48.92,5:Omar Ouattara:47.75,6:Madison Sylla:33.90,7:Valentine Clark:50.63,8:Nour Rodrigues:54.36,9:Sekou Haddad:48.27,10:Taylor Klein:44.34,11:David Santos:37.43,12:Skylar Chung:33.03,13:Nour Popov:43.66,14:Nicolas Gomes:36.68,15:Pierre Thomas:39.20,16:Felix Garnier:44.10,17:Samira Wong:53.20,18:Manon Dubois:53.89,19:Yumi Sanchez:46.87,20:Youssef Lopez:42.51,21:Dylan Petrov:39.64,22:Tristan Tran:40.62,23:Zane Zhang:40.44,24:Akira Ferrari:45.46,25:Natalia Muller:45.65,26:Tristan Durand:38.51,27:Imani Kuznetsov:49.01,28:Clement Kuznetsov:49.32,29:Eloise Wilson:49.39,30:Bilal Ali:45.41,31:Elsa Martin:38.64,32:Manon Zimmermann:49.60,33:Ethan Brown:37.29,34:Noah Hussein:46.20,35:Sofia Kovacs:47.70,36:Zane Johnson:40.86,37:Orion Faure:51.46,38:Tristan Haddad:56.04,39:Madison Kowalski:48.06,40:Orion Pereira:55.58,41:Nour Sousa:33.19,42:Sofia Zhang:40.58,43:Ines Kovacs:41.96,44:Jeanne Fahmi:44.26,45:Aki Diop:48.81,46:Samira Petit:42.09,47:Santiago Miller:34.25,48:Sonia Ahmed:51.36,49:Paul Leroy:58.22
6580,Strasbourg,Angers,01/12/2026,1030,2047,1:Lucia Klein:45.25,2:Rayan Davis:55.13,3:Harper Ferrari:55.60,4:Chloe Fernandez:42.05,5:Arthur Sousa:36.12,6:Kai Roux:44.30,7:Erica Abebe:39.45,8:Jeanne Petit:40.84,9:Yumi Russo:36.51,10:Orion Laurent:40.78,11:Thao Lee:44.22,12:Margaux Dupont:55.35,13:Zoe Vidal:53.03,14:Silas Leroy:34.90,15:Karim Sanchez:51.53,16:Jackson Sanchez:53.79,17:Felix Schmidt:36.57,18:Mehdi Abebe:45.32,19:Nour Wong:41.04,20:Madison Zhang:44.97,21:Zachary Laurent:53.61,22:Hazel Brown:38.70,23:Bjorn Richard:41.07,24:Isabella Park:53.13,25:Zane Bernard:32.61,26:Akira Chen:44.43,27:Paul Ahmed:37.02,28:Mehdi Conti:56.88,29:Hana Ali:43.06,30:Alessio Haddad:57.18,31:Pablo Martinez:37.46,32:Juan Morozov:53.38
5655,Nantes,Bordeaux,21/10/2026,2030,0016,1:Rayan Novak:23.88,2:Olivia Morozov:22.65,3:Orion Zhang:27.68,4:Juan Sokolov:19.44,5:Chau Le:17.80,6:Paul Pereira:27.56,7:Alessio Wong:22.63,8:Igor Cherif:18.46,9:Mateo Laurent:16.90,10:Zola Schmidt:27.64,11:Natalia Wong:19.84,12:Manon Yamamoto:27.46,13:Camille Diallo:20.31,14:Corey Laurent:17.63,15:Celeste Bianchi:24.97,16:Daiki Singh:23.93,17:Ethan Bianchi:24.81,18:Leila Taylor:21.23,19:Aki Ribeiro:28.25,20:Adrien Moore:25.92,21:Ryan Sanchez:20.11,22:Pierre Doan:17.62,23:Pablo Pereira:23.72,24:Zola Martin:27.44,25:Miguel Yamamoto:19.67,26:Zoe Davis:22.06,27:Kenji Clark:25.15
8545,Limoges,Montpellier,04/10/2026,1745,2307,1:Santiago Miller:43.98,2:Sara Ferrari:41.25,3:Kenza Martinez:41.76,4:Ulysse Kovacs:34.25,5:Jeanne Petrov:37.30,6:Celeste Ramirez:33.31,7:David Bruno:35.22,8:Mehdi Wilson:44.77,9:Mei Liu:41.56,10:Sofia Chen:34.43,11:Olivia Sousa:36.51,12:Yasmine Alves:43.43,13:Zoe Ali:39.32,14:Eloise Weber:37.75,15:Yumi Wang:33.74,16:Jules Bernard:40.04,17:Sonia Kim:37.83,18:Imani Zhang:39.45,19:Louis Sanchez:36.75,20:Bjorn Pereira:36.60,21:Hugo Tran:27.53,22:Willow Sokolov:39.53,23:Valentine Bianchi:30.91,24:Natalia Durand:36.52,25:Lian Oliveira:40.00,26:Katya Yamamoto:28.04,27:Driss Chung:29.45,28:Pablo Clark:31.45,29:Zoe Rodrigues:28.38,30:Kai Michel:34.33
4568,Paris,Tours,01/09/2026,2045,0111,1:Miguel Sylla:34.81,2:Simon Fernandez:31.72,3:Zachary Laurent:26.77,4:Olivia Weber:22.81,5:Kimberly Schmidt:37.27,6:Farah Pereira:30.72,7:Hana Williams:35.99,8:Juan Sokolov:35.22,9:Hazel Khan:26.03,10:Ethan Zhang:31.02,11:Louis Fernandez:37.78,12:Harper Nkosi:25.64,13:Aki Rodriguez:25.47,14:Paul Leroy:32.81,15:Theo Tanaka:35.35
6827,Tours,La Rochelle,28/04/2026,2000,0136,1:Olivia Thomas:43.02,2:Erica Tanaka:28.87,3:Samira Rossi:27.02,4:Willow Ramirez:36.71,5:Ulysse Weber:32.08,6:Willow Popov:29.66,7:Aicha Laurent:34.25,8:Alessio Lopez:37.56,9:Sophie Nguyen:38.99,10:Tristan Moreau:45.55,11:Sophie Ali:40.42,12:Ryo Hussein:27.35
9996,Montpellier,Clermont-Ferrand,19/05/2026,1015,1442,1::,2:Zane Johnson:29.88,3:Imani Nkosi:38.10,4:Quentin Chen:29.54,5:Daiki Kim:30.35,6::,7:Quentin Schulz:31.86,8:Eloise Boudjema:29.42,9::,10:Kai Doan:34.02
7160,Bordeaux,Clermont-Ferrand,19/05/2026,1330,2041,1:Sora Garnier:47.20,2:Zoe Vidal:56.29,3:Farah Almeida:49.66,4::,5:Brenda Kovacs:34.20,6:Finn Diallo:33.11,7:Simon Garnier:36.72,8:Jeanne Doan:50.43,9:Sara Petit:34.96,10:Sofia Chen:34.85,11:Erica Sanchez:51.94,12:Ulysse Laurent:52.09,13:Sekou Bianchi:51.21,14:Nicolas Clark:47.82,15:Amandine Chung:37.64,16::,17:Kai Cisse:52.89,18:Leila Greco:42.05,19:Rose Vasiliev:55.00,20:Karim Zhang:52.51,21::,22:Juan Greco:39.73,23:Baptiste Ribeiro:48.01,24:Imani Chung:52.22,25:Bilal Ivanov:54.19,26:Maria Rodriguez:54.14,27:Amandine Fahmi:38.23,28:Erica Tanaka:35.19,29:Arthur Gomes:47.28
4145,Reims,Toulouse,06/02/2026,1145,1959,1:Jason Mohamed:54.44,2:Rayan Robert:57.82,3:Kofi Khan:56.73,4:Tristan Santos:33.37,5:Kai Martinez:48.74,6:Yara Doan:49.62,7:Dylan Popov:34.81,8:Samira Wong:48.68,9:Ulysse Park:55.04,10:Celeste Fournier:33.18,11::
9159,Angers,Clermont-Ferrand,15/06/2026,1130,1628,1:Olivia Pereira:32.95,2:Simon Moore:38.20,3:Taro Wang:28.78,4::,5:Mateo Huang:35.21,6:Lucia Diop:33.71,7:Finn Wilson:28.97,8:Nala Garnier:32.73,9:Lucia Mohamed:35.04,10:Li Kowalski:33.74,11:Kenji Boudjema:37.38,12:Louis Moussa:27.69,13::,14:Sonia Kovacs:40.16,15::,16:Mehdi Richard:,17:Fode Fournier:39.71,18:Quentin Wilson:27.98,19:Yumi Simon:31.93,20:Hassan Bruno:30.29,21:Skylar Laurent:22.52,22::,23:Celeste Taylor:33.67,24:Felix Muller:23.07,25:Awa Schmidt:,26:Ricardo Cisse:37.74,27:Juan Lefevre:38.32,28:Leila Doan:,29:Manon Wagner:38.94,30:Amine Lefevre:33.33,31:Willow Simon:
9699,Metz,Nantes,25/05/2026,0800,1819,1:Simon Le:39.17,2:Erica Sanchez:34.99,3:Alessio Ziane:49.08,4:Juan Sokolov:57.19,5:Aki Ribeiro:55.30,6:Zachary Traore:51.39,7:Mehdi Abebe:42.61,8:Nala Fournier:54.16,9:Hugo Fahmi:44.14,10:Leila Greco:54.76,11:Kofi Suzuki:38.92,12:Dmitri Russo:53.71,13:Clement Sato:51.09,14:Chloe Smith:56.96,15:Clement Fournier:57.16,16:Lucas Singh:44.25,17:Corey Faure:48.28,18:Simon Garnier:37.09,19:Lucas Almeida:52.33,20:Austin Moussa:52.76,21:Kwame Perez:52.86,22:Valentine Khelifi:47.61,23:Lucas Khelifi:32.56,24:Ulysse Laurent:39.37,25:Zachary Moussa:55.75,26:Fode Diallo:47.34,27:David Fernandez:39.73,28:Zola Smith:52.37,29:Lian Le:45.16,30:Ryo Esposito:57.35,31:Paul Pham:46.42,32:Akira Chen:53.36,33:Corey Lefevre:49.81,34:Isabella Benali:37.39
5859,Tours,Nice,18/02/2026,2100,0813,1:Sekou Fournier:51.41,2:Zoe Kowalski:39.73,3:Ryo Perez:53.76,4:Silas Moussa:37.52,5:Natalia Weber:51.87,6:Rose Miller:45.11,7:Sergei Dubois:51.56,8:Katya Santos:36.50,9:Natalia Morozov:54.70,10:Victor Tran:41.24,11:Jason Wang:36.03,12:Orion Laurent:48.51,13:Louis Zimmermann:55.27,14:Amandine Fahmi:42.65,15:Minh Chen:46.41,16:Sana Zhang:58.10,17:Dylan Rizzo:56.77,18:Nicolas Wong:35.73,19:Youssef Schmidt:42.53,20:Willow Simon:52.54,21:Finn Miller:49.11,22:Clement Lopez:50.61,23:Louis Clark:42.61,24:Minh Schulz:41.06,25:Emma Miller:53.88,26:Paul Pereira:41.15,27:Camille Tran:47.64,28:Nour Smith:48.95,29:Ricardo Martinez:35.34,30:Sara Petit:47.48,31:Daiki Gomez:34.81
6750,Rouen,Nantes,16/05/2026,,1748,1:Sofia Diop:34.97,2:Rayan Singh:24.49,3:Bilal Gallo:22.25,4:Brenda Kovacs:34.66,5:Louis Singh:37.99,6:Silas Leroy:33.85,7:Sara Rodrigues:24.45,8:Sonia Bernard:35.75,9:Ulysse Torres:33.67,10:Santiago Zimmermann:30.29,11:Mehdi Sato:32.93,12:Zola Le:26.99,13:Alice Garnier:23.22,14:Lucia Weber:34.90,15:Lucia Kuznetsov:29.20,16:Li Schmidt:34.26,17:Mateo Fernandez:22.14,18:Ulysse Lopez:23.51,19:Sekou Santos:29.74,20:Elena Liu:22.15,21:Omar Singh:33.70,22:Rayan Torres:35.85,23:Alessio Schulz:35.08,24:Kwame Perez:25.85,25:Kai Bianchi:35.14,26:Farah Wilson:30.29,27:Margaux Garnier:33.15,28:Awa Sato:31.01,29:Jules Fernandez:27.38,30:Fode Park:22.28,31:Jeanne Russo:27.20,32:Elena Conti:34.32
1182,Rennes,Strasbourg,26/11/2026,2200,1039,1:Jason Khelifi:42.26,2:Pablo Garcia:50.60,3:Harper Vasiliev:57.80,4:Valentine Chung:40.08,5:Elsa Greco:34.65,6:Sara Cruz:56.86,7:Sana Martin:54.23,8:Alessio Schmidt:33.96,9:Willow Simon:39.41,10:Sofia Diop:54.86
6545,Le Mans,Dijon,11/02/2026,1700,2324,1::,2:Mei Dupont:30.00,3:Farah Nkosi:42.02,4:Baptiste Alves:28.34,5:Katya Lee:42.49,6:Juan Tran:34.87,7:Romain Lopez:42.85,8:Clement Lopez:26.59,9:Sofia Wang:37.84,10:Pierre Ribeiro:34.15,11:Zane Morozov:,12:Karim Zhang:31.16,13:Ryan Sokolov:33.25,14:Rayan Conti:34.21,15:Sofia Lee:28.78,16::,17:Carmen Bruno:46.32,18:Nala Esposito:37.76,19:Madison Zhang:36.87,20:Sonia Kim:37.49,21:Kenza Chen:29.12,22:Paul Pereira:,23:Willow Traore:27.73,24:David Le:36.01,25:Manon Gomes:28.50,26:Quentin Santos:28.73
1235,Bordeaux,Perpignan,02/08/2026,1500,0017,1:Leila Rizzo:47.05,2:Amine Durand:48.71,3:Zoe Huang:53.34,4:Austin Wang:51.92,5:Carmen Fernandez:48.54,6:Imani Ali:49.20,7:Emma Pham:42.95,8:Sara Petit:49.76,9:Dylan Popov:46.50,10:Hana Klein:34.51,11:Noah Conti:57.29,12:Baptiste Schmidt:53.58,13:Romain Sylla:56.87,14:Kenza Weber:39.96,15:Javier Schmidt:32.64,16:Zola Torres:41.44
2706,Saint-Etienne,Strasbourg,25/05/2026,1145,1755,1:Ricardo Cruz:42.13,2:Taylor Wong:30.39,3:Sonia Greco:29.46,4:Sofia Suzuki:39.79,5:Sofia Ramirez:40.80,6:Simon Nkosi:28.30,7:Quentin Fernandez:45.72,8:Zola Torres:45.43,9:Elsa Garnier:35.75,10:Noah Schulz:38.18,11:Mateo Fernandez:35.51,12:Baptiste Rossi:37.09,13:Yara Clark:33.40,14:Felix Yamamoto:29.15,15:Willow Smith:40.39,16:Lucas Singh:26.14,17:Camille Rizzo:27.59,18:Sergei Rossi:45.20,19:Rayan Rodriguez:37.21,20:Samira Russo:43.76,21:Amine Novak:32.98,22:Hana Ali:26.30,23:Taro Wilson:45.77,24:Fode Dubois:37.52,25:Hugo Leroy:30.87,26:Ulysse Vo:27.80
9042,Montpellier,Le Mans,21/10/2026,1445,2223,1:Madison Kowalski:36.83,2:Sergei Boudjema:47.69,3:Ethan Dupont:44.03,4:Bilal Thomas:34.23,5:Skylar Popov:41.45,6:Yara Laurent:33.26,7:Rayan Perez:44.17,8:Gabriel Diop:39.92,9:Juan Lopez:56.36,10:Thao Khan:42.62,11:Aki Huang:41.44,12:Kai Doan:50.62,13:Baptiste Roux:47.12,14:Rose Moussa:44.28,15:Fode Doan:39.28,16:Ryan Benali:36.70,17:Malika Moore:52.02,18:Oceane Kuznetsov:41.20,19:Awa Suzuki:43.43,20:Willow Taylor:56.07,21:Adrien Santos:34.52,22:Daiki Moussa:56.50,23:Hazel Brown:34.19,24:Zoe Dubois:53.26,25:Awa Sato:53.20,26:Zachary Wong:41.28,27:Eloise Moreau:43.44
8457,Le Mans,Dijon,10/10/2026,0745,1458,1:Youssef Ziane:45.88,2:Aki Novak:49.62,3:Nicolas Kowalski:35.58,4:Zane Zhang:34.32,5:Quentin Chung:56.93,6:Alessio Haddad:50.20,7:Mehdi Abebe:51.14,8:Sara Schmidt:49.48,9:Hassan Russo:54.11,10:Valentine Ferrari:46.11,11:Pablo Petrov:54.85,12:Felix Schmidt:48.18,13:Ethan Torres:50.00,14:Nour Rodrigues:50.52,15:Victor Diop:52.41,16:Akira Fournier:37.94,17:Manon Novak:45.41,18:Yara Wong:43.58,19:Lucia Ramirez:52.21,20:Hugo Diallo:35.53,21:Driss Cisse:43.91,22:Sofia Kovacs:56.50
3467,Angers,Brest,19/11/2026,0915,1234,1:Eloise Suzuki:29.72,2:Ricardo Rodriguez:20.18,3:Taylor Moore:22.18,4:Imani Laurent:18.87,5:Lucia Kovacs:26.35,6:Imani Ali:23.44,7:Taro Doan:29.64,8:Jackson Sanchez:24.51,9:Ethan Bianchi:19.20,10:Hugo Miller:27.68,11:Santiago Perez:22.50,12:Driss Dupont:23.76,13:Li Schmidt:27.99,14:Hazel Laurent:19.99,15:Jian Clark:18.18,16:Imani Rizzo:18.88,17:Zachary Cisse:22.12,18:Wei Lee:26.51,19:Katya Santos:26.86,20:Jeanne Kuznetsov:25.15,21:Sora Durand:20.69,22:Rayan Rodriguez:19.80,23:Dmitri Vidal:16.84,24:Akira Petit:28.57,25:Isabella Benali:24.41,26:Amandine Chung:27.63,27:Harper Kuznetsov:22.51,28:Dmitri Silva:17.48,29:Hugo Ribeiro:20.40,30:Elena Sousa:19.51,31:Sana Martin:26.92,32:Sora Davis:25.20
5063,Strasbourg,Saint-Etienne,20/07/2026,1230,1909,1:Baptiste Santos:40.79,2:Natalia Morozov:30.60,3:Clement Fournier:36.03,4:Jeanne Moreau:30.63,5:Katya Ahmed:45.04,6:Erica Tanaka:32.81,7:Jeanne Fahmi:39.23,8:Mei Ali:42.50,9:Alessio Boudjema:47.81,10:Maria Durand:30.90,11:Hazel Fournier:42.36,12:Sofia Davis:46.67,13:Dylan Rizzo:39.36,14:Sofia Thomas:34.95,15:Noah Vo:47.12,16:Yumi Wilson:38.25,17:Driss Thomas:50.52,18:Zoe Diallo:32.47,19:Tristan Diop:47.62,20:Santiago Ferrari:37.22,21:Madison Tanaka:35.20,22:Rose Mohamed:32.74,23:Jeanne Clark:39.93,24:Yumi Liu:52.19,25:Daiki Singh:39.46,26:Zoe Kowalski:35.94,27:Kenza Fahmi:52.95,28:Ryan Morozov:46.31,29:Zachary Traore:30.75
1043,Clermont-Ferrand,Angers,14/10/2026,1930,0123,1:Finn Kowalski:36.12,2:Valentine Chung:41.20,3:Louis Sanchez:32.84,4:Imani Rodriguez:29.08,5:Sophie Ali:33.99,6:Felix Tanaka:47.46,7:Manon Zimmermann:48.03,8:Silas Davis:49.32,9:Camille Diallo:46.07,10:Isabella Durand:39.28,11:Finn Vo:31.99,12:Imani Laurent:43.43,13:Miguel Dupont:31.86,14:Javier Brown:28.97,15:Arthur Gomes:34.13,16:Rayan Robert:29.83,17:Gabriel Diop:30.33,18:Aicha Ziane:28.77,19:Celeste Park:38.06,20:Isabella Durand:36.80,21:Lucas Novak:30.93,22:Mateo Kuznetsov:43.76,23:Taylor Cruz:41.73,24:Samira Wong:39.23,25:Driss Cruz:48.29,26:Amandine Ribeiro:47.90,27:Jian Martinez:36.12,28:Jules Liu:32.34,29:Silas Cherif:31.10,30:Bjorn Torres:45.28
2356,Limoges,Angers,24/11/2026,1600,1950,1:Aicha Rizzo:17.89,2:Amandine Ali:16.82,3:Youssef Doan:18.08,4:Jules Bruno:17.31,5:Margaux Dupont:16.43,6:Zoe Diallo:21.31,7:Rose Sato:26.68,8:Silas Novak:23.76,9:Kenza Weber:18.52,10:Wei Leroy:26.87,11:Imani Ahmed:19.64,12:Carmen Miller:19.30,13:Nala Le:21.09,14:Emma Conti:19.26,15:Katya Santos:23.49,16:Ricardo Cisse:17.69,17:Sofia Ramirez:20.08,18:Lucia Kovacs:16.34,19:Yara Hussein:25.58,20:Chau Weber:18.33,21:Sergei Vasiliev:17.37,22:Oceane Vidal:28.19,23:Silas Le:21.93,24:Isabella Lefevre:16.39,25:Romain Gallo:24.13,26:Simon Wilson:17.37,27:Jeanne Moreau:19.09
3870,La Rochelle,Tours,17/06/2026,0745,1326,1:Romain Zimmermann:43.52,2:Amine Durand:29.79,3:Amandine Ribeiro:42.95,4:Rayan Rodriguez:41.29,5:Manon Nkosi:36.78,6:Clement Lopez:32.29,7:Isabella Clark:35.28,8:Silas Ziane:41.16,9:Harper Ribeiro:27.54,10:Isabella Lefevre:31.79,11:Leila Wilson:26.75,12:Madison Santos:36.93,13:Isabella Durand:34.52,14:Akira Chen:36.01,15:Elena Russo:43.60,16:Fode Yamamoto:38.64,17:Emma Brown:44.33,18:Ulysse Nguyen:31.44,19:Alessio Alves:45.46,20:Chen Muller:37.60,21:Victor Nkosi:36.49,22:Madison Tanaka:30.58,23:Zachary Zimmermann:26.99,24:Mateo Kuznetsov:35.59,25:Felix Wagner:33.46,26:Nicolas Kowalski:46.60,27:Imani Fournier:33.14,28:Zola Greco:27.82,29:Maria Tran:29.17,30:Olivia Thomas:36.45,31:Kai Bianchi:38.05,32:David Simon:41.55,33:Jeanne Smith:34.34,34:Orion Pereira:28.05,35:Theo Schmidt:29.82,36:Camille Santos:42.74,37:Isabella Durand:37.84,38:Sana Lefevre:39.61,39:Hazel Brown:46.40,40:Erica Mohamed:29.86,41:Igor Park:30.54,42:Quentin Fernandez:38.95,43:Willow Simon:27.35,44:Silas Brown:36.20,45:Samira Khelifi:29.45,46:Manon Perez:38.21
1435,Saint-Etienne,Le Mans,21/06/2026,1830,2333,1:Chen Muller:25.84,2:Sara Rodrigues:22.52,3:Akira Gomes:26.73,4:Sora Davis:38.99,5:Eloise Moreau:35.11,6:Aicha Muller:24.77,7:Chloe Morozov:24.72,8:Noah Tanaka:29.78,9:Zoe Oliveira:36.49,10:Finn Russo:37.31,11:Chau Diop:27.26,12:Victor Nkosi:29.03,13:Aisha Park:34.52,14:Nala Esposito:22.99,15:Bjorn Thomas:22.76,16:Celeste Ramirez:30.08,17:Sonia Tran:35.44,18:Jeanne Ahmed:29.56,19:Li Gomez:26.82,20:Taro Greco:34.90,21:Oceane Bernard:30.79,22:Kenji Weber:31.40,23:Bjorn Greco:39.33,24:Taro Wilson:23.75,25:Austin Greco:23.14,26:Kai Ahmed:23.24,27:Bilal Kovacs:37.05,28:Lian Cruz:38.90,29:Malika Martin:37.60,30:Jules Bruno:30.26,31:Santiago Khan:30.24,32:Rose Vasiliev:35.99,33:Igor Moussa:37.08,34:Awa Cisse:23.24,35:Javier Sato:24.81,36:Isabella Popov:36.35,37:Bjorn Gallo:32.22,38:Zane Durand:30.19
8492,Toulouse,Rouen,03/02/2026,1830,0330,1:Driss Yamamoto:51.49,2:Oceane Greco:40.35,3:Hassan Pham:50.15,4:Yara Brown:45.26,5:Aisha Traore:55.71,6:Pierre Almeida:52.56,7:Quentin Fernandez:41.49,8:Hana Garnier:44.99,9:Miguel Pereira:49.31,10:Hazel Brown:51.22,11:Aki Rodriguez:49.44,12:Lucia Traore:43.57,13:Oceane Bernard:40.60,14:Noah Brown:37.53,15:Ethan Brown:51.57,16:Austin Moussa:51.22,17:Taylor Conti:52.03,18:Carmen Wagner:52.67,19:Silas Clark:51.18,20:Lucas Diop:46.08,21:Fode Yamamoto:48.21,22:Clement Lopez:54.31,23:Gabriel Brown:57.49,24:Felix Yamamoto:53.12,25:Louis Ndiaye:55.16,26:Leila Wilson:49.79,27:Sana Martin:36.22,28:Chloe Conti:54.81,29:Kenji Zimmermann:35.27,30:Bjorn Greco:46.17
8883,Rennes,Grenoble,30/03/2026,1545,2348,1:Sofia Diop:,2:Finn Cherif:42.63,3:Amandine Chung:44.38,4:Awa Sokolov:47.77,5:Zoe Huang:54.86,6:Jason Wang:53.31,7:Zoe Ali:,8:Elsa Conti:58.17,9:Jason Traore:43.86,10:Jackson Wang:33.27,11:Jeanne Haddad:35.98,12:Pablo Garcia:42.12,13::,14:David Faure:48.22,15:Brenda Bianchi:35.10,16:Finn Wilson:53.62,17:Noah Gallo:53.66,18:Pierre Diop:53.46,19:Zachary Moussa:51.58,20:Jian Torres:38.99,21:Akira Wang:57.72,22::,23:Isabella Popov:51.54,24:Oceane Greco:34.64,25:Jules Liu:57.90,26:Taro Ziane:34.09,27:Nour Morozov:54.88,28:Hassan Russo:33.65,29:Mateo Schulz:48.61,30:Madison Torres:36.49,31:Adrien Garnier:53.63
2130,Marseille,Grenoble,17/08/2026,1300,1745,1:Imani Ramirez:33.90,2:Olivia Thomas:30.73,3:Lucas Suzuki:36.98,4:Sofia Leroy:38.01,5:Sofia Gomez:27.41,6:Camille Tran:28.89,7:Brenda Dubois:32.99,8:Camille Pereira:30.77,9:Rose Perez:29.02,10:Skylar Bruno:35.81,11:Miguel Schmidt:33.95,12:Akira Novak:32.61,13:Sofia Zhang:35.08,14:Chloe Durand:21.36,15:Li Kowalski:31.02,16:Emi Park:21.90,17:Rayan Rodriguez:31.45,18:Minh Gomes:33.08,19:Jian Fahmi:34.06,20:Juan Roux:33.73,21:Celeste Lopez:25.98,22:Elena Richard:37.03,23:Zachary Popov:30.05,24:Kenza Khelifi:34.92,25:Kenji Mohamed:35.45,26:Farah Diallo:29.65
8125,Lyon,Toulouse,23/05/2026,2230,0604,1:Imani Ahmed:48.89,2:Kwame Cherif:45.53,3:Louis Clark:51.34,4::,5:Elsa Park:,6:Hugo Tran:33.61,7:Fode Wang:34.52,8:Chen Yamamoto:39.70,9:Olivia Alves:33.35,10:Zoe Ali:39.78,11:Ines Pereira:58.42,12:Lian Kim:34.22,13:Imani Rizzo:34.78,14:Emma Brown:35.65,15:Aicha Kowalski:36.28,16:Arthur Cherif:39.02,17:Bjorn Moore:38.59,18:Eloise Weber:35.20,19:Aicha Muller:37.40,20:Nour Wong:47.29,21:Tristan Moreau:33.76,22:Bilal Ali:57.86,23:Rose Garcia:46.25,24:Sophie Vo:33.59,25:Juan Alves:50.74,26:Simon Fernandez:,27:David Bruno:,28:Baptiste Rizzo:44.76,29:Erica Lopez:53.85,30:Akira Torres:55.49,31:Adrien Martin:36.19,32:Austin Gomes:45.66,33:David Ferrari:53.50
8272,Marseille,Rennes,14/12/2026,1245,2230,1::,2:Sofia Pham:42.78,3:Jason Traore:37.18,4:Ulysse Morozov:49.06,5:Karim Sanchez:48.87,6:Eloise Sanchez:46.23,7:Karim Bruno:57.71,8:Fiona Greco:51.20,9:Felix Nguyen:34.52,10::,11:Akira Park:,12:Pablo Garcia:41.57,13::,14:Quentin Pereira:41.25,15:Gabriel Fahmi:46.67,16:Erica Yamamoto:48.59,17:Nicolas Ouattara:35.89,18:Mateo Fernandez:37.45,19:Valentine Oliveira:51.75,20:Kai Michel:38.57,21:Madison Sylla:46.29,22:Finn Vo:47.31,23:Lucas Doan:50.08,24:Kenji Boudjema:34.53,25:Nicolas Clark:57.08,26:Zoe Ali:35.87
1464,Dijon,Limoges,14/11/2026,1230,1805,1:Corey Nguyen:34.23,2:Alice Doan:34.72,3:Erica Morozov:27.02,4:Nour Cruz:33.49,5:Omar Esposito:37.52,6:Ulysse Clark:34.46,7:Erica Abebe:30.42,8:Kwame Cherif:27.93,9:David Esposito:35.45,10:Natalia Martinez:43.77,11:Daiki Moussa:29.83,12:Oceane Kuznetsov:29.99,13:Li Wilson:27.22,14:Ricardo Martinez:30.15,15:Maria Sylla:41.68,16:Baptiste Johnson:26.60,17:Eloise Popov:28.26,18:Driss Nguyen:34.86,19:Farah Boudjema:40.00,20:Hassan Russo:26.10,21:Hazel Laurent:27.73,22:Katya Yamamoto:43.17,23:Elsa Park:40.09,24:Elena Oliveira:27.53,25:Li Martinez:26.71,26:Jackson Sanchez:34.07,27:Oceane Boudjema:40.50,28:Silas Cherif:38.59,29:Margaux Conti:32.32,30:Lucia Diop:26.92,31:Wei Schulz:25.01,32:Jules Lopez:40.00,33:Corey Martin:38.62,34:Adrien Vasiliev:34.61,35:Sonia Dupont:41.88,36:Farah Russo:43.90,37:Willow Tanaka:29.29,38:Celeste Boudjema:27.17,39:Leila Vidal:36.57,40:Theo Gomes:28.87,41:Hugo Leroy:25.52,42:Akira Novak:41.10,43:Omar Lopez:39.86,44:Mehdi Roux:30.56,45:Kofi Cruz:33.28,46:Isabella Durand:25.85
6137,Perpignan,Rennes,29/04/2026,1115,2206,1::,2::,3:Madison Santos:48.66,4:Austin Santos:48.31,5:Manon Lefevre:47.02,6:Miguel Sylla:46.23,7:Jian Torres:36.22,8:Noah Ramirez:50.73,9:Maria Durand:48.78,10:Emma Almeida:39.73,11:Farah Thomas:55.70,12:Ryan Sato:42.11,13:Harper Miller:45.60,14:Nala Fournier:52.10,15:Hazel Schmidt:50.68,16:Hassan Pham:50.21,17:Bilal Cruz:49.08,18:Jackson Ferrari:43.99,19:Kimberly Schmidt:32.71,20:Nour Popov:45.62,21:Silas Martin:42.32,22::,23:Bjorn Thomas:40.85,24:Ethan Ouattara:52.44,25:Jian Fahmi:55.07,26:Celeste Benali:35.88,27:Theo Taylor:34.63,28:Akira Ferrari:,29:Orion Laurent:49.70,30:Emi Conti:54.80,31:Sara Fahmi:35.52,32:Minh Tran:34.82,33::,34:Youssef Doan:45.08,35:Javier Novak:40.33,36:Hugo Miller:44.44
6380,Saint-Etienne,Paris,01/03/2026,1615,2140,1:Silas Martin:42.84,2:Manon Rizzo:32.62,3:Madison Torres:27.92,4:Daiki Dupont:37.63,5:Thao Moreau:41.43,6:Samira Tran:30.52,7:Bilal Kovacs:38.54,8:Erica Morozov:38.17,9:Harper Nkosi:42.13,10:Aicha Kowalski:43.10,11:Rayan Moreau:30.80,12:Felix Garnier:29.88,13:Taro Gallo:34.60,14:Zoe Popov:25.64,15:Ulysse Torres:28.94,16:Quentin Rossi:29.90,17:Kenza Garnier:34.78,18:Arthur Wong:42.59,19:Mei Nguyen:28.35,20:Sara Greco:28.85,21:Sofia Sousa:40.34,22:Chen Yamamoto:26.44,23:Zola Chung:30.92,24:Sophie Cruz:38.66,25:Igor Almeida:42.08,26:Willow Simon:25.58,27:Sara Khan:29.61,28:Carmen Fernandez:27.55,29:Natalia Muller:33.25,30:Romain Schulz:39.10
9726,Toulouse,Strasbourg,22/11/2026,1400,2355,1:Baptiste Rodriguez:58.22,2:Kwame Weber:46.07,3:Yara Laurent:41.44,4:Elsa Park:43.39,5:Gabriel Garnier:33.58,6:Awa Sokolov:58.34,7:Zane Abebe:46.03,8:Lea Bianchi:46.84,9:Bjorn Tran:32.92,10:Willow Smith:53.96,11:Arthur Robert:41.42,12:Karim Ouattara:38.20,13:Silas Le:50.97,14:Pablo Petrov:40.42,15:Alice Johnson:49.34,16:Pierre Garnier:34.94,17:Sara Tran:49.39,18:Sekou Moreau:40.20,19:Jian Lopez:48.70,20:Lucas Greco:45.54,21:Ines Rodrigues:55.22,22:Austin Doan:48.03,23:Igor Moussa:57.63,24:Isabella Schmidt:58.28,25:Pablo Garcia:38.86,26:Amine Gomez:36.79,27:Lucas Cherif:57.56,28:Igor Alves:56.99,29:Driss Chung:34.97
7324,Grenoble,Metz,26/02/2026,1330,1752,1:Chloe Durand:31.12,2:Malika Richard:22.93,3:Erica Mohamed:33.26,4:Kenji Simon:30.24,5:Finn Diallo:24.10,6:Fode Moussa:30.82,7:Fode Wilson:32.38,8:Jackson Kim:27.85,9:Victor Tran:23.61,10:Miguel Diop:25.20,11:Sana Novak:26.13,12:Skylar Richard:21.38,13:Jules Garcia:21.07,14:Sekou Santos:21.83,15:Austin Thomas:25.28,16:Clement Lopez:29.95,17:Maria Sylla:30.90,18:Taro Pham:31.19,19:Aicha Vo:31.24,20:Amandine Ali:33.53,21:Sofia Kovacs:26.34,22:Celeste Taylor:24.65,23:Oceane Singh:33.83,24:Ryan Vidal:25.46,25:Daiki Clark:26.49,26:Jules Miller:26.67,27:Kenza Perez:27.51,28:Quentin Fernandez:27.69,29:Kenji Zimmermann:33.60,30:Elsa Suzuki:19.99,31:Sara Greco:22.65,32:Sofia Davis:33.44
3995,Lille,Rennes,12/07/2026,1900,0123,1:Aicha Garnier:55.54,2:Natalia Muller:44.23,3:Manon Kim:45.90,4::,5:Minh Benali:45.47,6:Imani Kuznetsov:35.11,7:Pablo Ziane:38.64,8:Lucas Fernandez:33.69,9:Paul Leroy:50.52,10:Celeste Ramirez:,11:Olivia Kuznetsov:46.56,12:Li Gomez:39.78,13:Chloe Garcia:47.38,14:Simon Chen:42.29,15:Zola Chung:32.69,16:Lucas Khelifi:45.41,17:Natalia Sylla:31.19,18:Ines Schulz:53.34,19:Willow Rossi:43.51,20:Harper Wagner:45.54,21::,22::,23:Maria Rodriguez:43.66,24:Mehdi Schmidt:43.03,25:Sora Wagner:53.21,26:Imani Ramirez:40.60,27:Alice Garnier:34.21,28:Ines Haddad:31.81
9825,Tours,Paris,03/08/2026,0945,1310,1:Ulysse Nguyen:22.96,2:Aisha Ali:15.61,3:Paul Cruz:15.75,4:Hugo Greco:13.40,5:Theo Bruno:14.65,6:Louis Zimmermann:16.48,7:Sophie Popov:22.90,8:Nicolas Wong:17.05,9:Ricardo Diop:21.44,10:Emma Moussa:21.75,11:Jason Ramirez:21.07,12:Tristan Tran:17.45,13:Theo Le:22.49,14::,15:Pierre Thomas:23.45,16:Taylor Gomes:23.37,17:Finn Cisse:,18:Aki Ribeiro:13.97,19:Quentin Rossi:19.07,20::,21:Sofia Diop:20.08,22:Sofia Klein:21.99,23:Yumi Wang:21.33,24:Noah Lopez:14.18,25:Chen Wong:15.86,26:Rayan Johnson:14.79,27:Yumi Sanchez:17.69,28:Farah Russo:17.72,29:Corey Gallo:14.61,30:Valentine Smith:19.45,31:Liam Nkosi:17.93,32:Zane Michel:17.04,33:Arthur Robert:14.00,34:Lea Michel:22.55,35:Chen Morozov:21.33,36::,37:Oceane Greco:15.94,38:Bjorn Schmidt:19.90,39:Yara Wilson:21.49,40::,41:Adrien Vasiliev:19.13,42:Chau Simon:16.65,43:Clement Moore:21.27,44:Kenji Cherif:17.44,45:Clement Fernandez:23.77,46:Manon Lefevre:15.74,47:Chau Huang:19.48,48:Igor Almeida:20.33,49:Baptiste Benali:,50:Nour Morozov:
7702,Dijon,Bordeaux,04/07/2026,0630,1606,1:Katya Bianchi:37.38,2:Jules Tanaka:50.61,3:Sonia Tran:50.06,4:Li Dubois:51.02,5:Lian Cruz:56.45,6:Oceane Greco:41.48,7:Zoe Popov:47.08,8:Ryan Sokolov:49.32,9:Corey Faure:32.66,10:Sonia Dupont:52.37,11:Leila Dupont:53.98,12:Pierre Wagner:50.61,13:Alice Huang:50.64,14:Samira Rossi:38.86,15:Kenji Boudjema:36.04,16:Dmitri Vidal:48.11,17:Baptiste Kuznetsov:40.42,18:Lucas Suzuki:53.04,19:Simon Taylor:48.86,20:Hugo Novak:33.65,21:Ines Rodrigues:54.95,22:Arthur Perez:37.06,23:Mei Tanaka:55.40,24:Santiago Ferrari:50.95,25:Ulysse Park:35.65,26:Sofia Kovacs:51.73,27:Elena Oliveira:45.80,28:Leila Rizzo:46.43,29:Aisha Park:41.07
9026,Bordeaux,Nice,02/10/2026,0745,2018,1:Pablo Ziane:41.85,2:Manon Dupont:41.94,3:Madison Lee:40.83,4:Willow Smith:41.32,5:Manon Moreau:33.46,6:Silas Davis:43.94,7:Harper Kuznetsov:46.19,8:Ethan Roux:41.26,9:Mei Sanchez:54.77,10:Minh Ivanov:37.38,11:Erica Abebe:44.05,12:Alice Johnson:34.53,13:Aisha Traore:38.72,14:Arthur Cherif:39.03,15:Bjorn Torres:53.62,16:Nicolas Zimmermann:57.97,17:Victor Zimmermann:41.00,18:Corey Michel:56.72,19:Leila Leroy:40.28,20:Sophie Benali:44.89,21:Ryan Sanchez:45.09,22:Elena Diop:53.74,23:Clement Ivanov:53.69,24:Ryo Esposito:49.74,25:Ines Kovacs:48.08,26:Madison Muller:46.01,27:Kwame Weber:44.88,28:Chloe Brown:33.37,29:Theo Le:40.63,30:Amandine Chung:54.15,31:Chloe Laurent:50.38,32:Mehdi Zhang:54.26,33:Malika Suzuki:39.72,34:Chloe Conti:41.23,35:Li Gomes:36.08,36:Juan Petit:45.69,37:Pierre Moussa:54.93,38:Kwame Conti:41.46,39:Amine Torres:45.73,40:Baptiste Sousa:53.97,41:Dmitri Vidal:36.19,42:Jules Bruno:34.48,43:Fode Diallo:46.02,44:Kai Roux:39.38,45:Nour Morozov:44.88,46:Skylar Chung:35.53,47:Nicolas Sanchez:48.54,48:Carmen Simon:34.70,49:Zoe Dubois:44.61,50:Felix Cisse:40.87,51:Theo Silva:49.92,52:Chau Khan:35.87,53:Chau Wang:44.91,54:Baptiste Rodriguez:54.10,55:Ricardo Martinez:45.02
1727,Strasbourg,Bordeaux,18/03/2026,1645,0643,1:Bilal Le:44.93,2:Bilal Torres:56.34,3:Eloise Schulz:38.74,4:Samira Wong:38.78,5:Chen Wong:46.03,6::,7:Amandine Perez:47.53,8:Romain Michel:36.99,9:Aki Rodriguez:36.94,10:Ethan Cisse:54.46,11:Wei Lefevre:36.07,12:Javier Haddad:44.68,13:Aicha Michel:38.73,14:Kenza Vidal:49.41,15:Gabriel Muller:37.04,16:Katya Ahmed:38.31,17:Celeste Chung:51.17,18:Lea Sokolov:48.14,19:Zoe Chen:51.04,20:Lucia Traore:55.25,21:Kai Roux:53.35,22:Hugo Russo:51.16,23:Sophie Schulz:51.39,24:Sonia Tran:45.67,25:Katya Wong:49.94,26:Driss Chung:54.24,27:Yara Moore:51.13,28:Yara Kovacs:43.30,29::,30:Oceane Robert:43.39,31:Clement Fournier:35.68,32:Rose Rodriguez:41.99,33:Sophie Popov:41.68,34:Zoe Perez:42.34,35::,36:Victor Huang:33.02,37:Elena Diallo:55.92,38:Li Gomez:53.04,39:Valentine Rizzo:40.77,40:Sana Zhang:40.62,41:Clement Kuznetsov:
1687,Bordeaux,Perpignan,14/12/2026,1900,0318,1:Sergei Gallo:57.71,2:Pierre Garnier:39.56,3:Jian Ali:35.36,4:Harper Moreau:58.26,5:Lucas Greco:43.49,6:Sana Liu:53.15,7:Emi Schulz:57.49,8:Fiona Miller:42.81,9:Silas Klein:45.17,10:Ryo Perez:46.01,11:Samira Russo:54.79,12:Lea Suzuki:48.39,13:Daiki Kim:55.36,14:Celeste Fournier:43.43,15:Tristan Santos:45.07,16:Kenza Schulz:48.50,17:Elena Zhang:41.80,18:Orion Bernard:51.49,19:Lea Brown:37.95,20:Hana Ali:53.56,21:Kenza Garnier:54.82,22:Chloe Singh:38.71,23:Thao Singh:48.69,24:Rayan Perez:48.81,25:Sophie Cruz:40.94,26:Orion Pereira:36.08,27:Noah Ramirez:47.94,28:Minh Le:43.57,29:Nicolas Yamamoto:55.52,30:Wei Chung:51.17,31:Driss Perez:55.03,32:Nicolas Clark:54.04,33:Yasmine Kuznetsov:34.35,34:Jackson Martinez:50.98
2703,Angers,Montpellier,24/03/2026,1830,0137,1:Sergei Sokolov:41.18,2:Ryo Bruno:35.14,3:Sekou Kim:50.61,4:Samira Ouattara:50.77,5:Sergei Ramirez:37.22,6:Kenza Martinez:32.29,7:Taylor Kim:37.73,8:Katya Gallo:45.53,9:Wei Leroy:52.14,10:Zola Torres:50.62,11:Javier Haddad:52.31,12:Malika Robert:47.42,13:Noah Conti:47.52,14:Jian Traore:43.87,15:Quentin Gomez:48.69,16:Emma Greco:32.88,17:Lucas Khelifi:45.06,18:Mehdi Roux:52.87,19:Aki Kovacs:37.50,20:Amandine Faure:34.25,21:Juan Sokolov:45.74,22:Wei Moreau:42.64,23:Amandine Robert:35.11,24:Celeste Ramirez:42.52,25:Amandine Chung:45.07,26:Samira Lefevre:32.93,27:Alessio Alves:42.30,28:Lea Michel:32.61
5623,Strasbourg,Metz,22/04/2026,0730,1035,1:Willow Simon:22.01,2:Chloe Laurent:15.98,3:Driss Nguyen:20.46,4:Jian Traore:16.05,5:Miguel Dupont:20.96,6:Alice Johnson:22.45,7:Jian Fahmi:20.35,8:Finn Fernandez:24.31,9:Hazel Laurent:15.72,10:Adrien Conti:14.91,11:Zoe Novak:15.98,12:Ricardo Martinez:18.78,13:Chloe Conti:20.75,14:Rose Yamamoto:20.60,15:Minh Rizzo:13.93,16:Gabriel Rodrigues:17.37
6384,Limoges,Lille,03/09/2026,1945,0224,1:Amine Weber:41.14,2:Manon Zimmermann:49.39,3:Hazel Traore:38.96,4:Amine Rossi:36.09,5:Imani Rodriguez:37.60,6:Silas Cherif:37.83,7:Sana Smith:35.75,8:Nicolas Esposito:41.41,9:Baptiste Rizzo:44.11,10:Ryan Morozov:52.96,11:Carmen Faure:35.37,12:Kimberly Williams:46.15,13:Ulysse Laurent:36.29,14:Fiona Simon:50.28,15:Hana Pereira:41.83,16:Lian Cruz:52.26,17:Zola Clark:45.87,18:Mateo Oliveira:52.46,19:Zachary Cisse:53.16,20:Imani Perez:38.62,21:Taro Ziane:47.60,22:Chau Huang:42.74,23:Youssef Schmidt:45.01,24:Bilal Wilson:48.89,25:Kenji Leroy:44.89,26:Ulysse Johnson:45.11,27:Noah Gallo:33.99,28:Li Abebe:46.03,29:Erica Mohamed:53.09,30:Hassan Brown:37.06,31:Quentin Greco:40.35,32:Wei Moreau:38.38,33:Amandine Perez:44.17,34:Sonia Michel:44.59
6039,Perpignan,Bordeaux,22/11/2026,1130,1951,1:Tristan Popov:48.98,2:Jian Pham:43.94,3:Zoe Leroy:43.93,4:Emi Robert:50.29,5:Driss Nguyen:35.72,6:Brenda Dubois:48.85,7:Elena Richard:41.30,8:Lian Le:40.67,9:Paul Cruz:58.13,10:Lian Ferrari:43.40,11:Alessio Alves:37.05,12:Jian Garcia:33.18,13:Pablo Davis:50.66,14:Ryan Morozov:52.71,15:Nicolas Kowalski:40.75,16:Finn Vo:56.12,17:Imani Bernard:38.30,18:Theo Taylor:48.88,19:Mei Tanaka:57.64,20:Awa Doan:54.78,21:Aicha Santos:50.74,22:Valentine Smith:41.38,23:Eloise Weber:45.14,24:Sekou Bianchi:48.88,25:Dmitri Hussein:41.76,26:Driss Laurent:55.23,27:Bilal Kovacs:50.64,28:Zane Johnson:55.18,29:Driss Dupont:45.82,30:Nour Smith:37.86
4034,Lille,Brest,20/04/2026,0845,1823,1:Daiki Sousa:55.47,2:Oceane Huang:49.13,3:Celeste Boudjema:32.75,4:Natalia Moore:34.62,5:Igor Morozov:53.85
6533,Bordeaux,Perpignan,09/11/2026,2215,0621,1:Samira Petit:55.70,2:Driss Nguyen:51.20,3:Margaux Conti:38.51,4:Chloe Kovacs:50.52,5:Driss Thomas:35.40,6:Hazel Morozov:35.21,7:Paul Pham:48.76,8:Silas Sylla:41.20,9:Driss Yamamoto:35.49,10:Felix Garcia:35.33,11:Yasmine Boudjema:46.36,12:Yara Kovacs:40.32,13:Pierre Yamamoto:43.80,14:Yara Doan:41.99,15:Leila Taylor:49.35,16:Harper Boudjema:56.95,17:Ryo Williams:55.27,18:Igor Muller:44.75
9312,Lyon,Metz,05/02/2026,2000,0107,1:Javier Novak:28.01,2:Taro Gallo:41.61,3:Youssef Simon:43.66,4:Nicolas Sanchez:33.60,5:Ulysse Wang:29.31,6:Austin Moussa:34.75,7:Orion Pereira:38.14,8:Hana Wagner:41.10,9:Juan Fernandez:33.86,10:Ines Dubois:38.65,11:Erica Vo:36.84,12:Rose Robert:26.85,13:Eloise Wilson:43.72,14:Celeste Muller:,15:Quentin Pereira:42.81,16:Austin Greco:26.37,17:Noah Hussein:43.10,18:Madison Santos:32.95,19:Li Le:31.46,20:Pablo Robert:29.65,21::,22:Karim Sanchez:40.53,23:Lucas Doan:42.38,24:Zane Suzuki:28.17,25:Imani Alves:,26:Sara Tran:42.00,27:Ricardo Cruz:41.68
4699,Caen,Clermont-Ferrand,10/12/2026,1045,1720,1:Ethan Ferrari:37.47,2:Manon Moreau:36.10,3:Austin Moore:37.61,4:Carmen Cisse:55.44,5:Yumi Wilson:41.79,6:Mateo Wang:37.73,7:Nicolas Doan:53.03,8:Eloise Schulz:45.57,9:Elsa Suzuki:51.64,10:Alessio Ferrari:52.75,11:Driss Conti:38.31,12:Romain Wong:38.03,13:Taylor Zhang:46.99,14:Mei Ziane:43.44,15:Valentine Smith:34.43,16:Hazel Lefevre:43.55,17:Adrien Vasiliev:41.09,18:Chloe Laurent:49.64
8764,Bordeaux,Reims,30/06/2026,0800,2002,1:Elsa Ali:35.45,2:Chen Muller:43.85,3:Samira Wagner:50.88,4:Harper Ouattara:44.40,5:Elsa Perez:39.02,6:Olivia Kim:51.33,7:Carmen Miller:40.64,8:Finn Johnson:45.25,9:Simon Chen:50.53,10:Alessio Moreau:58.45,11:Karim Nguyen:43.18,12:Quentin Santos:46.48,13:Carmen Simon:33.73,14:Arthur Khan:36.03,15:Kenza Garnier:35.37,16:Zane Wilson:45.71,17:Noah Gallo:49.40,18:Mateo Wang:51.20,19:Ryo Sanchez:56.39,20:Nicolas Wong:33.97,21:Driss Perez:48.90,22:Lucia Kovacs:58.04,23:Willow Michel:40.46,24:Driss Bernard:50.33,25:Daiki Singh:42.22,26:Valentine Rodrigues:36.45,27:Rose Thomas:52.09,28:Silas Simon:32.58,29:Eloise Miller:45.30,30:Alice Alves:46.68,31:Elena Conti:54.34,32:Jeanne Petrov:41.94,33:Aki Rodriguez:52.86
8056,Strasbourg,Marseille,14/05/2026,1345,2002,1:Malika Suzuki:30.31,2:Jackson Ramirez:29.59,3:Pierre Cruz:29.16,4:Chen Muller:45.79,5:Felix Haddad:40.34,6:Amandine Wilson:38.64,7:Lian Diallo:32.73,8:Bjorn Schmidt:33.47,9:Tristan Tran:44.12,10:Li Dubois:34.48,11:Emi Pham:28.66,12:Margaux Chen:28.69,13:Alice Tanaka:42.15,14:Juan Morozov:27.87,15:Minh Rizzo:44.09,16:Nicolas Greco:39.41,17:Sophie Wang:28.40,18:Theo Taylor:28.07,19:Chloe Russo:30.99,20:Austin Moore:27.77,21:Kofi Wilson:34.66,22:Sara Schmidt:47.59,23:Driss Dupont:47.51,24:Karim Weber:30.43,25:Jules Torres:43.22,26:Bjorn Gallo:31.10,27:Ryan Conti:39.08,28:Sofia Zhang:47.76,29:Nicolas Ferrari:27.66,30:Hazel Fernandez:44.84,31:Jackson Martinez:38.78,32:Nala Le:36.90,33:Ethan Liu:41.94,34:Kai Roux:29.71,35:Maria Traore:39.89,36:Hassan Brown:38.44,37:Samira Wagner:33.64,38:Ryo Hussein:27.45,39:Willow Tanaka:28.26,40:Sora Davis:42.85
1567,Rouen,Nice,19/02/2026,1030,0000,1:Ethan Thomas:40.33,2:Nala Mohamed:42.66,3:Liam Santos:49.52,4:Dylan Popov:54.44,5:Margaux Ribeiro:53.85,6:Fode Tanaka:39.55,7:Erica Cruz:,8:Rose Mohamed:44.98,9:Sophie Ali:47.87,10:Jackson Diop:53.74,11::,12:Karim Zhang:43.45,13:Nour Sousa:45.26,14:Lea Sokolov:,15:Carmen Bruno:35.87,16:Ines Hussein:49.50,17:Jeanne Haddad:47.05,18:Taylor Moore:36.10,19:Ulysse Wang:55.41
9424,Dijon,Lyon,29/06/2026,1215,1414,1:Erica Ribeiro:14.67,2:Isabella Schmidt:20.55,3:Felix Huang:15.67,4:Dmitri Hussein:17.60,5:Sergei Ramirez:13.25,6:Aicha Garnier:19.25,7:Natalia Faure:16.50,8:Chloe Novak:14.42,9:Elena Russo:14.51,10:Sofia Zhang:17.46,11:Willow Abebe:20.06,12:Yara Miller:15.67,13:Elsa Conti:21.58,14:Louis Singh:19.94,15:Margaux Conti:17.10,16:Akira Rossi:16.74,17:Chen Pereira:20.63,18:Alice Huang:20.87,19:Ethan Liu:13.80,20:Baptiste Roux:14.24,21:Quentin Rossi:19.77,22:Akira Abebe:13.97,23:Brenda Le:17.54,24:Jian Torres:15.76,25:Chau Ali:18.96,26:Nour Morozov:18.30,27:Kimberly Abebe:12.96,28:Nala Simon:18.72,29:Imani Chen:14.00
7403,Grenoble,Angers,23/12/2026,1615,2314,1:Lucia Kovacs:46.39,2:Nicolas Ali:31.47,3:Miguel Diop:44.85,4:Eloise Suzuki:36.91,5:Miguel Clark:32.68,6:Igor Popov:51.86,7:Samira Bianchi:50.82,8:Pierre Yamamoto:42.06,9:Ricardo Dubois:41.29,10:Minh Chen:39.02,11:Lucia Rizzo:38.15,12:Kimberly Schmidt:51.41,13:Taylor Cruz:31.45,14:Kenza Davis:38.51,15:Farah Thomas:30.12,16:Kai Martinez:44.00,17:Sofia Davis:38.56,18:Ulysse Wang:36.58,19:Samira Gomes:42.09
3726,Lille,La Rochelle,13/06/2026,1245,2049,1:Gabriel Schmidt:38.95,2:Zachary Wong:54.48,3:Karim Petrov:32.50,4:Rayan Pham:37.39,5:Ryan Rossi:38.35,6:Katya Ahmed:36.60,7:Zoe Vidal:36.83,8:Margaux Dupont:42.07,9:Zoe Oliveira:35.77,10:Emma Miller:50.36,11:Sekou Cherif:39.90,12:Daiki Moussa:54.58,13:Sofia Sousa:50.82,14:Noah Schulz:54.65,15:Kwame Khelifi:47.04,16:Alessio Silva:33.41,17:Jackson Sanchez:57.70,18:Fode Ferrari:39.49,19:Camille Tran:35.49,20:Thao Moreau:36.22,21:Alice Zhang:45.44,22:Amandine Perez:49.92,23:Taylor Moreau:38.10,24:Zola Chung:58.27,25:Silas Cherif:47.67,26:Erica Morozov:39.65,27:Emma Moussa:32.61,28:Li Martinez:33.86,29:Youssef Wagner:39.62,30:Akira Novak:44.65,31:Margaux Muller:36.38,32:Aisha Traore:52.27,33:Rayan Conti:52.86,34:Alice Dupont:55.28,35:Quentin Novak:48.32,36:Elsa Greco:36.46,37:Austin Moore:57.62,38:Aicha Robert:54.26,39:Ethan Torres:38.78
6102,Limoges,Brest,08/08/2026,1445,2240,1:Erica Sokolov:34.00,2:Emi Pham:49.79,3:Katya Ahmed:51.79,4:Valentine Rodrigues:55.82,5:Margaux Dupont:52.96,6:Zoe Leroy:32.99,7:Carmen Fernandez:52.09,8:Wei Lee:36.28,9:Celeste Muller:57.99,10:Sonia Diallo:55.76,11:Celeste Lopez:47.60,12:Mateo Oliveira:37.94,13:Jeanne Taylor:48.42,14:Lucia Rodriguez:33.83,15:Ryan Moreau:38.99,16:Youssef Wagner:42.51,17:Pablo Garcia:54.83,18:Juan Rizzo:41.18,19:Baptiste Santos:48.26,20:Kenza Ferrari:56.03,21:Sana Doan:48.80,22:Skylar Rossi:57.66,23:Fode Wang:53.26,24:Alessio Silva:44.56,25:Imani Chen:56.64,26:Nour Smith:39.59
7098,Angers,Dijon,14/04/2026,1815,0130,1:Harper Nkosi:39.76,2:Malika Martin:47.10,3:Sana Sousa:31.70,4:Minh Rizzo:38.98,5:Simon Garnier:40.64,6:Harper Boudjema:43.08,7:Kenza Williams:36.85,8:Imani Petrov:37.47,9:Margaux Khan:32.41,10:Taylor Khan:41.13,11:Arthur Cisse:42.87,12:Maria Smith:43.50,13:Lucas Doan:40.38,14:Sophie Ouattara:48.63,15:Hassan Martin:33.10,16:Noah Ramirez:35.84,17:Rose Nkosi:55.34,18:Leila Zhang:55.52,19:Simon Chen:52.47,20:Imani Nkosi:48.92,21:Aisha Hussein:39.52,22:Tristan Tran:49.74
3166,Toulouse,Marseille,14/08/2026,2045,0115,1:Katya Gallo:24.34,2:Kwame Conti:27.31,3:Javier Richard:19.51,4:Karim Faure:19.22,5:Silas Dubois:19.24,6:Chloe Singh:30.37,7:Margaux Chen:25.64,8:Finn Fernandez:20.17,9:Aicha Rizzo:27.33,10:Orion Simon:27.19,11:Valentine Clark:26.31,12:Arthur Wong:26.35,13:Mateo Oliveira:28.21,14:Silas Martin:20.32,15:Sophie Ali:23.88,16:Manon Nkosi:29.05,17:Akira Ferrari:32.44,18:Olivia Sousa:30.64,19:Sora Petrov:32.75,20:Alessio Ferrari:28.49,21:Skylar Petit:31.61,22:Driss Cruz:24.27,23:Silas Klein:27.76,24:Sara Fahmi:22.79,25:Natalia Davis:22.39,26:Nicolas Miller:30.63,27:Driss Kuznetsov:25.88,28:Gabriel Yamamoto:28.86,29:Amine Lefevre:19.49,30:Ethan Ouattara:27.08,31:Rose Moussa:33.18,32:Javier Kovacs:19.23
5634,Rouen,Grenoble,13/07/2026,1845,0107,1:Jules Bruno:37.34,2:Austin Wang:36.15,3:Ethan Thomas:49.63,4:Emma Vidal:33.28,5:Elena Ali:32.89,6:Sophie Schulz:44.08,7:Theo Le:43.70,8:Juan Lopez:42.98,9:Mehdi Ali:40.15,10:Camille Morozov:36.34,11:Zoe Chen:41.35,12:Omar Doan:44.90,13:Chloe Durand:32.80,14:Rose Martin:35.93,15:Jules Lopez:37.78,16:Quentin Pereira:40.22,17:Mehdi Rodriguez:41.71,18:Felix Klein:36.33,19:Nala Garnier:34.94,20:Simon Nkosi:44.53,21:Nour Smith:31.86,22:Imani Ramirez:45.84,23:Emma Dupont:37.50,24:Li Dubois:38.25,25:Alice Dupont:36.33,26:Sara Kuznetsov:29.17,27:Zachary Zimmermann:31.72,28:Chau Diop:29.54,29:Lucia Ramirez:29.87,30:Ethan Liu:37.11
6364,La Rochelle,Brest,20/09/2026,1800,2304,1::,2:Ryan Morozov:28.01,3:Eloise Moreau:36.00,4:Adrien Vo:25.93,5:Nicolas Khelifi:30.94,6::,7:Fiona Davis:33.08,8:Ethan Dupont:28.03,9:Sara Greco:28.60,10:Gabriel Rodrigues:37.28,11:Akira Martin:24.17,12:Chau Khan:37.29,13:Driss Dupont:28.80,14:Nour Sousa:24.77,15:Zane Durand:,16:Lucas Clark:38.30,17:Nicolas Zimmermann:38.84,18:Samira Khelifi:30.81,19:Mateo Oliveira:22.90,20:Taylor Silva:37.49,21:Kenji Cherif:31.99,22:Jian Ramirez:23.37,23:Ryan Khelifi:30.42,24:Hassan Liu:32.37,25:Theo Kim:36.95,26::,27:Ines Haddad:23.15,28:Sofia Leroy:35.87,29:Carmen Simon:36.28,30:Theo Le:38.04
7341,Marseille,Rouen,19/11/2026,1800,0251,1:Emma Brown:51.96,2:Orion Simon:56.32,3:Celeste Taylor:54.28,4:Youssef Ziane:44.61,5:Lea Michel:53.40,6::,7:Zane Almeida:42.24,8:Ulysse Vo:51.18,9:Akira Wang:37.03,10:Jeanne Wagner:42.41,11:Santiago Robert:34.27,12::,13:Hazel Fournier:36.85,14:Pablo Garcia:43.94,15:Youssef Bianchi:53.48,16:Kenza Weber:56.55,17:Ryo Simon:44.32
8348,Nantes,Lille,27/12/2026,0830,1516,1:Eloise Moreau:36.78,2:Chau Diop:52.79,3:Imani Dupont:51.06,4:Emi Wagner:53.03,5:Bilal Thomas:55.18,6:Skylar Laurent:46.71,7:Orion Simon:35.69,8:Chloe Garcia:40.06,9:Aki Kovacs:34.36,10:Sekou Santos:50.89,11:Manon Wong:56.08,12:Sofia Wang:48.67,13:Willow Fernandez:35.21,14:Eloise Fahmi:56.54,15:Isabella Durand:49.37,16:Youssef Conti:52.43,17:Mateo Kuznetsov:34.66,18:Daiki Garcia:55.16,19:Amandine Robert:52.07,20:Orion Lefevre:42.00,21:Youssef Sousa:52.16,22:Hazel Morozov:40.11,23:Olivia Sousa:37.24,24:Bjorn Moore:42.97,25:Madison Tanaka:56.08,26:Mei Nguyen:49.79,27:Jules Fernandez:40.91,28:Natalia Sylla:56.39,29:Bilal Sokolov:41.72,30:Li Gomez:40.89,31:Daiki Clark:42.40,32:Skylar Ribeiro:45.15,33:Katya Schulz:35.10
8254,Lyon,Toulouse,17/07/2026,1730,0148,1:Alessio Ziane:40.81,2:Hassan Martin:43.14,3:Mei Dupont:57.76,4:Minh Rizzo:38.14,5:Youssef Almeida:46.53,6:Emi Robert:38.64,7:Jason Klein:51.15,8:Romain Haddad:55.35,9:Pablo Diop:33.51,10:Katya Rodrigues:50.12,11:Hana Pereira:57.40,12:Farah Boudjema:45.93,13:Isabella Park:43.49,14:Austin Haddad:37.20,15:Sonia Kovacs:56.95
8842,Lille,Limoges,01/03/2026,1315,1955,1:Zachary Wilson:43.75,2:Aicha Ziane:37.93,3:Li Faure:37.73,4:Ryan Liu:48.11,5:Sonia Kovacs:32.75,6:Tristan Schmidt:29.41,7:Jian Traore:50.92,8:Austin Doan:37.27,9:Sofia Ribeiro:46.83,10:Aki Rodriguez:46.49,11:Youssef Bianchi:41.94,12:Sophie Ali:42.60,13:Akira Wang:49.09,14:Chau Almeida:45.64,15:Hassan Diallo:39.35,16:Carmen Bruno:28.68,17:Mei Sanchez:46.10,18:Aki Rodriguez:28.72,19:Jason Traore:46.72,20:Ines Le:,21:Olivia Alves:29.94,22:Sora Weber:36.76,23:Mei Dupont:35.04,24:Rose Rodriguez:39.30,25:Sekou Fournier:,26:Javier Wilson:30.16,27:Sonia Bernard:36.82,28:Kwame Vidal:33.42
9315,Strasbourg,Limoges,29/04/2026,1445,0111,1:Zachary Gomes:34.01,2:Wei Benali:49.48,3:Quentin Wilson:58.41,4:Ethan Thomas:32.94,5:Madison Kowalski:56.22,6:Akira Ferrari:51.89,7:Taro Doan:49.43,8:Driss Conti:50.74,9::,10:Santiago Miller:53.40,11:Aki Torres:53.35,12:Jeanne Moreau:57.64,13:Ricardo Dubois:56.53,14:Awa Doan:56.57,15:Katya Ahmed:57.66,16:Isabella Ivanov:33.38,17:Ryan Liu:48.96,18:Kenza Khelifi:52.81,19:Romain Zimmermann:43.56,20:Baptiste Thomas:,21:Aki Kovacs:39.82,22::,23:Kwame Rizzo:32.94,24:Katya Almeida:34.30,25:Sekou Santos:53.55,26:Nicolas Khelifi:54.72,27:Jason Khelifi:,28:Sora Davis:48.07,29:Hassan Brown:50.15,30:Silas Miller:32.88,31:Lucas Clark:56.07,32:Leila Vo:51.54,33:Elsa Park:58.19
3576,Angers,Lille,09/02/2026,1400,1925,1:Camille Schmidt:32.64,2:Youssef Conti:30.16,3:Sonia Diallo:36.76,4:Jian Michel:35.77,5:Baptiste Rodriguez:36.48,6:Jules Moore:24.82,7:Wei Lee:24.73,8:Elena Gomes:28.33,9:Mateo Wang:41.37,10:Maria Roux:25.42,11:Ulysse Nguyen:27.49,12:Chen Yamamoto:24.93,13:Imani Laurent:35.92,14:Kenza Taylor:42.29,15:Jeanne Tanaka:28.33,16:Pablo Davis:35.69,17:Manon Bianchi:41.82,18:Rose Yamamoto:32.63,19:Zola Williams:24.89,20:David Fernandez:27.61,21:Bilal Ivanov:40.94,22:Bilal Thomas:30.31,23:Thao Tran:37.56,24:Silas Sokolov:32.86,25:Rayan Chen:33.36,26:Zane Davis:28.42,27:Ricardo Nkosi:36.68,28:Ines Schmidt:42.65,29:Taro Wilson:30.82,30:Imani Zhang:36.13,31:Silas Leroy:33.17,32:Samira Khelifi:35.90,33:Leila Roux:38.22,34:Kenza Davis:24.38,35:Rayan Greco:25.88,36:Nicolas Doan:29.31,37:Rose Haddad:29.87,38:Lucia Rizzo:37.33,39:Sophie Ali:36.13,40:Pablo Garcia:41.16,41:Oceane Bernard:24.32,42:Kenza Schulz:27.69,43:Jeanne Kovacs:33.81,44:Quentin Petrov:29.37,45:Ryan Sanchez:24.86,46:Rayan Rodriguez:29.34,47:Nicolas Bernard:28.23,48:Ryo Rizzo:37.60,49:Mei Ferrari:36.84,50:Igor Moussa:30.59,51:Ulysse Schulz:35.49
6103,Lyon,Toulouse,28/09/2026,1300,1941,1:Fiona Petrov:42.08,2:Jules Fernandez:51.23,3:Nala Mohamed:47.03,4:Imani Diallo:32.82,5:Camille Popov:48.57,6:Felix Huang:48.73,7:Wei Leroy:,8:Nicolas Vidal:36.62,9:Daiki Moussa:29.50,10:Skylar Gallo:44.55,11:Harper Kuznetsov:35.62,12:Mateo Kuznetsov:47.55,13:Liam Fernandez:36.23,14::,15:Akira Fournier:,16:Victor Mohamed:,17:Paul Davis:40.16,18:Sana Novak:43.34,19:Dylan Roux:44.13,20:Baptiste Roux:49.22,21:Ryan Cherif:40.76,22:Harper Fahmi:49.00,23:Ryan Rossi:29.93,24:Jules Moore:30.15,25:Sara Greco:41.43,26::,27:Samira Bruno:44.89,28:Chloe Kovacs:38.86,29::,30:Brenda Dubois:44.48
3132,Caen,Clermont-Ferrand,30/08/2026,1345,1905,1:Jeanne Petrov:29.22,2:Emi Johnson:30.16,3:Willow Simon:46.36,4:Driss Kuznetsov:38.40,5:Orion Russo:30.22,6:Tristan Santos:26.42,7:Nicolas Ferrari:38.24,8:Clement Zimmermann:32.12,9:Clement Fernandez:26.44,10:Dmitri Bruno:26.57,11:Chloe Garcia:42.10,12:Nicolas Doan:39.31,13:Olivia Alves:27.32,14:Rose Garcia:46.04,15:Pierre Ribeiro:43.79,16:Ulysse Wang:40.36,17:Dylan Petrov:28.22,18:Jules Bernard:27.81,19:Elena Diallo:27.09,20:Alessio Ouattara:45.72,21:Ryan Rodriguez:35.26,22:Nala Fournier:36.62,23:Santiago Robert:30.75,24:Ryan Sokolov:38.47,25:Chau Le:26.36,26:Chau Lee:36.04,27:Oceane Lee:35.42,28:Baptiste Bianchi:41.48,29:Emi Wagner:30.00,30:Rose Martin:46.12,31:Arthur Garnier:43.39,32:Rose Haddad:43.44,33:Felix Huang:28.25,34:Minh Smith:38.76,35:Dmitri Vidal:29.67,36:Carmen Sato:42.57,37:Chen Diallo:37.11,38:Bjorn Thomas:31.95,39:Willow Cisse:31.79,40:Javier Dupont:45.40,41:Zola Martin:41.23,42:Simon Moore:45.02,43:Leila Ndiaye:41.93,44:Bjorn Moreau:40.47,45:Yasmine Alves:27.93,46:Kenza Davis:35.67,47:Katya Schulz:26.33,48:Wei Haddad:40.43,49:Zoe Chen:29.13,50:Felix Suzuki:40.61,51:Elsa Greco:28.74,52:Felix Haddad:31.59,53:Willow Sokolov:27.58
4096,Marseille,Lyon,05/07/2026,1930,0150,1:Chloe Novak:51.09,2:Bilal Wilson:48.43,3:Lea Leroy:45.60,4:Hazel Singh:30.56,5:Sophie Clark:46.67,6:Felix Taylor:48.93,7:Santiago Clark:37.79,8:Imani Laurent:35.22,9:Isabella Fahmi:41.43,10:Zane Durand:47.57,11:Akira Ferrari:45.03,12:Ines Schulz:49.11,13:Manon Gomes:43.22,14:Akira Petit:39.39,15:Sophie Ali:35.24,16:Lucas Doan:37.79,17:Wei Kim:39.23,18:Imani Fournier:36.00,19:Alice Leroy:45.33,20:Hassan Liu:33.24,21:Mehdi Bernard:32.64,22:Ryan Vidal:29.91,23:Leila Leroy:45.84,24:Mateo Laurent:50.41,25:Ulysse Wang:30.73,26:Isabella Ziane:34.58,27:Sekou Hussein:53.14,28:Amandine Ziane:29.89,29:Chen Robert:30.50,30:Alice Johnson:34.93,31:Rose Schmidt:42.08,32:Madison Moussa:50.07,33:Zola Schmidt:37.93,34:Samira Khelifi:48.37,35:Silas Moussa:49.43,36:Olivia Morozov:43.81,37:Miguel Yamamoto:35.74,38:Hana Williams:44.38,39:Li Zhang:51.21,40:Isabella Nkosi:35.31,41:Adrien Martin:30.13,42:Theo Tanaka:34.61,43:Jason Fournier:34.21,44:Harper Ramirez:43.58,45:Aicha Ziane:36.83,46:Baptiste Sousa:35.34,47:Sana Kovacs:41.53,48:Jian Lopez:52.44,49:Brenda Mohamed:51.19,50:Alessio Lopez:49.56,51:Jules Cruz:35.93,52:Katya Schulz:50.96,53:Simon Moore:48.42
8503,Rennes,Lille,12/06/2026,1645,2212,1:Adrien Kuznetsov:27.69,2:Alessio Schmidt:28.02,3:Hugo Ribeiro:30.97,4:Erica Vo:44.56,5:Ulysse Weber:28.29,6:Tristan Tran:43.71,7:Hugo Fahmi:47.23,8:Igor Doan:32.13,9:Brenda Mohamed:37.32,10:Pablo Martinez:30.66,11:Emi Wang:35.49,12:Chen Roux:30.01,13:Mei Liu:27.12,14:Aki Ivanov:28.94,15:David Thomas:37.64,16:Igor Cisse:37.47,17:Zoe Novak:38.54,18:Taro Wang:44.47,19:Adrien Garnier:42.73,20:Brenda Robert:42.41,21:Austin Liu:26.68,22:Javier Leroy:,23:Aki Faure:39.58,24:Hugo Miller:42.98,25:Jeanne Clark:45.54,26:Hazel Traore:31.22,27:Mehdi Wilson:39.83,28:Gabriel Lee:35.39,29:Hazel Ribeiro:40.88,30:Ricardo Wagner:41.14,31:Noah Suzuki:32.28,32:Manon Popov:46.08,33:Jian Popov:33.18,34:Harper Fahmi:,35:Li Benali:42.44
6464,Lyon,Nice,28/03/2026,0930,1753,1:Akira Novak:35.10,2:Sonia Diallo:51.04,3:Camille Tran:54.84,4:Pierre Almeida:42.15,5:David Santos:53.53,6:Clement Lee:56.78,7:Farah Russo:45.59,8:Karim Zhang:37.41,9:Felix Yamamoto:55.96,10:Chloe Lefevre:46.75,11:Sonia Ahmed:34.66,12:Katya Lee:55.04,13:Willow Simon:49.60,14:Skylar Richard:44.09,15:Zoe Davis:50.30,16:Farah Almeida:46.95,17:Elsa Singh:57.44
7075,Marseille,La Rochelle,01/07/2026,2230,0550,1:Driss Greco:40.86,2:Mei Dupont:39.70,3:Taro Wilson:49.26,4:Samira Ouattara:41.19,5:Ethan Zhang:55.94,6:Ricardo Martinez:38.59,7:Austin Thomas:51.24,8:Santiago Ferrari:38.29
3142,Paris,Tours,22/06/2026,0845,1348,1:Imani Fournier:30.76,2:Olivia Morozov:35.90,3:Taro Zimmermann:23.85,4:Elena Liu:36.03,5:Bjorn Pereira:32.14,6:Chloe Novak:35.45,7:Madison Zhang:28.63,8:Kofi Cruz:29.90,9:Ines Hussein:23.46,10:Alessio Schmidt:34.56,11:Louis Clark:24.64,12:Jason Mohamed:22.72,13:Amine Durand:31.30,14:Yara Kovacs:23.90,15:Zoe Nkosi:27.44,16:Maria Traore:36.93,17:Zoe Huang:34.20,18:Yumi Russo:24.06,19:Harper Dupont:38.99,20:Dylan Popov:35.18,21:Hassan Pereira:30.97,22:Corey Faure:35.79,23:Ricardo Martinez:39.96,24:Sora Durand:40.09,25:Youssef Wagner:27.50
1639,Marseille,Lyon,22/08/2026,2245,0325,1:Akira Novak:29.80,2:Amine Lefevre:25.17,3:Wei Moreau:30.13,4:Carmen Simon:28.74,5:Pierre Moussa:30.27,6:Ethan Bianchi:27.77,7:Youssef Sousa:36.06,8:Imani Rodriguez:36.82,9:Zoe Bruno:34.23,10:Baptiste Rodriguez:30.39,11:Silas Sokolov:27.54,12:Jeanne Kuznetsov:31.46,13:Rayan Singh:29.07,14:Skylar Novak:28.89,15:Willow Simon:31.25,16:Romain Haddad:32.96,17:Valentine Rodrigues:26.52,18:Omar Singh:31.86,19:Yara Doan:23.50,20:Alessio Silva:33.74,21:Akira Abebe:32.66,22:Nicolas Esposito:27.76,23:Sana Park:27.71,24:Madison Santos:23.83,25:Adrien Laurent:31.42,26:Sekou Pereira:31.52,27:Willow Mohamed:33.66,28:Chloe Kuznetsov:29.52
3322,Metz,Brest,17/12/2026,0745,2145,1:Aicha Laurent:36.79,2:Javier Wilson:55.39,3:Farah Thomas:40.91,4:Emi Conti:53.18,5:Orion Tran:55.40,6:Jeanne Petit:54.15,7:Sekou Moreau:53.77,8:Bjorn Pereira:41.58,9:Theo Taylor:51.40,10:Bjorn Torres:45.91,11:Hugo Ribeiro:,12:Juan Petit:,13:Alice Torres:54.94,14:Manon Dupont:49.12,15:Hassan Gomez:56.09,16:Kimberly Schmidt:57.60,17:Alessio Moreau:34.15,18:Samira Gomes:35.49,19:Alice Alves:32.54,20::,21:Igor Doan:36.93,22:Louis Singh:48.87,23:Sophie Clark:51.02,24:Madison Sylla:50.85,25:Erica Sato:42.10,26:Ines Rodrigues:39.19,27:Emi Wang:56.17,28:Chau Le:45.40,29::,30:Karim Sanchez:39.92,31:Zane Bernard:56.38
3567,Lille,Lyon,26/11/2026,0845,1501,1:Yasmine Esposito:30.94,2:Rayan Rodrigues:33.90,3:Jason Ramirez:42.32,4:Baptiste Thomas:44.33,5:Amine Rossi:29.98,6:Elena Russo:36.98,7:Hassan Liu:27.59,8:Skylar Ribeiro:31.42,9:Yasmine Zhang:44.14,10:Amandine Ziane:40.39,11:Alice Johnson:41.14,12:David Ferrari:41.34,13:Juan Lefevre:42.84,14:Mei Diallo:40.23,15:Felix Ferrari:36.67,16:Fiona Petit:45.11,17:Jeanne Doan:42.96,18:Gabriel Diop:41.24,19:Juan Sokolov:38.21,20:Carmen Simon:43.50,21:Zoe Nkosi:47.57,22:Erica Tanaka:34.44,23:Elsa Garnier:32.48,24:Sekou Santos:42.96,25:Emma Taylor:35.03,26:Ulysse Garnier:30.59,27:Alice Leroy:44.56,28:Jian Robert:47.03,29:Taro Zimmermann:38.57,30:Natalia Moore:37.59,31:Kenza Weber:34.14,32:Noah Conti:34.44,33:Igor Muller:45.94,34:Camille Santos:33.72,35:Paul Moreau:38.19,36:Jules Kim:37.55,37:Chau Wang:42.75,38:Sekou Ziane:40.26,39:Nicolas Vidal:38.93,40:Zola Smith:30.55,41:Alice Garnier:36.99,42:Youssef Ziane:45.93,43:Rose Haddad:28.27,44:Sonia Ahmed:37.54,45:Silas Le:27.49,46:Natalia Cruz:35.87,47:Kofi Cruz:30.96,48:Leila Greco:34.72,49:Taro Greco:34.32,50:Camille Popov:41.70,51:Rayan Greco:42.24,52:Lian Garnier:39.61,53:Orion Pereira:28.06
6365,Brest,Nice,22/06/2026,2230,1341,1:Kofi Petit:33.16,2:Madison Tran:33.53,3:Jules Santos:57.75,4:Chloe Morozov:47.42,5:David Bruno:46.97,6:Chloe Fernandez:50.62,7:Kai Rossi:51.02,8:Imani Chen:42.73,9:Olivia Tanaka:51.94,10:Theo Le:50.59,11:Natalia Morozov:47.65,12:Ethan Brown:56.72,13:Finn Vo:46.76,14:Hassan Pham:49.66,15:Omar Esposito:57.56,16:Romain Michel:43.12,17:Omar Doan:36.84,18:Nala Le:47.96,19:Arthur Abebe:55.25,20:Baptiste Schmidt:38.46,21:David Faure:57.36,22:Camille Santos:44.03,23:Noah Diop:49.67,24:Isabella Lopez:35.55,25:Jian Michel:42.02,26:Aicha Ziane:41.82,27:Kwame Khelifi:50.26,28:Kimberly Huang:50.89,29:Driss Laurent:52.00,30:Felix Schmidt:52.89,31:Rayan Rodriguez:55.55,32:Lucia Traore:44.02,33:Amandine Ali:42.80,34:Kimberly Schmidt:54.17,35:Jules Oliveira:32.80,36:Harper Wagner:36.19,37:Igor Park:36.84,38:Adrien Conti:34.99
1222,Le Mans,Metz,26/10/2026,2100,0526,1:Quentin Santos:52.85,2:Isabella Smith:34.93,3:Kofi Pereira:53.89,4:Silas Simon:49.29,5:Arthur Abebe:51.65,6:Silas Tran:35.97,7:Harper Cisse:44.09,8:Li Dubois:53.33,9:Alessio Lopez:46.87,10:Jian Clark:50.38,11:Bjorn Johnson:44.23,12:Imani Zhang:51.06,13:Hana Pereira:42.98,14:Zoe Bruno:35.01,15:Wei Moreau:43.47,16:Juan Tran:58.45,17:Clement Cherif:54.49,18:Jian Esposito:50.63,19:Jason Klein:41.10,20:Sophie Schulz:33.26,21:Sophie Vo:44.19,22:Leila Kuznetsov:53.38,23:Samira Rossi:58.48,24:Baptiste Roux:35.47,25:Driss Ziane:53.79,26:Youssef Abebe:49.59,27:Gabriel Lee:55.85,28:Ines Rodrigues:41.25,29:Ricardo Liu:54.91,30:Sara Rodrigues:41.62,31:Minh Rossi:46.03,32:Hazel Fernandez:43.28,33:Taylor Smith:51.04,34:Kimberly Huang:32.91,35:Alessio Boudjema:51.60,36:Minh Schulz:47.29
7304,Rennes,Le Mans,12/03/2026,0830,1055,1:Ryan Khelifi:20.37,2:Finn Wilson:21.25,3:Thao Ahmed:20.65,4:Wei Moreau:17.70,5:Jackson Ramirez:14.39,6::,7:Kimberly Abebe:17.68,8:Ethan Cisse:15.76,9:Chen Diallo:15.99,10:Felix Ferrari:18.65,11:Natalia Cruz:21.49,12:Karim Sousa:22.46,13:Sora Durand:20.91,14:Noah Ramirez:,15:Eloise Oliveira:12.57,16::,17:Yumi Chen:13.34,18:Louis Ouattara:21.30,19:Chloe Conti:15.20,20:Sara Rodrigues:20.17,21::,22:Romain Lopez:13.94,23:Kenza Ferrari:17.09,24:Javier Zimmermann:18.43,25:Nour Wong:17.98,26:Simon Wilson:18.97,27:Jeanne Kuznetsov:21.63,28:Wei Schulz:20.65,29:Jackson Ferrari:21.32,30:Ricardo Nkosi:20.74
3749,Dijon,Perpignan,12/12/2026,2245,0826,1:Baptiste Roux:56.29,2:Ryan Sokolov:36.91,3:Louis Rossi:43.17,4:Igor Moussa:46.77,5:Dylan Popov:36.62,6:Arthur Durand:48.45,7:Skylar Popov:35.71,8:Kofi Suzuki:38.52,9:Karim Sanchez:56.40,10::,11:Erica Cruz:47.38,12::,13:Chen Diallo:55.27,14:Karim Novak:47.91,15:Liam Pereira:46.33,16:Jackson Kuznetsov:45.87,17:Natalia Moore:51.93,18:Sora Durand:43.18,19:Simon Ahmed:43.65,20:Malika Sanchez:51.56,21:Brenda Robert:42.48,22::,23:Oceane Gomez:35.23,24:Bjorn Moore:41.69,25:Kai Rodrigues:53.78,26:Aki Torres:52.53,27:Samira Ramirez:55.59,28:Ryan Cherif:36.31,29:Orion Pereira:39.03,30:Manon Yamamoto:51.97,31:Ryo Sanchez:34.83,32:Corey Gallo:49.55,33:Bilal Wilson:47.96,34:Sonia Bernard:55.57,35:Harper Wagner:32.74,36:Akira Petit:33.21,37:Willow Cruz:37.32,38:Kenza Wang:57.72,39:Minh Ivanov:55.29,40::,41:Bilal Cruz:,42:Jason Greco:39.76,43::,44:Bilal Torres:33.05,45:Carmen Perez:53.23,46:Omar Liu:51.87,47:Hazel Morozov:49.43,48:Bjorn Moreau:55.97,49::,50:Mateo Huang:45.65,51:Chen Nguyen:,52::,53::,54::,55:Jeanne Petit:44.30
4619,Reims,Nice,17/09/2026,2215,0346,1:Liam Rossi:35.33,2:Fode Faure:38.01,3:Emi Wagner:31.86,4:Silas Clark:32.48,5:Sergei Dubois:29.80,6:Ricardo Nkosi:26.89,7:Lian Ferrari:,8:Ricardo Diop:39.15,9:Sora Klein:33.59,10:Mehdi Gomez:38.63,11:Hugo Novak:39.47,12:Zane Suzuki:30.98,13:Javier Petrov:29.44,14:Sergei Vasiliev:31.84,15::,16:Ryo Perez:34.41,17:Omar Esposito:29.83,18:Pierre Almeida:39.44,19:Noah Tanaka:40.42,20:Bjorn Richard:32.12,21:Chau Weber:35.90,22:Aisha Traore:41.50,23:Zane Morozov:28.81,24:Kenza Bernard:34.21,25:Sofia Esposito:23.59,26:David Le:39.72,27:Ryan Fournier:31.98,28:Gabriel Yamamoto:38.94,29:Zachary Thomas:37.99
4040,Perpignan,Rennes,17/06/2026,2230,0751,1:Amandine Faure:37.64,2::,3:Manon Rizzo:46.92,4:Theo Schmidt:47.27,5:Simon Nkosi:56.36,6:Brenda Zimmermann:52.55,7::,8:Hugo Thomas:48.70,9:Leila Johnson:42.97,10:Amine Novak:51.56,11:Zoe Fahmi:39.86,12:Valentine Moreau:42.98,13:Fiona Miller:54.63,14:Arthur Cisse:53.38,15:Chloe Lefevre:35.66,16:Willow Ramirez:45.72,17:Wei Ribeiro:42.26,18:Igor Popov:,19:Nicolas Sanchez:49.55,20:Amine Cherif:32.64,21:Nicolas Ouattara:53.09,22:Sekou Moreau:53.27,23::,24::,25:Akira Rossi:33.24
6014,Reims,Dijon,10/09/2026,1300,1538,1:Jian Lopez:20.84,2:Driss Ziane:20.13,3:Hazel Ribeiro:21.49,4:Javier Novak:16.13,5:Nala Sanchez:14.50,6:Karim Zhang:20.77,7:Elsa Perez:22.29,8:Bilal Torres:12.94,9:Aicha Ziane:22.07,10:Pierre Diallo:19.70,11:Katya Almeida:16.85,12:Arthur Cisse:17.95,13:Jeanne Schmidt:19.01,14:Elsa Garnier:19.06,15:Elena Lopez:19.30,16:Celeste Taylor:18.69,17:Hugo Diallo:17.00,18:Arthur Garnier:19.97,19:Jules Bruno:13.98,20:Igor Muller:14.96,21:Farah Gallo:18.16,22:Driss Conti:22.07,23:Ryo Esposito:20.63,24:Valentine Durand:15.59,25:Ulysse Lopez:14.25,26:Imani Chung:21.49,27:Lea Bianchi:18.34,28:Aki Faure:18.94,29:Samira Ramirez:17.00,30:Samira Russo:13.06,31:Sergei Vasiliev:20.19,32:Sophie Cruz:21.85,33:Zane Michel:17.07,34:Hassan Rodriguez:15.99
4890,Nice,Paris,01/05/2026,0945,2346,1:Javier Dupont:47.16,2:Willow Cruz:36.99,3:Corey Michel:40.93,4:Jeanne Haddad:38.94,5:Pierre Gallo:37.79,6:Akira Zimmermann:51.63,7:Taro Ziane:35.80,8:Karim Fahmi:44.95,9:Willow Abebe:41.61,10:Willow Taylor:45.30,11:Theo Le:44.38,12:Adrien Laurent:52.62,13:Amine Dupont:36.80,14:Liam Alves:38.39,15:Ines Sokolov:37.71,16:Austin Liu:39.54,17:Ryo Rizzo:48.87,18:Lea Suzuki:32.57,19:Nala Wang:57.99
6490,Angers,Rennes,24/05/2026,1200,1513,1:Gabriel Fahmi:22.21,2:Jeanne Kovacs:19.04,3:Sophie Chung:12.69,4:Jason Ramirez:13.43,5:Lucia Hussein:18.31,6:Aicha Garnier:21.27,7:Malika Kowalski:13.69,8:Chau Khan:15.63,9:Kenza Martinez:19.27,10:Hugo Thomas:19.39,11:Jules Liu:17.95,12:Amine Cherif:20.45,13:Kwame Wong:22.29,14:Orion Faure:15.61,15:Ryan Rossi:17.13,16:David Fernandez:16.98,17:Yumi Sanchez:14.12,18:Lucas Khelifi:21.58,19:Pablo Pereira:14.18,20:Sergei Sokolov:16.46,21:Isabella Novak:13.71,22:Ricardo Dubois:14.94,23:Javier Zimmermann:15.26,24:Chloe Lefevre:17.22,25:Sora Esposito:22.41,26:Jian Ali:16.50,27:Louis Fernandez:17.12,28:Oceane Gomez:15.92
6130,Caen,Reims,12/12/2026,1800,0300,1:Driss Conti:48.77,2:Igor Muller:54.16,3:Madison Santos:41.87,4:Lea Conti:34.45,5:Chen Roux:49.04,6:Hana Williams:39.69,7:Romain Zimmermann:36.24,8:Kenza Schulz:38.99,9:Rose Martin:37.30,10:Miguel Clark:34.84,11:Liam Pereira:48.98,12:Ryo Perez:35.83,13:Alessio Gomes:35.13,14:Ryan Morozov:38.65,15:Alessio Wong:39.49,16:Kenji Russo:34.54,17:Akira Rossi:38.31,18:Ryan Khelifi:49.86,19:Natalia Wong:51.27,20:Zola Diop:45.12,21:Mateo Laurent:39.38,22:Lucia Rodriguez:57.95,23:Clement Cherif:32.99,24:Bilal Cruz:55.28,25:Pablo Diop:54.08,26:Hugo Fahmi:58.38,27:Madison Santos:46.83,28:Skylar Rossi:58.07,29:Sonia Tran:51.95,30:Fiona Petit:47.74,31:Hazel Traore:39.73,32:Quentin Gomez:38.18
7323,Nantes,Clermont-Ferrand,18/03/2026,1430,2039,1:Kenza Wang:50.76,2:Miguel Schmidt:43.24,3:Pierre Moussa:28.56,4:Leila Taylor:35.95,5:Mei Liu:29.46,6:Silas Ziane:48.57,7:Quentin Pereira:44.77,8:Amandine Ziane:45.55,9:Alessio Ouattara:42.44,10:Rayan Robert:38.24,11:Orion Bernard:41.87,12:Orion Lefevre:39.12,13:Sophie Benali:28.87,14:Emma Almeida:39.50,15:Rayan Moreau:49.28,16:Wei Kim:31.21,17:Zoe Bruno:44.21,18:Silas Smith:28.71,19:Sekou Moreau:47.67,20:Jules Mohamed:46.51,21:Mei Vidal:47.35,22:Jason Klein:33.45,23:Sora Wagner:50.72,24:Sergei Ribeiro:34.56,25:Romain Sylla:40.82,26:Hana Martinez:34.21,27:Chau Bianchi:40.18,28:Felix Khan:30.54,29:Aisha Martinez:39.61,30:Sekou Kim:35.92,31:Chau Torres:35.15,32:Igor Ali:42.92,33:Ulysse Weber:31.68,34:Taylor Moore:38.93,35:Ines Kovacs:43.94,36:Tristan Diop:48.59,37:Aicha Ndiaye:28.79,38:Zachary Zimmermann:35.72,39:Ulysse Park:38.53,40:Jian Torres:37.42,41:Erica Cruz:32.92,42:Ricardo Vidal:38.72,43:Hassan Pereira:32.08,44:Ryo Williams:31.84,45:Sana Zhang:39.35,46:Nicolas Ahmed:50.70,47:Emi Park:39.19,48:Wei Lefevre:35.59,49:Ines Sokolov:33.01,50:Isabella Novak:30.43,51:Aicha Laurent:50.30,52:Margaux Garnier:40.98,53:Mei Wagner:35.22,54:Gabriel Miller:42.81
6253,Tours,Nantes,05/04/2026,1230,1745,1:Mei Wagner:26.49,2:Lucas Khelifi:45.36,3:Daiki Garcia:29.58,4:Aisha Sanchez:36.39,5:Natalia Moore:29.53,6:Sora Petrov:40.28,7:Samira Rossi:27.90,8:Elsa Park:35.24,9:Minh Sato:34.12,10:Erica Abebe:41.60,11:Orion Bernard:39.99,12:Isabella Novak:33.74,13:Alice Doan:44.91,14:Sekou Moreau:45.32,15:Omar Liu:43.79,16:Emi Johnson:38.46,17:Quentin Wilson:42.80,18:Nour Russo:34.14,19:Elena Richard:39.44,20:Alessio Oliveira:28.21,21:Jules Oliveira:39.09,22:Eloise Schulz:38.33,23:Jian Traore:38.24,24:Camille Wang:27.54,25:Dmitri Hussein:44.56,26:Dmitri Ferrari:26.44
1413,Clermont-Ferrand,Le Mans,22/08/2026,2230,0359,1:Noah Hussein:34.17,2:Clement Kuznetsov:40.67,3:Taylor Moore:33.86,4:Karim Faure:30.31,5:Natalia Perez:26.76,6:Yara Wilson:39.54,7:Skylar Popov:28.37,8:Mei Kovacs:36.95,9:Orion Faure:35.81,10:Jeanne Doan:32.32,11:Sekou Pereira:22.86,12:Farah Diallo:30.37,13:Fode Khelifi:36.53,14:Jackson Popov:33.61,15:Imani Williams:27.81,16:Brenda Le:33.80,17:Imani Nkosi:29.45,18:Fode Conti:38.29,19:Zola Clark:40.44,20:Eloise Weber:33.09,21:Amine Durand:29.19,22:Malika Taylor:37.35,23:Willow Popov:38.88,24:Katya Tran:30.90,25:Zoe Diallo:40.12,26:Leila Taylor:23.31,27:Jian Torres:23.96,28:Alice Johnson:24.30,29:Quentin Fernandez:40.24,30:Thao Tran:22.89,31:Simon Garcia:32.41,32:Willow Tanaka:38.58
2309,Toulouse,Clermont-Ferrand,13/10/2026,0630,1210,1:Aki Bianchi:26.62,2:Thao Ndiaye:26.20,3:Sofia Diop:31.66,4:Lian Oliveira:32.83,5:Tristan Schmidt:25.71,6:Romain Lopez:34.24,7:Zola Martin:41.74,8:Sophie Nguyen:23.83,9:Victor Khelifi:35.29,10:Quentin Gomez:33.39,11:Daiki Gomez:23.75,12:Sora Klein:28.72,13:Harper Cisse:28.17,14:Elena Lopez:26.51,15:Lucia Mohamed:39.61,16:Nicolas Ali:26.08,17:Harper Martin:28.42,18:Willow Cisse:23.75,19:Valentine Huang:29.61,20::,21:Gabriel Miller:26.10,22::,23:Pierre Yamamoto:35.56,24:Liam Rossi:41.14,25:Yumi Simon:33.41,26:Kofi Dubois:24.02
7067,Nice,Saint-Etienne,19/11/2026,1100,1737,1:Hassan Diallo:49.07,2:Baptiste Sousa:38.59,3:Tristan Schmidt:45.72,4:Ulysse Nguyen:29.02,5:Rose Novak:48.51,6:Hazel Morozov:49.46,7:Igor Cisse:36.75,8:Zola Smith:46.80,9:Aicha Ndiaye:35.49,10:Jules Bernard:35.49,11:Mateo Huang:49.81,12:Li Benali:47.98,13:Lea Suzuki:47.12,14:Samira Martin:43.57,15:Liam Yamamoto:29.07,16:Camille Fahmi:35.25,17:Driss Chung:48.68,18:Taro Wilson:40.41,19:Sergei Perez:40.66,20:Akira Zimmermann:35.73,21:Nour Wang:33.69,22:Hugo Ribeiro:43.60,23:Adrien Martin:34.09,24:Natalia Perez:35.93,25:Sonia Ahmed:35.24,26:Oceane Boudjema:42.54,27:Zane Kowalski:32.15,28:Ryo Hussein:49.52,29:Aicha Muller:46.26,30:Felix Khan:29.97,31:David Cherif:31.76,32:Rayan Novak:32.99
6753,Brest,Caen,18/08/2026,1215,1718,1:Ryo Esposito:25.04,2:Finn Weber:28.38,3:Fode Moussa:26.46,4:Sofia Chen:29.51,5:Jules Fernandez:36.44,6:Brenda Zimmermann:37.82,7:Skylar Davis:29.14,8:Arthur Chung:32.26,9:Aisha Ali:36.69,10:Mateo Wang:27.09,11:Karim Zhang:29.02,12:Li Abebe:28.90,13:Oceane Kuznetsov:35.29,14:Sofia Esposito:34.00,15:Rose Mohamed:29.42,16:Liam Santos:37.16,17:Taylor Smith:34.95,18:Madison Lee:23.80,19:Madison Torres:25.50,20:Kofi Williams:24.53,21:Erica Mohamed:39.57,22:Madison Diop:28.22,23:Nour Tran:27.52,24:Lian Kim:29.15,25:Simon Ndiaye:37.40,26:Zoe Davis:38.29,27:Rayan Garcia:26.38,28:Willow Rossi:36.19,29:Arthur Garnier:37.30,30:Imani Laurent:39.57,31:Liam Rossi:34.90,32:Farah Thomas:22.78,33:Ulysse Roux:27.88
7739,Clermont-Ferrand,Perpignan,02/12/2026,1915,0245,1:Omar Singh:39.35,2:Rayan Davis:41.16,3:Isabella Durand:50.96,4:Hana Miller:41.03,5:Ryan Sanchez:39.56,6:Manon Silva:54.14,7:Manon Lefevre:44.36,8:Silas Sylla:41.59,9:Katya Khelifi:47.75,10:Celeste Benali:58.10,11:Gabriel Ouattara:52.80,12:Dylan Moreau:47.56,13:Hassan Martin:49.15,14:Liam Alves:49.20,15:Bjorn Lefevre:46.67,16:Elena Zhang:36.93,17:Harper Vasiliev:51.95,18:Emi Nkosi:52.19,19:Sara Cruz:37.88,20:Zola Martin:37.14,21:Mateo Kuznetsov:37.50,22:Santiago Robert:55.48,23:Finn Kovacs:52.30,24:Jules Bruno:33.49,25:Camille Fahmi:41.59,26:Kenza Perez:33.29,27:Kenza Garnier:36.39,28:Victor Khelifi:41.15,29:Carmen Petrov:34.05,30:Rose Sato:36.40
9004,Bordeaux,Paris,27/04/2026,0715,1605,1:Sofia Ribeiro:44.09,2:Mei Liu:39.05,3:Thao Tran:55.86,4:Thao Singh:36.48,5:Fode Tanaka:56.52,6:Lucas Simon:43.75,7:Driss Ziane:34.45,8:Ethan Durand:46.04,9:Akira Ferrari:52.52,10:Sekou Ahmed:37.46,11:Noah Brown:40.94,12:Corey Martin:39.25,13:Santiago Huang:37.05,14:Brenda Rizzo:38.77,15:Nour Rodrigues:57.96,16:Sonia Huang:33.81,17:Finn Kowalski:37.83,18:Kai Michel:53.03,19:Igor Cherif:55.97,20:Willow Tanaka:42.07,21:Santiago Ferrari:38.24,22:Austin Doan:33.06,23:Erica Ribeiro:36.26,24:Yumi Russo:35.49,25:Malika Vasiliev:38.32,26:Malika Martin:34.09,27:Madison Moussa:55.89
4951,Metz,Marseille,23/08/2026,2215,0354,1:Silas Le:28.27,2:Jian Ramirez:35.08,3:Manon Yamamoto:45.03,4:Sana Doan:41.84,5:Zane Davis:30.24,6:Elena Richard:38.73,7:Liam Pereira:31.35,8:Fode Faure:41.59,9:Sora Rodriguez:35.16,10:Rose Yamamoto:32.63,11:Jeanne Petit:35.14,12:Zachary Chung:29.46,13:Amandine Robert:44.10,14:Santiago Robert:39.90,15:Bjorn Moreau:40.61,16:Pierre Ribeiro:38.07,17:Ryan Martin:42.70,18:Romain Wong:37.98,19:Samira Tran:35.57,20:Chloe Kim:47.07,21:Amandine Chung:47.90,22:Kenji Simon:33.75,23:Arthur Gomes:27.09,24:Margaux Garnier:32.73,25:Austin Doan:28.09,26:Silas Greco:39.07,27:Wei Lopez:31.80,28:Jason Greco:45.14,29:Liam Pham:30.94,30:Sekou Fournier:29.85,31:Skylar Richard:33.33,32:Lian Ferrari:42.96
7012,Nice,Montpellier,12/07/2026,1845,0000,1:Katya Tran:34.26,2:Valentine Singh:37.60,3:Aicha Santos:33.40,4:Skylar Laurent:36.08,5:Mateo Kuznetsov:32.81,6:Pierre Ribeiro:34.72,7:Chau Khan:39.78,8:Hassan Rodriguez:25.45,9:Chau Almeida:29.62,10:Silas Le:30.29,11:Victor Khelifi:24.33,12:Arthur Perez:28.40,13:Nour Tran:30.58,14:Chen Pereira:30.66,15:Mehdi Abebe:34.16,16:Yara Wilson:31.51,17:Ricardo Nkosi:25.47,18:Bilal Clark:35.13,19:Harper Martin:23.34,20:Zane Lee:26.85,21:Zachary Vo:32.17,22:Taro Wilson:27.83,23:Sofia Esposito:30.25,24:Olivia Alves:40.10,25:Javier Dupont:32.89,26:Li Gomez:24.58,27:Oceane Gomez:40.65
9260,Clermont-Ferrand,Strasbourg,03/02/2026,2000,0316,1:Emma Brown:36.92,2:Mei Nkosi:49.46,3::,4:Clement Fernandez:42.74,5:Clement Lee:39.38,6:Camille Morozov:53.18,7:Sana Park:36.33,8:Hugo Robert:,9:Isabella Nkosi:,10:Ulysse Park:49.88,11:Liam Vasiliev:54.27,12:Quentin Chung:50.92,13:Miguel Dupont:44.22,14::,15:Jules Martin:53.02,16:Youssef Doan:52.16,17:Arthur Durand:42.45,18:Leila Pham:46.20,19:Rose Ramirez:40.49,20:Finn Davis:33.96,21:Lian Lee:50.25,22:Adrien Garnier:56.71,23:Adrien Chung:56.43,24:Arthur Chung:39.58,25:Brenda Le:35.67,26:Gabriel Muller:34.10,27:Santiago Clark:41.32,28:Samira Russo:42.74,29:Pablo Clark:49.82,30:Leila Greco:55.76,31:Jeanne Kovacs:58.24,32:Miguel Schmidt:40.24
5764,Angers,Grenoble,31/03/2026,0700,1320,1:Brenda Ouattara:51.27,2:Mehdi Abebe:50.47,3:Youssef Bianchi:35.37,4:Ines Sokolov:44.28,5:Maria Traore:54.12,6:Harper Ouattara:36.42,7:Camille Wang:35.31,8:Igor Chen:32.69,9:Olivia Sousa:53.73,10:Jeanne Wang:41.22,11:Thao Tran:35.72,12:Margaux Conti:31.52,13:Aisha Sanchez:47.83,14:Sophie Benali:40.31,15:Ines Haddad:41.33,16:Sophie Alves:38.50,17:Bilal Thomas:42.59,18:Rayan Chen:36.78,19:Ulysse Johnson:53.51,20:Louis Fernandez:52.83,21:Kenza Garnier:37.98,22:Kofi Khan:35.95,23:Elena Ziane:33.27,24:Aicha Ziane:53.41,25:Margaux Khan:43.72,26:Natalia Durand:42.53,27:Kenza Ferrari:32.13,28:Akira Petit:40.00,29:Lucas Simon:50.90,30:Leila Taylor:54.18,31:Juan Lefevre:54.91,32:Kenji Leroy:47.47,33:Jules Oliveira:38.94,34:Amandine Haddad:37.78,35:Adrien Conti:39.03
8785,Saint-Etienne,Nantes,08/08/2026,1230,,1::,2:Oceane Huang:47.50,3:Corey Yamamoto:54.61,4:Ricardo Alves:36.23,5:Kai Rodrigues:54.73,6:Rayan Rodrigues:37.45,7:Eloise Oliveira:50.64,8:Katya Gallo:50.71,9:Hassan Liu:33.07,10:Taro Ziane:42.37,11:Omar Kovacs:42.70,12:Taylor Kim:49.41,13:Mateo Oliveira:42.17,14:Sophie Ali:43.13,15::,16:Aisha Sanchez:53.81,17:Silas Martin:41.11,18:Nicolas Yamamoto:38.95,19:Youssef Popov:48.25,20:Tristan Sousa:51.74,21:Alice Hussein:44.04,22:Hazel Hussein:42.02,23::,24::,25::,26:Sophie Vo:44.06,27:Oceane Boudjema:44.38,28:Karim Zhang:35.60,29:Celeste Bianchi:43.92,30:Jian Zimmermann:36.11,31:Yumi Simon:45.27,32:Harper Rizzo:,33:Aki Rodriguez:44.89,34:Lucia Esposito:46.29,35:Aicha Michel:37.27,36:Zoe Novak:39.12,37:Paul Ahmed:34.17,38:Mehdi Roux:46.22
9119,Lyon,Dijon,14/05/2026,1945,2129,1:Sekou Ahmed:15.90,2:Mehdi Benali:15.85,3:Gabriel Schmidt:14.67,4:Ricardo Rodriguez:20.05,5:Leila Hussein:19.57,6:Minh Rizzo:20.82,7:Manon Perez:15.79,8:Ryan Fernandez:20.46,9:Hana Wagner:15.14,10:Miguel Boudjema:15.06,11:Bjorn Greco:13.70,12:Minh Rizzo:14.65,13:Lucia Traore:19.64,14:Hassan Liu:12.91,15:Bjorn Lefevre:18.34,16:Paul Kowalski:21.50,17:Aisha Sanchez:21.86,18:Sara Khelifi:19.27,19:Zola Greco:15.89,20:Hana Gallo:14.39,21:Jackson Ferrari:13.77,22:Noah Brown:17.70,23:Alice Alves:21.83,24:Hana Martinez:13.07,25:Minh Gomes:20.73,26:Harper Ribeiro:17.26,27:Aisha Gallo:13.69,28:Brenda Dubois:14.27,29:Noah Gallo:21.67
7838,Nice,Reims,05/09/2026,1845,0127,1::,2:Santiago Ferrari:33.85,3:Elsa Suzuki:47.53,4:Javier Wang:33.57,5:Ryan Rodriguez:36.04,6:Sana Vo:51.71,7:Dmitri Vidal:53.14,8:Ulysse Wang:48.61,9:Katya Yamamoto:32.49,10:Sonia Kim:40.29,11:Nicolas Wong:55.70,12:Fode Diallo:44.83,13:Tristan Schmidt:51.86,14:Daiki Kim:51.11,15:Minh Fahmi:52.38,16:Hazel Lefevre:,17:Miguel Greco:54.43,18:Camille Diallo:36.70,19:Oceane Gomez:37.65,20:Nicolas Kowalski:32.56,21:Akira Chen:48.87,22:Juan Rizzo:34.25,23:Corey Laurent:44.14,24:Taylor Silva:38.00,25:Willow Vo:42.07,26:Sora Durand:53.05,27:Amine Rizzo:33.05,28:Sergei Boudjema:56.86,29:Clement Esposito:32.92,30:Quentin Santos:51.54,31:Hazel Laurent:55.09,32:Margaux Muller:44.29,33:Nour Fernandez:33.65,34:Amandine Chung:36.33,35:Alice Johnson:40.78,36:Imani Perez:37.61
2564,Nice,Strasbourg,31/07/2026,1845,2358,1:Miguel Schmidt:35.99,2:Nour Morozov:25.70,3:Simon Ndiaye:26.53,4:Mateo Wang:32.96,5:Daiki Bianchi:40.96,6:Igor Muller:41.95,7:Manon Clark:32.29,8:Jason Ramirez:40.74,9:Manon Taylor:25.00,10:Corey Laurent:39.21,11:Wei Ferrari:33.15,12:Sergei Ramirez:35.47,13:Quentin Schulz:38.13,14:Karim Zhang:35.12,15:Gabriel Yamamoto:24.65,16:Daiki Kim:24.37,17:Taro Doan:36.32,18:Finn Fernandez:39.15,19:Lucas Clark:39.47,20:Silas Brown:34.91,21:Oceane Lee:42.78,22:Jian Ramirez:24.18,23:Manon Rizzo:24.59,24:Yara Clark:34.80,25:Kwame Weber:28.22,26:Minh Schulz:36.41,27:Katya Khelifi:39.04,28:Kenza Chen:30.71,29:Chau Khan:40.03,30:Pablo Richard:25.46,31:David Le:25.77,32:Paul Diop:39.69,33:Zachary Haddad:26.33,34:Sofia Wang:35.22
1016,Reims,Saint-Etienne,26/10/2026,1615,2037,1:Fode Wilson:28.74,2:Hana Garnier:26.55,3:Zachary Popov:34.50,4:Omar Ouattara:21.65,5:Nicolas Wong:20.29,6:Ryo Perez:30.19,7:Gabriel Fahmi:24.39,8:Kenza Weber:29.11,9:Mehdi Roux:23.56,10:Elsa Conti:25.23,11:Sofia Lee:21.06,12:Tristan Sousa:35.27,13:Aicha Muller:25.32,14:Erica Morozov:20.81,15:Dmitri Vidal:24.67,16:Hana Martinez:22.97,17:Kwame Schulz:23.12,18:Nour Sousa:22.96,19:Zola Garcia:35.45,20:Simon Moore:26.83,21:Amandine Wilson:35.39,22:Willow Traore:32.31,23:Theo Sousa:28.48,24:Paul Davis:23.22,25:Isabella Dupont:33.59,26:Clement Esposito:20.43,27:Kai Ahmed:27.41,28:Arthur Durand:33.22,29:Santiago Perez:27.39,30:Noah Lopez:25.48,31:Austin Haddad:21.23,32:David Simon:29.44,33:Camille Alves:23.99,34:Louis Haddad:24.87,35:Igor Popov:20.52,36:Kenza Fahmi:32.24,37:Olivia Ribeiro:25.91,38:Karim Petrov:30.16,39:Aki Ivanov:32.23,40:Erica Ribeiro:27.97,41:Karim Sousa:29.41,42:Nour Smith:30.18,43:Alessio Haddad:26.44,44:Mateo Wang:23.92,45:Liam Rossi:24.22,46:Tristan Moreau:20.97,47:Sara Martinez:26.18,48:Malika Nguyen:25.05,49:Yara Wong:25.87,50:Adrien Martin:30.21
9546,Nantes,Clermont-Ferrand,01/11/2026,0845,1610,1:Lea Tran:53.17,2:Chloe Russo:55.91,3:Manon Perez:40.67,4:Elena Laurent:42.54,5:Louis Park:54.38,6:Youssef Abebe:58.01,7:Camille Morozov:58.09,8:Tristan Sousa:57.95,9:Nour Wong:56.96,10:Juan Petit:40.55,11:Fode Ferrari:57.63,12:Maria Tran:50.56,13:Noah Khan:45.89,14:Alice Huang:38.28,15:Jason Ramirez:54.55,16:Ryan Fernandez:41.61,17:Zachary Traore:49.98,18:Quentin Roux:46.34,19:Bjorn Lefevre:52.39,20:Sergei Rossi:38.26,21:Yumi Simon:54.30,22:Tristan Diop:47.79,23:Liam Rodriguez:50.79,24:Elena Ziane:41.65,25:Dylan Petit:54.13,26:Natalia Martinez:37.43,27:Harper Ferrari:40.49,28:Lea Sato:38.69
1943,Paris,Lille,07/05/2026,0830,1055,1:Noah Diop:17.27,2:Olivia Kuznetsov:21.81,3:Elsa Greco:14.60,4:Simon Yamamoto:13.72,5:Amandine Cisse:13.54
3242,Marseille,Bordeaux,24/05/2026,2130,0711,1:Lucas Singh:56.50,2:Finn Davis:50.33,3:Youssef Ramirez:44.13,4:Zachary Wilson:57.17,5:Javier Wang:50.07,6:Santiago Khan:46.91,7:Igor Doan:39.62,8:Minh Schulz:57.05,9:Zachary Gomes:43.57,10:Yumi Chen:38.69,11:Ines Kovacs:47.58,12:Ines Pereira:49.01,13:Manon Kim:56.21,14:Louis Ndiaye:32.86,15:Eloise Moreau:32.67,16:Yara Miller:44.18,17:Simon Ndiaye:47.17,18:Manon Gomez:33.01,19:Ulysse Liu:35.92,20:Javier Novak:54.54,21:Celeste Chung:39.30,22:Jeanne Moreau:52.79,23:Sofia Davis:38.34,24:Elena Oliveira:55.13,25:Imani Ahmed:42.67,26:Amine Rizzo:35.31,27:Clement Fernandez:41.42,28:Nicolas Miller:54.27,29:Omar Esposito:32.98,30:Finn Tran:37.62,31:Baptiste Santos:41.09,32:Emi Robert:56.64,33:Margaux Khan:42.98,34:Zola Smith:55.71,35:Javier Leroy:51.04,36:Ryan Moreau:50.55,37:Isabella Lopez:57.02,38:Skylar Laurent:37.30,39:Elsa Perez:35.76,40:Zane Zhang:43.72,41:Ryan Ziane:43.04,42:Kenji Mohamed:35.34,43:Simon Yamamoto:38.25,44:Zane Cherif:53.56,45:Zoe Dubois:50.08,46:Zachary Traore:38.57,47:Jeanne Doan:47.84,48:Chloe Conti:36.39,49:Imani Perez:48.38,50:Santiago Zimmermann:57.24,51:Ethan Ramirez:42.58,52:Nala Miller:57.95
4417,Toulouse,Rennes,30/11/2026,2015,0439,1:Clement Esposito:57.89,2:Carmen Petrov:49.81,3:Silas Greco:56.76,4:Zane Almeida:42.71,5:Imani Rodriguez:39.41,6:Ryo Williams:52.86,7:Ryo Michel:43.37,8:Li Abebe:36.48,9:Lea Brown:39.03,10:Finn Diallo:49.04,11:Kenza Weber:33.98,12:Finn Cherif:51.20,13:Amine Lefevre:49.99,14:Ryo Boudjema:35.07,15:Erica Cruz:39.63,16:Alessio Ali:33.21,17:Felix Ivanov:36.41,18:Karim Faure:39.28,19:Liam Pereira:40.48,20:Felix Huang:38.59,21:Chen Nguyen:42.97,22:Harper Moreau:36.10,23:Omar Singh:52.81,24:Romain Santos:50.15,25:Austin Schmidt:45.19,26:Fode Yamamoto:48.32
2391,Clermont-Ferrand,Strasbourg,15/12/2026,1900,0201,1:Felix Perez:57.80,2:Alessio Ali:45.36,3:Baptiste Ribeiro:42.08,4:Austin Schmidt:36.65,5:Aicha Robert:42.87,6:Valentine Smith:46.40,7:Ethan Dupont:33.29,8:Mateo Huang:39.86,9:Austin Gomes:41.91,10:Alessio Gomes:35.95,11:Manon Taylor:56.96,12:Hana Klein:52.05,13:Leila Johnson:54.19,14:Zoe Novak:41.27,15:Arthur Robert:47.65,16:Taro Wang:55.63,17:Natalia Weber:52.68,18:Yara Kovacs:53.98,19:Wei Ferrari:54.05,20:Sora Weber:47.82,21:Ines Pereira:43.81,22:Pierre Rodriguez:58.32,23:Igor Muller:39.94,24:Wei Chung:48.55,25:Eloise Fahmi:45.63,26:Omar Cisse:34.57,27:Fode Wang:58.15,28:Natalia Fournier:50.50,29:Amandine Conti:46.28,30:Rose Robert:35.85,31:Kenza Traore:56.15,32:Leila Roux:42.08,33:Farah Thomas:56.39,34:Natalia Zhang:40.17,35:Sergei Rossi:37.64,36:Awa Doan:34.55,37:Corey Faure:33.46,38:Jason Yamamoto:52.52,39:Fiona Petrov:57.55,40:Daiki Kim:41.33,41:Akira Fournier:33.89,42:Manon Popov:40.35,43:Chloe Lefevre:52.60
1756,Rouen,Angers,18/09/2026,1030,1458,1:Felix Lefevre:22.27,2:Louis Simon:24.90,3:Jules Bruno:33.11,4:Driss Williams:34.74,5:Mehdi Conti:30.87,6:Nala Mohamed:24.29,7:Tristan Garnier:27.27,8:Rose Garcia:31.40,9:Taylor Wilson:32.49,10:Natalia Cruz:27.39,11:Paul Pereira:23.39,12:Noah Vo:31.96,13:Harper Ribeiro:19.84,14:Karim Leroy:20.88,15:Natalia Durand:26.39,16:Sora Wagner:32.44,17:Hazel Ribeiro:26.68,18:Taylor Moore:32.88,19:Zachary Wong:33.80,20:Fode Wilson:33.72,21:Silas Simon:21.66,22:Miguel Sylla:23.54,23:Leila Vo:31.11,24:Chau Fournier:31.15,25:Dylan Ouattara:25.52,26:Santiago Sanchez:32.08
4059,Limoges,Toulouse,05/04/2026,2245,0346,1:Isabella Ivanov:29.51,2:Jackson Ferrari:29.38,3:Adrien Vasiliev:26.41,4:Eloise Fahmi:24.57,5:Sonia Boudjema:27.00,6:Chloe Traore:39.17,7:Yara Hussein:31.29,8:Brenda Dubois:38.40,9:Pierre Ribeiro:28.79,10:Sora Davis:34.07,11:Ines Rodrigues:40.25,12:Karim Zhang:32.48,13:Taro Gallo:34.72,14:Bjorn Schmidt:39.13,15:Carmen Cisse:33.55,16:Brenda Mohamed:39.76,17:Emi Nkosi:30.72,18:Ryo Rizzo:33.06,19:Rose Rodriguez:31.32,20:Mei Kovacs:23.54,21:Rose Miller:23.93,22:Sana Doan:29.75,23:Madison Santos:38.01,24:Camille Fahmi:37.20,25:Zoe Perez:39.76,26:Skylar Popov:26.68,27:Kwame Schulz:24.18,28:Bilal Ali:36.99,29:Igor Moussa:31.25,30:Zola Martin:27.26,31:Natalia Mohamed:35.95,32:Jason Ndiaye:30.11
6655,Marseille,Metz,17/02/2026,1945,0005,1:Skylar Popov:24.98,2:Rayan Dubois:26.21,3:Nicolas Bernard:23.83,4:Eloise Sanchez:28.17,5:Sonia Kim:32.02,6:Sara Greco:21.85,7:Gabriel Park:30.07,8:Dylan Popov:23.64,9:Ricardo Dubois:20.93,10:Olivia Wong:28.08,11:Yara Cisse:25.96,12:Hugo Miller:22.03,13:Hassan Pham:24.17,14:Samira Bruno:27.60,15:Zoe Huang:28.43,16:Sofia Klein:24.48,17:Nala Wang:30.63,18:Sara Schmidt:31.28,19:Igor Chen:18.73,20:Miguel Diop:20.95,21:Isabella Ivanov:28.80,22:Zoe Rodrigues:32.65,23:Eloise Weber:29.04,24:Jeanne Kuznetsov:30.12,25:Jackson Diop:32.02,26:Sergei Vasiliev:32.36,27:Gabriel Rodrigues:21.11,28:Zoe Novak:31.70,29:Daiki Moussa:24.64,30:Baptiste Bianchi:18.28,31:Fode Park:20.58,32:Javier Schmidt:22.72,33:Emma Nguyen:28.93,34:Emi Schulz:20.53,35:Mehdi Bernard:27.57,36:Tristan Ivanov:29.88,37:Samira Gomes:26.33,38:Fode Dubois:19.40,39:Theo Gomes:18.82,40:Imani Singh:20.61,41:Finn Weber:26.20,42:Louis Haddad:32.13,43:Yasmine Zhang:18.76,44:Jules Bruno:18.65
7247,Nice,Bordeaux,12/04/2026,1015,0018,1:Hugo Greco:34.61,2:Hassan Diallo:41.05,3:Oceane Bernard:37.69,4::,5:Nicolas Bernard:37.73,6::,7:Madison Gomes:58.11,8:Mehdi Sato:47.88,9::,10:Eloise Khan:46.33,11:Brenda Mohamed:33.85,12:Willow Tanaka:54.63,13:Wei Lopez:34.64,14:Juan Rizzo:51.92,15:Wei Leroy:,16:Louis Haddad:33.57,17::,18:Baptiste Pham:36.98,19:Kofi Williams:51.15,20:Celeste Taylor:47.15,21:Jackson Ramirez:54.34,22:Chloe Kuznetsov:54.93,23:Santiago Ferrari:57.88,24::,25:Kenza Martinez:57.70,26::
2368,Le Mans,Clermont-Ferrand,12/09/2026,1745,2259,1:Corey Lefevre:27.03,2:Lea Conti:32.19,3:Celeste Benali:43.99,4:Driss Ziane:27.69,5:Lea Weber:31.05,6:Mateo Benali:39.90,7:Bjorn Gallo:45.21,8:Li Wilson:34.51,9:Dylan Roux:34.47,10:Baptiste Schmidt:35.47
8784,Perpignan,Nice,05/07/2026,1415,2124,1:Javier Petrov:47.41,2:Lea Sato:57.17,3:Sergei Ribeiro:45.38,4:Mehdi Laurent:53.47,5:Akira Ferrari:57.94,6:Natalia Sylla:57.67,7:Zane Suzuki:45.53,8:Natalia Ali:37.34,9:Quentin Gomez:34.77,10:Alessio Almeida:53.04,11:Sora Klein:50.27,12:Carmen Miller:53.38,13:Orion Laurent:35.00,14:Chau Torres:51.02,15:Oceane Singh:45.96,16:Olivia Kim:36.24,17:Hassan Russo:45.51,18:Elena Richard:54.87,19:Emma Brown:33.18,20:Aicha Muller:33.79,21:Santiago Sousa:45.77,22:Paul Muller:57.47,23:Yara Kovacs:33.81,24:Kenza Bernard:57.67,25:Minh Gomes:49.71,26:Willow Fernandez:35.52,27:Elena Zhang:51.49,28:Juan Greco:43.41,29:Youssef Wagner:50.67,30:Victor Nkosi:36.65
4705,Angers,Saint-Etienne,19/08/2026,2200,0343,1:Skylar Davis:41.50,2:Simon Le:38.03,3:Isabella Smith:32.85,4:Elena Boudjema:33.43,5:Aicha Garnier:25.70,6:Ryo Bruno:,7:Baptiste Suzuki:30.05,8:Victor Khelifi:34.49,9:Rose Martin:31.45,10:Chau Torres:25.78,11:Ethan Durand:40.20,12::,13:Awa Suzuki:42.58,14:Natalia Sylla:39.90,15:Rayan Torres:25.72,16:Fode Fournier:37.83,17:Louis Sanchez:26.43,18:Theo Dubois:28.21,19:Kenza Garnier:32.14,20:Noah Brown:38.04,21:Jason Yamamoto:25.68,22:Aicha Robert:34.89,23:Isabella Fahmi:42.13,24:Harper Vasiliev:34.57,25:Emma Martin:30.90,26:Hana Bianchi:39.94,27:Taylor Conti:29.42,28:Wei Leroy:32.03,29:Louis Haddad:27.89,30:Kenji Simon:41.83,31:Omar Cisse:38.89,32:Youssef Bianchi:34.09
2918,Clermont-Ferrand,Nice,19/08/2026,1245,2010,1:Sonia Michel:58.29,2:Ethan Durand:45.05,3:Quentin Santos:36.23,4:Hassan Gomez:43.73,5:Kenza Pereira:52.22,6:Santiago Robert:57.60,7:Isabella Benali:51.65,8:Willow Smith:55.78,9:Fode Tanaka:55.59,10:Isabella Park:51.52,11:Orion Laurent:48.80,12:Ryo Esposito:38.47,13:Ricardo Rodriguez:37.27,14:Emi Wang:49.11,15:Youssef Sousa:38.71,16:Taylor Gomes:51.30,17:Ulysse Dupont:46.19,18:Zoe Popov:56.75,19:Fode Ferrari:56.27,20:Hassan Kowalski:32.84,21:Paul Moussa:50.35,22:Kofi Ndiaye:56.84,23:Juan Lefevre:48.01,24:Quentin Chen:36.13,25:Sophie Wang:43.00,26:Zoe Davis:41.17,27:Alessio Boudjema:45.16,28:Katya Almeida:52.97,29:Noah Gallo:34.18,30:Celeste Boudjema:37.66,31:Nour Smith:43.74,32:Natalia Klein:47.73,33:Kenza Ferrari:53.09,34:Zola Schmidt:42.57
7892,La Rochelle,Rennes,31/07/2026,0800,1119,1:Corey Michel:17.75,2:Elena Diop:22.57,3:Corey Weber:24.70,4:Sofia Davis:24.28,5:Hazel Khan:26.09,6:Karim Zhang:19.13,7:Valentine Rodrigues:24.36,8:Hazel Hussein:26.15,9:Ryo Klein:23.04,10:Ryo Boudjema:19.96,11:Isabella Fahmi:17.05,12:Olivia Tanaka:27.07,13:Zola Clark:26.39,14:Farah Pereira:28.22,15:Ethan Bianchi:26.74,16:Lucas Khelifi:21.30,17:Silas Le:18.95,18:Hassan Liu:24.11,19:Felix Khan:19.71,20:Ulysse Roux:24.35,21:Rose Smith:16.65,22:Hugo Nkosi:23.27,23:Mei Garnier:23.96,24:Hassan Singh:22.13,25:Margaux Schmidt:22.90,26:Chloe Durand:21.07,27:Aki Kovacs:27.29,28:Bilal Wilson:25.87,29:Simon Garnier:23.78,30:Sana Park:18.61,31:Imani Kuznetsov:22.79,32:Jules Liu:22.17,33:Austin Liu:25.01
4007,Tours,Saint-Etienne,01/07/2026,2215,0242,1:Carmen Cisse:21.22,2:Fode Faure:33.35,3:Zachary Chung:33.87,4:Mateo Abebe:33.54,5:Nala Simon:25.52,6:Finn Vo:27.59,7:Valentine Moreau:30.07,8:Kwame Conti:23.62,9:Carmen Petrov:31.06,10:Zoe Fahmi:27.04,11:Sofia Silva:23.10,12:Sekou Hussein:21.34,13:Li Faure:20.92,14:Yumi Liu:32.45,15:Zane Almeida:30.49,16:Daiki Garcia:20.65,17:Margaux Schmidt:31.35,18:Lian Le:20.58,19:Miguel Greco:32.51,20:Rayan Garcia:30.93,21:Mehdi Wilson:21.20,22:Nala Garnier:27.16
6973,Perpignan,Rennes,25/10/2026,2130,0755,1:Ryo Perez:35.38,2:Imani Nkosi:40.53,3:Amine Torres:50.33,4:Jason Ramirez:33.49,5:Imani Alves:58.17,6:Isabella Durand:32.82,7:Amandine Le:53.33,8:Alessio Haddad:43.77,9:Austin Haddad:48.62,10:Arthur Abebe:43.03,11:Mateo Laurent:35.73
7328,Tours,Toulouse,01/02/2026,1500,2245,1:Jian Martinez:,2:Alessio Ferrari:47.71,3:Fiona Petit:44.01,4:Camille Pereira:,5:Baptiste Rossi:46.56,6:Maria Garnier:51.03,7:Igor Chen:42.85,8:Quentin Wilson:54.26,9:Minh Smith:43.02,10:David Fernandez:48.22,11:Quentin Ali:46.80,12:Valentine Oliveira:44.29,13:Aicha Laurent:47.86,14:Pierre Traore:33.82,15:Liam Pereira:53.78,16:Chen Morozov:33.10,17:Kenji Boudjema:57.16,18:David Rizzo:37.71,19:Awa Doan:42.77,20::,21:Pierre Cruz:49.14,22:Sophie Cruz:33.44,23:Louis Ouattara:45.90,24:Chloe Novak:52.26,25:Leila Vidal:50.63,26:Sara Cruz:43.44,27:Sora Russo:52.06,28:Manon Clark:34.70,29:Ryan Moreau:52.81,30:Bjorn Moreau:,31:Kai Park:51.39,32:Juan Tran:42.74,33:Taro Greco:57.17,34:Chloe Wong:39.86,35:Silas Ribeiro:49.24,36:Madison Santos:48.99,37:Zachary Wilson:43.77,38:Akira Martin:39.27,39:Lian Cruz:39.08,40::,41:Fode Fournier:54.80,42:Adrien Vasiliev:53.65,43:Liam Vasiliev:49.10,44::,45:Katya Gallo:51.02,46:Igor Muller:42.48,47:Imani Chen:41.67,48:Awa Sato:,49:Karim Faure:44.90
5724,Rennes,Lille,02/04/2026,0815,1323,1:Pierre Cruz:29.60,2:Natalia Ali:35.43,3:Felix Huang:40.60,4:Natalia Davis:35.74,5:Ines Doan:25.63,6:Fode Khelifi:34.19,7:Alice Tanaka:42.18,8:Daiki Bianchi:40.94,9:Juan Lefevre:35.94,10:Awa Suzuki:36.09,11:Pablo Liu:36.72,12:Amandine Robert:29.29,13:Javier Petrov:35.07,14:Sekou Greco:37.83,15:Elsa Singh:35.22,16:Jules Torres:27.87,17:Farah Nkosi:30.10,18:Simon Garnier:41.20,19:Zane Almeida:32.68,20:Sekou Ziane:41.47,21:Thao Ndiaye:25.40,22:Kofi Ndiaye:28.85,23:Miguel Diop:31.82,24:Ryo Doan:24.96,25:Silas Sylla:42.17,26:Kofi Williams:32.00,27:Romain Diallo:28.90
1680,Rouen,Toulouse,07/06/2026,0715,1714,1:Rayan Rodriguez:55.07,2:Miguel Sylla:41.84,3:Sana Zhang:49.73,4::,5:Olivia Kim:35.06,6:Orion Pereira:41.13,7::,8:Kimberly Schmidt:56.94,9:Camille Schmidt:46.82,10::,11:Austin Gomes:32.55,12:Minh Benali:44.61,13:Javier Brown:43.10,14:Wei Lopez:55.84,15:Akira Novak:42.84,16:Carmen Sato:57.64,17:Zane Suzuki:38.40,18:Madison Lee:36.03,19:Madison Torres:34.78,20:Carmen Bruno:56.53,21:Igor Chen:32.64,22:Simon Moore:36.62,23:Emi Schulz:,24:Eloise Weber:55.26,25:Madison Tran:46.62,26:Imani Nkosi:32.51,27:Juan Miller:55.34,28::
9404,Montpellier,Lyon,27/07/2026,2015,0209,1:Victor Huang:36.74,2:Nicolas Greco:26.72,3:Carmen Wagner:35.25,4:Felix Klein:35.55,5:Malika Taylor:33.29,6:Samira Ramirez:30.30,7:Omar Martinez:31.81,8:Lea Bianchi:27.39,9:Igor Alves:40.13,10:Mateo Brown:27.33,11:Romain Santos:40.56,12:Arthur Robert:26.83,13:Katya Ahmed:36.04,14:Manon Moreau:41.54,15:Leila Zhang:26.93
3529,Lille,La Rochelle,02/03/2026,0800,1514,1:Valentine Rodrigues:34.13,2:Quentin Fernandez:35.92,3:Mei Nguyen:31.59,4:Chau Ali:42.09,5:Arthur Perez:35.97,6:Malika Robert:53.54,7:Lucas Khelifi:51.21,8:Kimberly Schmidt:47.03,9:Ines Doan:42.13,10:Madison Gomes:48.60,11::,12:Taro Ziane:38.36,13:Taylor Moore:41.98,14:Hassan Martin:35.38,15:Elena Richard:51.82,16:Fiona Cruz:55.60,17::,18:Malika Suzuki:37.19,19:Natalia Muller:39.09,20:Carmen Faure:45.56,21:Clement Zimmermann:35.41,22:Karim Leroy:,23:Mehdi Zhang:44.85,24:Zane Morozov:42.75,25:Jules Bruno:56.04,26:Corey Martin:49.75,27:Dylan Popov:55.35,28::,29:Dylan Rizzo:40.13,30:Aisha Ali:37.92,31:Yara Cisse:42.72
4741,Brest,La Rochelle,22/05/2026,2100,0252,1:Jules Moore:40.15,2:Silas Ribeiro:41.00,3:Santiago Perez:44.10,4:Sora Haddad:29.52,5:Karim Sanchez:32.11,6:Javier Davis:40.86,7:Harper Vasiliev:31.61,8:Corey Ivanov:26.40,9:Noah Hussein:38.72,10:Taylor Gomes:40.96,11:Orion Faure:40.49,12:Pierre Bruno:26.22,13:Sofia Ramirez:39.02,14:Oceane Kuznetsov:25.45,15:Jian Clark:27.18,16:Minh Schulz:28.10,17:Yumi Simon:36.00,18:Chloe Weber:28.36,19:Kwame Conti:33.41,20:Clement Fournier:34.38,21:Zane Zhang:27.34,22:Dylan Petrov:30.44,23:Kofi Williams:28.04,24:Taro Ziane:41.25,25:Pierre Almeida:33.53,26:Mateo Vasiliev:41.94,27:Aicha Laurent:40.14,28:Louis Clark:40.93,29:Camille Moreau:33.93,30:Ulysse Liu:44.73,31:Taylor Cruz:34.82,32:Javier Dupont:43.94,33:Driss Bernard:26.09,34:Miguel Pereira:32.39,35:Nour Tran:36.02,36:Li Gomez:26.32,37:Hugo Russo:31.02,38:Louis Ndiaye:31.87,39:Zachary Wong:42.32,40:Hugo Leroy:36.46,41:Zane Cherif:40.65,42:Rose Perez:35.19,43:Rose Miller:26.42,44:Nour Smith:44.69,45:Katya Schulz:31.33,46:Malika Kowalski:32.14,47:Chloe Brown:45.07,48:Madison Tanaka:39.87,49:Sora Weber:27.02,50:Karim Haddad:29.75,51:Hana Klein:37.83,52:Lian Cruz:28.37
7858,Paris,Dijon,05/12/2026,0745,1529,1:Clement Wilson:48.07,2:Nala Garnier:48.83,3:Hazel Lefevre:33.61,4:Mei Diallo:46.64,5:Fode Wang:51.99,6:Imani Kuznetsov:46.85,7:Louis Park:42.53,8:Aisha Traore:41.71,9:Mateo Huang:33.31,10:Bilal Thomas:49.57,11:Orion Laurent:55.08,12:Finn Kovacs:46.80,13:Bilal Sokolov:39.44,14:Natalia Mohamed:42.34,15:Sekou Haddad:57.30,16:Oceane Kuznetsov:36.15,17:Simon Fernandez:43.39,18:Elsa Kuznetsov:44.95,19:Sergei Gallo:48.36,20:Zachary Haddad:35.21,21:Driss Perez:38.21,22:Kwame Wong:42.29,23:Celeste Boudjema:53.17,24:Sonia Michel:44.79,25:Baptiste Rizzo:35.93,26:Chloe Fernandez:41.60,27:Lian Diallo:57.58,28:Wei Leroy:52.65,29:Li Wilson:54.30,30:Carmen Simon:41.92,31:Minh Le:55.90,32:Camille Popov:57.19,33:Taylor Klein:39.21,34:Leila Roux:48.32,35:Sofia Kovacs:54.37,36:Nour Singh:57.34,37:Javier Bianchi:43.12,38:Alessio Ziane:51.65,39:Miguel Boudjema:53.92,40:Chau Zimmermann:34.71,41:Willow Traore:33.10,42:Amandine Faure:53.77,43:Amandine Fahmi:53.40,44:Eloise Miller:52.58,45:Erica Abebe:45.46,46:Minh Benali:45.10
1564,Toulouse,Caen,26/08/2026,0600,1509,1:Theo Schmidt:44.73,2:Oceane Ouattara:52.81,3:Olivia Tanaka:55.71,4:Youssef Schmidt:33.81,5:Rayan Pham:49.85,6:Maria Rodriguez:37.05,7:Ryan Klein:57.50,8:Kofi Martin:45.72,9:Emma Cisse:40.10,10:Adrien Esposito:46.78,11:Ricardo Martinez:50.05,12:Lucia Weber:46.28,13:Sora Haddad:56.71,14:Javier Petrov:44.63,15:Bilal Le:49.40,16:Fiona Greco:53.91,17:Ulysse Sokolov:53.13,18:Quentin Wilson:49.71,19:Felix Khan:34.36,20:Sekou Fournier:43.61,21:Sara Khelifi:46.56,22:Clement Fernandez:51.26,23:Bjorn Esposito:48.37,24:Karim Sanchez:57.45,25:Natalia Durand:57.12,26:Aisha Ali:37.26,27:Sana Doan:52.65,28:Theo Sousa:40.45,29:Kenza Pereira:38.11,30:Alessio Lopez:55.65,31:Gabriel Ouattara:56.14,32:Sergei Gallo:56.36,33:Aki Huang:46.15,34:Rayan Novak:46.85,35:Yara Kovacs:40.54,36:Jian Robert:34.48,37:Chau Ivanov:54.32,38:Felix Muller:54.06,39:Adrien Santos:49.55,40:Mateo Laurent:45.11,41:David Fernandez:33.53,42:Jules Mohamed:34.82
1910,Rennes,Bordeaux,18/02/2026,2015,0026,1:Bjorn Richard:33.23,2:Juan Fernandez:19.72,3:Margaux Diallo:21.49,4:David Clark:20.45,5:Nour Cruz:22.88,6:Elsa Perez:32.26,7:Emma Cisse:25.85,8:Elsa Martin:24.30,9:Sara Martinez:27.62,10:Willow Vo:31.69,11:Simon Le:32.09,12:Camille Tran:34.65,13:Paul Chen:20.67,14:Chloe Durand:22.23,15:Juan Miller:24.29,16:Sekou Hussein:28.85,17:Carmen Sato:26.30,18:Amine Lefevre:20.02,19:Quentin Novak:30.50,20:Ryo Klein:30.39,21:Lucia Weber:31.01,22:Arthur Durand:21.83,23:Bilal Clark:32.78,24:Jules Liu:32.51,25:Zane Cherif:33.87,26:Kimberly Williams:33.02,27:Hassan Martin:25.63,28:Camille Morozov:22.31,29:Imani Rodriguez:26.91,30:Taylor Moreau:23.15,31:Kenji Leroy:32.51,32:Silas Miller:25.14,33:Kai Liu:21.70,34:Chloe Wong:19.95,35:Samira Bianchi:19.70,36:Kenza Nkosi:25.75
5275,Le Mans,Angers,17/04/2026,0730,0909,1:Dmitri Silva:18.10,2:Chloe Laurent:13.69,3:Theo Gomes:16.40,4:Sara Schmidt:20.60,5:Santiago Sousa:20.63,6:Amine Durand:18.70,7:Pablo Pereira:17.58,8:Willow Tanaka:15.03,9:Alice Johnson:15.99,10:Mateo Schulz:14.84,11:Finn Kovacs:17.05,12:Pierre Wagner:18.64,13:Rose Smith:13.27,14:Karim Ouattara:19.29,15:Kai Rodrigues:13.74,16:Thao Ahmed:14.53,17:Kai Martinez:20.89,18:Mei Wagner:17.49,19:Chloe Weber:14.10,20:Lucas Fernandez:13.33,21:Quentin Leroy:17.38,22:Yumi Liu:19.78,23:Imani Ali:14.03,24:Imani Petrov:14.15,25:Dylan Popov:19.49,26:Driss Laurent:13.98,27:Taro Gallo:20.93
4232,Bordeaux,Tours,29/06/2026,2100,0212,1:Karim Zhang:34.22,2:Baptiste Rodriguez:30.68,3:Kofi Muller:24.83,4:Hazel Petrov:21.95,5:Paul Leroy:31.38,6::,7:Bjorn Torres:35.55,8:Ulysse Weber:23.00,9:Wei Benali:34.02,10:Thao Moreau:23.92,11:Mateo Benali:,12:Emma Sokolov:29.85,13::,14:Thao Gallo:22.33,15:David Faure:22.83,16:Aicha Garnier:26.88,17:Bilal Torres:25.95,18:Aicha Robert:31.21,19:Samira Ramirez:34.45,20:Jeanne Kuznetsov:34.39,21:Valentine Rodrigues:36.00,22:Felix Garnier:,23:Jules Park:37.67,24:Felix Tanaka:31.43,25:Sophie Nguyen:33.08,26:Ryan Moreau:32.36,27:Kenza Wang:33.77,28:Nala Dupont:34.80,29:Theo Santos:32.37,30:Aisha Ali:,31:Isabella Lefevre:21.28,32:Mei Wagner:34.18,33:Ines Kovacs:26.43,34:Madison Muller:30.69
9066,Limoges,Marseille,07/10/2026,1330,1930,1:Romain Michel:47.02,2:Zola Clark:28.40,3:Yasmine Zhang:38.60,4:Kenza Khelifi:47.91,5:Felix Khan:36.35,6:Sekou Ahmed:30.03,7:Tristan Garnier:35.10,8:Fiona Suzuki:38.58,9:Nicolas Ferrari:42.85,10:Baptiste Wong:33.74,11:Jeanne Moreau:31.51,12:Nour Wang:47.97,13:Aicha Santos:27.32,14:Jeanne Fahmi:44.37,15:Leila Vo:29.88,16:Quentin Santos:41.82,17:Louis Zimmermann:29.14,18:Igor Popov:28.08,19:Bjorn Moore:30.79,20:Kwame Smith:41.70,21:Leila Hussein:41.64,22:Miguel Yamamoto:31.80,23:Fiona Vidal:46.43,24:Fiona Petit:41.17,25:Orion Pereira:42.96,26:Jeanne Clark:47.28,27:Ulysse Morozov:46.89,28:Zane Suzuki:41.71,29:Jeanne Smith:28.37,30:Malika Sousa:34.36,31:Daiki Clark:45.88,32:Harper Kuznetsov:39.51,33:Miguel Pereira:31.47,34:Ryo Williams:31.90,35:Imani Ali:28.94,36:Valentine Yamamoto:40.03,37:Orion Bernard:47.71,38:Lucia Kuznetsov:45.37,39:Clement Ivanov:40.97,40:Karim Sanchez:27.29,41:Ulysse Laurent:27.84,42:Paul Leroy:44.90
7079,Rouen,Grenoble,25/02/2026,1515,2209,1:Yasmine Esposito:34.74,2:Imani Laurent:54.71,3:Rayan Perez:55.16,4:Minh Benali:36.90,5:Baptiste Thomas:48.68,6:Harper Ribeiro:40.50,7:Oceane Wang:51.76,8:Fode Almeida:45.22,9:Felix Cisse:35.49,10:Oceane Singh:39.33,11:Igor Alves:43.36,12:Yara Cisse:40.81,13:Amine Durand:51.92,14:Imani Rizzo:36.39,15:Gabriel Garnier:34.86,16:Omar Moreau:37.96,17:Silas Martin:40.04,18:Hassan Pereira:36.18,19:Karim Bruno:53.89,20:Rayan Chen:32.46,21:Zoe Oliveira:48.67,22:Hazel Singh:31.35,23:Alice Alves:34.57,24:Jeanne Ahmed:38.18,25:Ryo Williams:54.54,26:Erica Sokolov:34.22,27:Nicolas Yamamoto:40.03,28:Simon Le:43.58,29:Pierre Rodriguez:46.03,30:Aki Diop:51.49,31:Oceane Schmidt:42.22,32:Rayan Garcia:34.90,33:Ryo Boudjema:51.56,34:Mateo Fernandez:39.25,35:Elena Conti:49.85,36:Ricardo Dubois:47.98,37:Elena Laurent:41.61,38:Isabella Clark:45.59,39:Karim Liu:31.98,40:Louis Kim:49.54,41:Clement Lopez:36.21,42:Olivia Tanaka:53.86,43:Manon Yamamoto:31.17,44:Mei Ferrari:36.09,45:Lian Diallo:30.93,46:Aki Ivanov:43.11
8386,Metz,Nantes,11/11/2026,1345,0111,1:Lucas Clark:41.91,2:Nala Le:56.36,3:Wei Lee:35.46,4:Wei Rizzo:40.64,5:Ryan Ziane:56.17,6:Kai Ahmed:33.51,7::,8:Clement Lopez:57.51,9::,10:Amine Weber:53.29,11:Rayan Conti:44.28,12:Pablo Wang:45.62,13:Kenza Fahmi:46.17,14:Youssef Ziane:,15:Aki Kovacs:48.16,16:Sofia Suzuki:57.78,17:Celeste Ramirez:42.02,18:Nour Rodrigues:39.41,19:Dylan Popov:32.57,20:Celeste Fournier:36.88,21:Bilal Gallo:48.73,22:Daiki Garcia:34.60,23:Hugo Novak:46.74,24:Igor Popov:57.97,25:Wei Haddad:52.61,26:Jeanne Fahmi:34.86,27:Sekou Ziane:55.12,28:Valentine Moreau:55.95,29:Lucas Singh:55.50,30:Pierre Thomas:52.12,31:Theo Dubois:49.88,32:Alice Huang:50.10,33::,34:Victor Singh:47.01,35:Kofi Pereira:56.58,36:Natalia Moore:38.22,37:Baptiste Wong:,38:Chloe Ferrari:55.12,39:Oceane Boudjema:51.46,40:Ines Dubois:49.77,41:Skylar Nguyen:51.00,42::,43:Dmitri Bruno:48.04,44:Taylor Moore:44.35,45:Adrien Kuznetsov:,46:Emi Robert:,47:Zola Garcia:47.28,48:Paul Pham:39.25,49:Theo Le:38.54
4043,Perpignan,Limoges,18/06/2026,0845,1538,1:Hana Martinez:31.98,2:Elsa Ali:30.66,3:Jules Oliveira:43.33,4:Nicolas Ahmed:42.57,5:Sergei Sokolov:41.96,6:Simon Fernandez:42.96,7:Chloe Durand:44.65,8:Sekou Hussein:41.71,9:Arthur Robert:45.37,10:Farah Almeida:38.44,11:Akira Brown:38.02,12:Kwame Smith:51.22,13:Samira Sokolov:45.22,14:Simon Taylor:29.32,15:Maria Tran:38.89,16:Bjorn Sato:32.18,17:Sonia Dupont:36.06,18:Sana Novak:31.85,19:Felix Suzuki:29.73,20:Corey Robert:30.09,21:Rose Haddad:47.58,22:Kenza Vidal:45.57,23:Juan Roux:51.24,24:Gabriel Lee:44.78,25:Simon Le:37.54,26:Bjorn Greco:49.62,27:Simon Vidal:49.16,28:Nour Wong:50.14,29:Jules Cruz:45.85,30:Taylor Conti:44.44,31:Arthur Chung:45.96,32:Mei Ziane:40.43,33:Rose Garcia:48.01,34:Mei Nkosi:29.35,35:Orion Pereira:45.83,36:Margaux Diallo:30.47,37:Lian Le:50.80,38:Youssef Abebe:40.53,39:Jackson Silva:43.54,40:Silas Davis:31.55,41:Leila Hussein:39.71,42:Quentin Greco:33.28,43:Jeanne Haddad:36.24,44:Javier Zimmermann:30.74,45:Clement Fournier:48.71,46:Jason Greco:50.32,47:Felix Schmidt:40.40,48:Emma Ziane:41.29
8815,Clermont-Ferrand,Angers,26/09/2026,2115,0155,1:Natalia Sylla:22.99,2:Carmen Petrov:21.58,3:Kai Cisse:31.90,4:Emma Pham:31.44,5:Lea Wilson:34.02,6:Silas Martin:23.74,7:Felix Huang:26.23,8:Malika Richard:27.02,9:Youssef Sousa:27.05,10:Elena Conti:32.11,11:Samira Wong:30.96,12:Chen Yamamoto:20.47,13:Ulysse Morozov:33.79,14:Louis Park:25.48,15:Karim Weber:25.04,16:Madison Muller:24.53,17:Karim Nguyen:33.74,18:Yara Brown:21.09,19:Paul Sanchez:31.25,20:Fode Conti:27.86,21:Silas Sylla:25.75,22:Katya Ahmed:24.94,23:Baptiste Rossi:25.54,24:Chau Fournier:25.66,25:Simon Wilson:34.25
5190,Nice,Lyon,20/03/2026,1815,0147,1:Wei Chung:53.71,2:Skylar Popov:56.93,3:Daiki Clark:40.36,4::,5:Kenji Zimmermann:50.65,6:Pablo Mohamed:,7:Chloe Lefevre:,8:Rose Robert:33.81,9:Ryo Rizzo:37.85,10:Santiago Robert:48.61,11:Igor Muller:48.23,12:Gabriel Yamamoto:42.41,13::,14:Jules Cherif:,15:Zola Diop:43.49,16:Victor Singh:33.53,17:Jules Miller:34.53,18:Driss Cisse:49.74,19:Ryan Rossi:,20:Simon Yamamoto:48.58,21:Hassan Russo:43.65,22:Isabella Smith:33.61,23:Austin Garcia:37.39,24::,25:Mateo Laurent:56.70,26:Santiago Abebe:,27:Karim Bruno:,28:Adrien Vasiliev:49.81,29:Jeanne Tanaka:55.00,30:Chloe Ferrari:50.17,31:Fode Doan:45.44,32:Kenza Kim:52.00,33:Nour Sousa:41.53,34:Oceane Huang:42.45,35:Juan Lefevre:52.02,36:Gabriel Ouattara:48.59,37:Baptiste Sousa:55.53,38:Adrien Garnier:52.81,39:Elsa Kim:44.01,40:Sofia Thomas:41.08,41:Clement Fournier:36.11,42:Ethan Durand:37.87,43:Finn Weber:36.45,44::,45:Jeanne Ahmed:50.08,46:Sana Lee:57.69,47:Willow Vo:44.11
3662,Strasbourg,Paris,28/07/2026,2030,0634,1:Aki Cisse:38.89,2:Samira Tran:55.05,3:Nour Sousa:51.29,4:Nicolas Ferrari:53.06,5:Madison Gomes:36.63,6:Tristan Sousa:33.37,7:Ethan Dupont:40.64,8:Sonia Dupont:,9:Rose Thomas:44.66,10:Chloe Ferrari:57.02,11:Hazel Ribeiro:51.53,12:Pierre Yamamoto:48.91,13:Noah Brown:52.95,14:Jason Fournier:43.48,15:Imani Bernard:42.77,16:Yara Cisse:58.23,17:Valentine Ferrari:,18::,19:Ricardo Cruz:50.06,20:Madison Tran:50.08,21:Jackson Popov:43.87,22:Silas Torres:44.43,23:David Clark:50.13,24:Minh Fahmi:46.65,25:Amine Novak:,26:Bjorn Torres:56.26,27:Kofi Ndiaye:43.09,28:Erica Yamamoto:34.25,29:Santiago Sanchez:34.00,30:Santiago Abebe:38.37,31:Isabella Ivanov:37.85,32:Willow Cisse:44.28,33:Brenda Simon:39.46,34:Wei Lopez:37.03,35:Theo Bruno:35.04,36:Samira Sokolov:33.33,37:Oceane Lee:56.85,38:Aisha Khan:35.42,39:Mehdi Roux:57.44,40:Silas Dubois:40.97
7499,Toulouse,Rouen,27/03/2026,2230,0808,1:Felix Muller:39.43,2:Margaux Dupont:54.83,3:Sophie Gomez:32.93,4:Wei Benali:54.50,5:Katya Bianchi:53.63,6:Felix Nguyen:41.76,7:Sara Greco:51.03,8:Emma Miller:39.77,9:Eloise Oliveira:40.63,10:Santiago Clark:50.78,11:Sophie Benali:51.98,12:Jules Garcia:32.56,13:Isabella Lopez:34.73
8148,Grenoble,Brest,02/04/2026,0830,1841,1:Yara Hussein:40.78,2:Omar Esposito:41.03,3:Samira Bruno:46.27,4:Celeste Bianchi:53.96,5:Zoe Greco:51.27,6:Mateo Brown:55.29,7:Baptiste Roux:46.99,8:Camille Rizzo:57.04,9:Daiki Kim:55.38,10:Silas Ribeiro:36.29
2864,La Rochelle,Perpignan,24/03/2026,0730,1540,1:Taylor Moore:37.35,2:Wei Haddad:39.93,3:Zoe Popov:40.52,4:Nour Wong:44.16,5:Wei Lee:44.22,6:Arthur Abebe:40.17,7:Wei Schulz:44.87,8:Santiago Huang:36.82,9:Natalia Durand:36.09,10:Willow Taylor:38.58,11:Hugo Miller:50.85,12:Jules Kim:53.05,13:Li Wilson:43.52,14:Chloe Singh:42.07,15:Chen Ziane:48.61,16:Jackson Silva:57.06,17:Samira Morozov:35.05,18:Valentine Davis:54.30,19:Samira Bianchi:54.99,20:Willow Tanaka:36.16,21:Zane Zhang:48.10,22:Paul Moreau:52.36,23:Manon Kim:50.88,24:Imani Chen:37.12,25:Jackson Popov:45.11,26:Amandine Ribeiro:39.37,27:Silas Sylla:41.67,28:Taro Zimmermann:39.55,29:Daiki Wang:49.60,30:Harper Vasiliev:43.48,31:Sekou Greco:58.50,32:Ryo Simon:36.38
8971,Bordeaux,Clermont-Ferrand,30/11/2026,1630,2312,1:Simon Chen:38.96,2:Amandine Moore:41.48,3:Adrien Santos:48.84,4:Javier Kovacs:50.82,5:David Clark:46.69,6:Madison Diop:50.73,7:Zola Garcia:33.78,8:Emma Nguyen:45.82,9:Rose Mohamed:28.97,10:Aisha Khan:46.79,11:Zane Morozov:46.53,12:Hana Miller:48.61,13:Ricardo Vidal:39.12,14:Mateo Kuznetsov:30.42,15:Amine Dupont:51.57,16:Louis Ouattara:48.61
7638,Bordeaux,Marseille,12/02/2026,1415,0045,1:Malika Suzuki:47.59,2:Adrien Garnier:45.82,3:Igor Popov:44.74,4:Santiago Sanchez:54.45,5:Nala Moore:49.31,6:Aki Tran:56.03,7:Nala Sanchez:49.45,8:Samira Wong:42.65,9:Elena Diop:34.73,10:Karim Zhang:48.37,11:Hugo Martin:55.43,12:Margaux Dupont:33.05,13:Silas Smith:57.98,14:Imani Dupont:37.53,15:Nicolas Wong:41.32,16:Hugo Diallo:47.08,17:Ulysse Sokolov:41.66,18:Ines Sokolov:51.64,19:Leila Wilson:39.20,20:Simon Wilson:41.58,21:Zola Cherif:52.77,22:Aki Vo:54.78,23:Yara Doan:51.09,24:Valentine Moreau:36.34,25:Theo Santos:51.35,26:Zoe Oliveira:53.03,27:Omar Kovacs:41.60,28:Isabella Benali:57.41,29:Harper Fahmi:37.67,30:Santiago Miller:52.49,31:Youssef Almeida:39.76,32:Amine Durand:47.56,33:Ulysse Vo:41.75,34:Gabriel Garnier:37.70
6414,La Rochelle,Angers,17/09/2026,0715,1051,1:Kwame Vidal:25.75,2:Ulysse Laurent:20.54,3:Silas Tran:16.56,4:Hazel Hussein:25.68,5:Ryo Perez:24.11,6:Pierre Rodriguez:18.41,7:Jian Garcia:21.26,8:Baptiste Alves:16.80,9:Igor Doan:23.55,10:Chau Ouattara:27.46,11:Jules Garcia:25.95,12:Igor Moussa:26.37,13:Camille Alves:15.78,14:Simon Yamamoto:16.38,15:Jian Michel:24.04,16:Lucas Diop:18.97,17:Mei Liu:24.45,18:Mei Diallo:23.27,19:Erica Abebe:26.43,20:Juan Miller:15.62,21:Willow Simon:22.25,22:Ethan Ferrari:17.42,23:Amandine Robert:23.08,24:Tristan Moreau:22.26,25:Olivia Tanaka:20.58,26:Akira Wang:18.71,27:Ricardo Vidal:16.18,28:Omar Liu:23.09,29:Imani Ahmed:20.30,30:Willow Michel:26.44
8170,Perpignan,Rennes,20/02/2026,1715,0405,1:Gabriel Garnier:56.47,2:Quentin Gomez:44.90,3:Chloe Singh:53.81,4:Sonia Michel:44.18,5:Skylar Rossi:51.37,6:Akira Wang:56.62,7:Margaux Durand:35.11,8:Isabella Park:45.60,9:Oceane Gomez:54.34,10:Javier Davis:45.83,11:Rayan Rodrigues:56.66,12:Mateo Brown:43.98,13:Kai Park:35.82,14:Elena Sousa:43.15,15:Aicha Muller:55.41,16:Gabriel Rodrigues:57.08,17:Oceane Robert:38.04,18:Yasmine Boudjema:35.62,19:Baptiste Sanchez:32.68,20:Fode Park:48.89,21:Kai Rodrigues:34.70,22:Felix Yamamoto:34.50,23:Oceane Almeida:49.19,24:Aki Vo:57.50,25:Zane Abebe:34.75,26:Mehdi Gomez:34.50,27:Elena Zhang:43.45,28:Kenza Wang:54.71,29:Zane Fernandez:55.73,30:Alessio Schulz:40.79,31:Nala Garnier:34.26,32:Corey Nguyen:56.48,33:Jackson Popov:36.90,34:Simon Ahmed:38.40
2145,Saint-Etienne,Bordeaux,06/04/2026,1945,0421,1:Javier Davis:37.30,2:Wei Rizzo:55.28,3:Mei Ziane:47.95,4:Camille Chen:43.10,5:Louis Rossi:49.90,6:Erica Tanaka:34.36,7:Amine Cherif:52.50,8:Alice Johnson:43.13,9:Bilal Torres:44.86,10:Zoe Oliveira:32.78,11:Zane Davis:39.91,12:Felix Haddad:48.41,13:Willow Simon:50.67,14:Rayan Rodriguez:57.58,15:Emma Cisse:38.61,16:Katya Almeida:40.10,17:Erica Morozov:44.76,18:Sora Wagner:54.63,19:Dylan Moreau:44.27,20:Santiago Khan:33.45,21:Theo Schmidt:55.26,22:Silas Tran:54.86,23:Jeanne Ahmed:51.99,24:Ricardo Alves:44.69,25:Simon Le:52.20,26:Taylor Wilson:56.43,27:Li Dubois:48.43,28:Chloe Weber:54.81,29:Karim Novak:57.40
7419,Saint-Etienne,La Rochelle,05/07/2026,0945,1526,1:Emi Wagner:29.17,2:Lea Sato:28.43,3:Yara Wong:41.48,4:Li Kowalski:25.66,5:Paul Davis:37.06,6:Tristan Diop:30.69,7:Simon Nkosi:30.24,8:Ethan Klein:27.52,9:Jackson Diop:31.65,10:Oceane Boudjema:31.56,11:Minh Le:24.71,12:Silas Clark:27.65,13:Taylor Fournier:25.28,14:Noah Tanaka:40.86,15:Simon Ndiaye:24.83,16:Jackson Kuznetsov:30.01,17:Emma Almeida:31.46,18:Akira Petit:33.47,19:Mateo Laurent:43.40,20:Sergei Gallo:30.57,21:Yumi Liu:33.94,22:Zane Suzuki:35.55,23:Driss Nguyen:28.41,24:Akira Rossi:30.64,25:Aki Cisse:34.33,26:Mateo Brown:33.34
5110,Rouen,Lille,19/06/2026,0830,1009,1:Sofia Davis:20.09,2:Lucia Kovacs:19.96,3:Sana Ali:18.49,4:Sonia Tran:22.01,5:Lucas Fernandez:21.45,6:Alessio Silva:21.98,7:Rayan Rodrigues:20.54,8:Mei Ziane:15.49,9:Daiki Bianchi:17.33,10:Silas Cherif:13.31,11:Isabella Dupont:15.92,12:Miguel Schmidt:16.64,13:Minh Schulz:20.19,14:Natalia Martinez:21.21,15:Daiki Dupont:21.06,16:Yasmine Pereira:13.67,17:Taylor Conti:16.44,18:Gabriel Garnier:21.30,19:Sana Doan:15.30,20:Zola Garcia:16.44
6289,Perpignan,Marseille,26/12/2026,1700,2224,1:Carmen Liu:35.92,2:Mehdi Richard:28.59,3:Nala Mohamed:27.37,4:Clement Fournier:38.95,5:Nour Brown:32.16,6:Minh Sato:33.88,7:Amine Cherif:30.09,8:Manon Bianchi:29.72,9:Oceane Almeida:30.65,10:Willow Ali:28.86,11:Katya Ahmed:36.78,12:Louis Ndiaye:42.06,13:Wei Kim:35.86,14:Taylor Klein:35.79,15:Ryo Hussein:32.76,16:Imani Bernard:32.12,17:Pierre Almeida:42.24,18:Celeste Fournier:29.99,19:David Santos:37.77,20:Fode Wilson:26.84,21:Brenda Dubois:30.65,22:Taro Wilson:35.55,23:Willow Mohamed:35.83,24:Liam Pereira:26.94,25:Ulysse Johnson:33.05,26:Isabella Mohamed:27.20,27:Arthur Chung:24.53,28:Manon Perez:36.95,29:Camille Wang:32.23,30:Madison Tanaka:36.32,31:Alice Torres:31.02,32:Omar Singh:38.92,33:Imani Ramirez:29.86,34:Imani Perez:39.44,35:Elena Boudjema:24.19,36:Sekou Ziane:36.87
4958,Clermont-Ferrand,Paris,29/10/2026,0600,1259,1:Javier Leroy:57.84,2:Paul Pham:44.60,3:Willow Vo:41.34,4:Clement Moussa:43.69,5:Paul Moreau:40.65,6:Manon Taylor:42.78,7:Pierre Rodriguez:41.25,8:Omar Doan:37.76,9:Mei Wagner:50.42,10:Jian Ramirez:57.52,11:Sora Esposito:47.74,12:Hazel Fournier:49.70,13:Fode Doan:43.68,14:Theo Santos:34.35,15:Mehdi Schmidt:40.14,16:Omar Esposito:38.53,17:Noah Conti:55.07,18:Yasmine Alves:52.65,19:Chloe Kuznetsov:37.86,20:Chen Diallo:57.20,21:Brenda Simon:40.71,22:Ryan Vidal:40.23,23:Imani Perez:45.39,24:Ryo Doan:34.78,25:Li Gomes:37.55,26:Kenji Cherif:56.79,27:Brenda Ouattara:51.08
2289,Metz,Clermont-Ferrand,26/07/2026,1015,1654,1:Oceane Huang:35.12,2:Brenda Simon:33.64,3:Yumi Wang:44.93,4:Manon Gomez:28.27,5:Pierre Ziane:29.16,6:Manon Lefevre:27.71,7:Tristan Santos:31.02,8:Quentin Fernandez:33.44,9:Dylan Popov:46.61,10:Driss Cruz:33.28,11:Orion Laurent:47.11,12:Elsa Garnier:43.79,13:Yasmine Boudjema:49.58,14:Harper Rizzo:37.22,15:Aki Ribeiro:36.16,16:Natalia Wong:49.74,17:Daiki Clark:36.79,18:Akira Torres:47.39,19:Margaux Chen:40.00,20:Ulysse Dupont:49.08,21:Emi Park:35.59,22:Camille Ramirez:29.91,23:Minh Benali:33.52,24:Ethan Smith:30.89,25:Zane Wilson:45.31,26:Igor Ali:48.29
1298,Rennes,La Rochelle,19/07/2026,1615,2048,1:Kenza Vidal:32.92,2:Bjorn Esposito:28.06,3:Aki Diop:33.20,4:Margaux Dupont:22.43,5:Thao Lee:22.13,6:Ryan Rodriguez:22.25,7:Akira Wang:25.44,8:Kimberly Mohamed:31.47,9:Amandine Chung:23.19,10:Yara Laurent:29.52,11:Aicha Muller:29.13,12:Jeanne Taylor:27.69,13:Dmitri Le:32.89,14:Zachary Wong:25.55,15:Margaux Khan:30.11,16:Zoe Vidal:20.96,17:Wei Schulz:33.02,18:Valentine Singh:28.91,19:Sergei Boudjema:23.39,20:Felix Cisse:34.28,21:Wei Moreau:35.51,22:Karim Leroy:34.05,23:Amine Durand:35.83,24:Camille Fahmi:24.05,25:Ulysse Weber:22.32,26:Lian Garnier:24.65,27:Lucas Robert:21.83,28:Yumi Wang:28.40,29:Miguel Ndiaye:29.70,30:Minh Gomes:28.47
1588,Lille,Nantes,04/07/2026,1045,1805,1:Willow Ali:36.15,2:Omar Singh:33.37,3:Clement Fernandez:54.08,4:Fode Doan:36.76,5:Chau Wang:39.76,6:Zola Torres:55.76,7:Mateo Abebe:43.24,8:Margaux Conti:52.95,9:Madison Sylla:50.43,10:Noah Khan:55.51,11:Ryo Williams:50.09,12:Willow Mohamed:,13:Fiona Suzuki:,14:Aicha Santos:51.81,15:Zane Johnson:54.30,16:Akira Wang:33.95,17:Igor Popov:49.64,18:Paul Pereira:,19:Sophie Popov:,20:Clement Kuznetsov:36.89,21:Miguel Greco:41.39,22:Juan Greco:47.89,23:Sophie Cherif:53.05,24:Hassan Brown:32.57,25:Tristan Sousa:50.25,26:Bjorn Torres:,27:Ulysse Vo:50.55,28:Felix Ali:49.24,29::,30:Liam Pereira:54.06,31:Jason Yamamoto:36.60,32:Skylar Novak:53.70,33:Javier Dupont:42.10,34:Fode Ferrari:34.51,35:Ines Doan:57.82,36:Pierre Diallo:45.36,37:Ryan Morozov:43.56,38:Mei Ferrari:36.37,39:Driss Williams:56.81,40:Theo Tanaka:,41:Austin Thomas:54.89,42:Ethan Bianchi:37.81,43:Alice Johnson:32.66,44:Kai Bianchi:33.96,45:Igor Muller:36.22,46:Aisha Traore:57.56,47:Wei Lee:38.32,48::,49:Dmitri Hussein:43.86,50:Ethan Ferrari:50.50,51:Pablo Liu:44.86,52:Liam Khelifi:46.41,53:Sofia Thomas:57.83,54:Camille Chen:43.05,55::
5139,Nantes,La Rochelle,29/09/2026,2015,0004,1:Mateo Huang:20.74,2:Natalia Martinez:29.37,3:Ricardo Alves:19.97,4:Kai Nguyen:23.59,5:Akira Wang:26.02,6:Fiona Vidal:28.08,7:Gabriel Yamamoto:25.10,8:Camille Morozov:27.35,9:Kimberly Abebe:31.48,10:Zola Smith:27.80,11:Jackson Muller:28.05,12:Zachary Chung:26.74,13:Orion Laurent:33.88,14:Ulysse Dupont:30.70,15:Simon Moore:24.82,16:Margaux Vasiliev:31.51,17:Adrien Vasiliev:26.71,18:Willow Vo:25.48,19:Amandine Ribeiro:32.69,20:Isabella Nkosi:33.87,21:Emma Vidal:27.96,22:Taro Greco:27.98,23:Skylar Laurent:34.36,24:Li Oliveira:21.60,25:Ethan Dupont:29.58,26:Ricardo Liu:35.00,27:Clement Moore:26.56,28:Aisha Hussein:20.47,29:Nour Wang:29.38
9624,Angers,Dijon,23/05/2026,0830,1612,1::,2:Nour Wong:52.94,3:Skylar Petit:36.58,4:Kai Martinez:55.41,5:Gabriel Diop:44.76,6:Malika Brown:51.77,7:Sophie Taylor:47.86,8:Taylor Moore:42.50,9:Eloise Khan:,10:Alessio Ziane:54.48,11:Hazel Hussein:,12:Sara Khan:34.62,13:Amandine Le:35.23,14:Sana Vo:35.86,15:Orion Lefevre:45.12,16:Natalia Klein:56.88,17:Taylor Wong:34.53,18::,19:Malika Sousa:57.52,20:Fiona Petit:41.40,21:Rayan Dubois:57.88,22:Madison Kowalski:,23:Leila Dupont:54.35,24:Felix Vidal:52.36,25:Jules Torres:40.74,26:Camille Rizzo:44.75,27::
4243,La Rochelle,Dijon,15/07/2026,1430,2242,1:Wei Leroy:34.87,2:Madison Moussa:53.03,3:Aki Diop:39.98,4:Li Benali:51.23,5:Imani Ali:49.77,6:Nour Singh:54.98,7:Amine Cherif:42.32,8:Nicolas Bernard:46.78,9:Pierre Cruz:49.85,10:Jules Cherif:32.90,11:Skylar Almeida:56.72,12:Adrien Vasiliev:57.81,13:Willow Ramirez:47.21,14:Aki Ivanov:44.96,15:Fode Diallo:35.15,16:Kai Ahmed:49.55,17:Gabriel Fahmi:49.40,18:Lian Sokolov:47.03,19:Alice Alves:42.72,20:Kofi Khan:55.42,21:Fode Tanaka:41.81,22:Thao Ahmed:52.90,23:Li Martinez:39.81,24:Chau Huang:41.39,25:Jian Zimmermann:38.22,26:Sergei Boudjema:51.95,27:Driss Conti:53.23,28:Skylar Nguyen:43.22,29:Akira Petit:45.99
5960,Strasbourg,Clermont-Ferrand,11/03/2026,2000,0307,1:Hassan Russo:51.67,2:Farah Boudjema:41.31,3:Mei Wagner:42.72,4:Kai Martinez:54.08,5:Zachary Wilson:32.91,6:Fode Tran:51.97,7:Amine Torres:51.08,8:Taro Ziane:51.04,9:Maria Garnier:39.38,10:Madison Zhang:45.16,11:Celeste Fournier:47.84,12:Camille Moreau:40.07,13:Camille Diallo:30.44,14:Zoe Diallo:47.02,15:Olivia Tanaka:40.02,16:Lian Lee:51.33,17:Ryan Sato:43.60,18:Ricardo Dubois:36.81,19:Amandine Haddad:38.78,20:Oceane Greco:30.10,21:Ricardo Cisse:36.40,22:Mei Nkosi:53.44,23:Elena Laurent:31.42,24:Jason Cruz:42.09,25:Felix Garcia:37.90,26:Jules Fernandez:38.09,27:Sofia Diop:40.45,28:Rose Nkosi:37.82
6096,Metz,Montpellier,29/07/2026,1015,1705,1:Alessio Wong:56.64,2:Chau Fournier:48.83,3:Farah Pereira:52.95,4:Taylor Conti:47.38,5:Valentine Yamamoto:38.53,6:Jeanne Haddad:36.99,7:Pierre Traore:43.59,8:Clement Moussa:41.40,9:Kenza Martinez:57.43,10:Oceane Vo:51.78,11:Tristan Diop:57.78,12:Willow Sokolov:57.49,13:Yara Wong:33.90,14:Pierre Diop:32.39,15:Chen Wong:44.97,16:Juan Rizzo:42.72,17:Zola Schmidt:53.71,18:Fiona Petit:52.07,19:Margaux Fournier:39.92,20:Manon Gomes:46.14,21:Olivia Lefevre:38.76,22:Lucia Hussein:43.80,23:Karim Ouattara:37.25,24:Aicha Robert:45.76,25:Jason Ferrari:46.72,26:Aki Ribeiro:42.78,27:Aisha Bruno:54.03,28:Zola Sylla:50.23,29:Silas Brown:49.41,30:Felix Suzuki:52.39,31:Mateo Benali:53.61,32:Chau Bianchi:52.25,33:Louis Fernandez:54.46,34:Quentin Gomez:53.29,35:Imani Alves:52.94,36:Santiago Khan:33.37,37:Corey Gallo:56.72,38:Pierre Ribeiro:54.80,39:Ulysse Lopez:57.41,40:Bilal Ali:34.49,41:Willow Michel:52.49,42:Elsa Kim:41.99,43:Ulysse Vidal:38.78,44:Orion Davis:55.78,45:Zachary Popov:46.94,46:Taylor Moore:49.59,47:Felix Ferrari:42.15,48:Louis Simon:49.47,49:Simon Brown:53.32,50:Lian Ferrari:50.72,51:Hazel Fernandez:47.11,52:Pablo Martinez:42.08,53:Fode Wilson:45.54,54:Kenza Bernard:50.52,55:Aicha Wang:38.96
7364,Saint-Etienne,Angers,21/09/2026,1315,1841,1:Mateo Abebe:26.34,2:Arthur Cisse:42.64,3:Akira Park:34.61,4:Thao Moreau:38.54,5:Sora Esposito:33.98,6:Carmen Perez:35.86,7:Willow Traore:44.32,8:Rose Garcia:36.33,9:Quentin Chung:39.32,10:Aicha Wang:31.88,11:Ethan Ramirez:32.73,12:Baptiste Pham:39.23,13:Austin Moussa:44.21,14:Chloe Novak:42.69,15:Harper Dupont:27.83,16:Aki Ivanov:32.57,17:Celeste Park:30.39,18:Taro Clark:32.60,19:Rose Smith:42.28,20:Javier Brown:40.01,21:Fode Diallo:27.73,22:Kai Liu:32.26,23:Amandine Perez:46.33,24:Simon Nkosi:45.25,25:Jeanne Haddad:36.70,26:Austin Pereira:33.90,27:Emma Pham:36.30,28:Malika Nguyen:43.20,29:Sana Liu:42.55,30:Carmen Simon:40.49,31:Aisha Traore:29.12,32:Madison Muller:30.68,33:Jason Khelifi:35.68,34:Pablo Richard:27.20,35:Tristan Moreau:29.71,36:Austin Liu:37.04,37:Yara Kovacs:29.56,38:Liam Yamamoto:33.68,39:Awa Cisse:40.61,40:Santiago Sanchez:31.41,41:Amine Dupont:45.92,42:Karim Faure:26.21,43:Manon Popov:39.92,44:Kenza Wang:45.81,45:Erica Tanaka:26.88,46:Sora Weber:34.37,47:Nala Sanchez:38.59,48:Silas Clark:28.55,49:Sophie Ouattara:31.86,50:Isabella Popov:35.88
4299,Montpellier,Nantes,12/02/2026,1530,0038,1:Camille Chen:54.48,2:Manon Zimmermann:53.02,3:Gabriel Ouattara:47.36,4:Quentin Ali:44.58,5:Sonia Kovacs:53.00,6:Zoe Kowalski:39.68,7:Harper Ferrari:57.41,8:Jules Moore:46.48,9:Santiago Huang:35.75,10:Carmen Liu:40.71,11:Javier Wang:40.64,12:Zoe Oliveira:53.50,13:Ricardo Alves:50.52,14:Fiona Suzuki:34.19,15:Lucas Novak:51.04,16:Yara Doan:42.24,17:Omar Liu:56.36,18:Romain Lopez:35.18,19:Noah Tanaka:55.88,20:Sana Lefevre:32.80,21:Kenza Taylor:47.56,22:Jian Popov:54.74,23:Sekou Pereira:42.14,24:Dylan Moreau:48.02,25:Yumi Nkosi:54.60,26:Erica Ribeiro:42.94,27:Zane Bernard:55.25,28:Alice Leroy:35.23,29:Minh Rizzo:50.31,30:Nour Smith:41.20,31:Alice Tanaka:49.35,32:Clement Fournier:55.95,33:Li Zhang:35.89,34:Taylor Moore:50.47,35:Nour Wong:34.47,36:Kimberly Mohamed:45.79,37:Liam Alves:43.63,38:Minh Chen:33.53,39:Amine Dupont:57.92,40:Santiago Sanchez:56.59,41:Lea Suzuki:50.47,42:Chau Weber:35.02,43:Sara Dubois:49.77,44:Jeanne Fahmi:52.07,45:Finn Johnson:53.43,46:Javier Haddad:55.09
4989,Bordeaux,Paris,25/07/2026,2245,0742,1:Madison Khan:54.73,2:Sonia Kim:55.01,3:Sora Weber:58.07,4:Noah Ramirez:53.80,5:Javier Sato:50.54,6:Pierre Wagner:49.88,7:Adrien Laurent:37.70,8:Ryo Perez:50.53,9:Felix Lefevre:35.64,10:Baptiste Wong:50.78,11:Corey Gallo:54.97,12:Juan Alves:45.00,13:Nala Sanchez:48.68,14:Bjorn Esposito:35.40,15:Nala Simon:54.44,16:Chloe Ferrari:47.84,17:Silas Dubois:49.81,18:Lian Oliveira:45.53,19:Leila Leroy:42.99,20:Chau Diop:42.37,21:Mateo Laurent:42.20,22:Akira Miller:50.58,23:Taro Wang:38.77,24:Sekou Pereira:48.19,25:Pierre Yamamoto:40.42,26:Romain Diallo:33.07,27:Amandine Le:32.93,28:Taro Greco:40.88,29:Dmitri Vidal:56.14,30:Louis Haddad:58.08,31:Manon Taylor:44.64,32:Samira Wong:51.68,33:Ulysse Nguyen:41.64,34:Alice Dupont:54.02,35:Gabriel Diop:32.94,36:Sophie Vo:37.10,37:Sophie Tran:39.27,38:Malika Nguyen:39.00,39:Ryan Rodriguez:34.84,40:Rose Yamamoto:50.41,41:Wei Leroy:47.37,42:Erica Sokolov:58.46,43:Rayan Torres:56.03,44:Daiki Wang:56.72,45:Jackson Kim:53.80,46:Baptiste Santos:56.90,47:Emi Johnson:37.20,48:Kenji Russo:54.92,49:Sofia Chen:53.66,50:Chen Sanchez:53.42,51:Jules Garcia:39.98,52:Isabella Clark:56.38,53:Silas Miller:35.27,54:Ryo Williams:49.56,55:Yasmine Pereira:35.04
7309,Caen,Rennes,07/07/2026,0930,1224,1:Simon Ahmed:22.91,2:Quentin Fernandez:13.91,3:Ulysse Liu:14.72,4:Yumi Wilson:22.68,5:Zola Garcia:19.07,6:Santiago Khan:18.95,7:Sonia Dupont:16.04,8:Nicolas Wong:18.61,9:Amandine Ziane:18.43,10:Omar Lopez:22.00,11:Austin Doan:21.04,12:Bjorn Schmidt:20.95,13:Leila Roux:17.67
6826,Brest,Caen,06/02/2026,1945,0127,1:Camille Wang:38.57,2:Hugo Leroy:26.52,3:Yara Oliveira:38.89,4:Rayan Singh:32.67,5:Romain Wong:28.78,6:Pablo Garcia:40.99,7:Madison Kowalski:44.12,8:Carmen Sato:37.72,9:Willow Ramirez:30.06,10:Rose Martin:43.39,11:Miguel Boudjema:35.23,12:Finn Cisse:26.97,13:Zoe Nkosi:43.69,14:Willow Ali:36.64,15:Nala Simon:34.68,16:Chloe Garcia:27.17,17:Taro Pham:40.06,18:Margaux Dupont:35.36,19:Jules Cherif:44.67,20:Simon Wilson:31.66,21:Youssef Bianchi:34.66,22:Sonia Michel:45.12,23:Isabella Park:36.46,24:Imani Chung:44.09,25:Chau Ouattara:27.97,26:Jackson Silva:40.60,27:Samira Khelifi:30.29,28:Sekou Haddad:42.38,29:Zola Garcia:43.81,30:Austin Pereira:32.38,31:Kai Roux:43.72
9623,Tours,Brest,21/10/2026,2030,0226,1:Zola Johnson:30.16,2:Arthur Perez:38.26,3:Mei Nkosi:29.74,4:Ulysse Morozov:40.31,5:Ryo Doan:37.82,6:Mateo Abebe:31.99,7:Hassan Bruno:39.82,8:Manon Nkosi:36.44,9:Celeste Boudjema:29.77,10:Sophie Cruz:30.53,11:Fode Khelifi:33.52,12:Bjorn Tran:42.72
3686,Saint-Etienne,Grenoble,30/11/2026,0645,0925,1:Sora Davis:12.76,2:Nour Morozov:19.44,3:Lucas Diop:16.40,4:Ryo Boudjema:18.67,5:Zachary Chung:16.15,6:Ethan Durand:,7:Juan Tran:17.80,8:Austin Doan:17.59,9:Sophie Nguyen:21.28,10:Akira Ferrari:21.02,11:Rose Yamamoto:16.04,12:Lea Leroy:15.57,13:Zola Johnson:13.01,14:Corey Nguyen:14.39,15:Sara Fahmi:13.69,16:Rayan Singh:18.90,17:Emi Pham:,18:Zane Bernard:,19:Sana Kovacs:17.43,20:Omar Kovacs:16.04,21:Quentin Pereira:19.65,22:Mei Ahmed:18.73,23:Taylor Wilson:20.05,24:Baptiste Rizzo:,25:Celeste Nkosi:21.67,26:Jeanne Fahmi:19.13,27:Yara Cisse:15.06,28:Zoe Vidal:13.59,29:Lucas Fernandez:15.12,30:Tristan Moreau:15.29,31:Nour Wang:22.44,32:Zane Durand:22.33,33::,34:Jules Liu:14.14
1061,Reims,Nice,18/08/2026,1815,2356,1:Sora Klein:39.31,2:Leila Kuznetsov:45.89,3:Ethan Smith:32.20,4:Nala Miller:30.92,5:Alessio Ali:41.55,6:Adrien Conti:42.96,7:Minh Sanchez:46.22,8:Taro Clark:34.48,9:Li Zhang:48.69,10:Katya Bianchi:31.37,11:Isabella Mohamed:36.81,12:Amandine Robert:34.78,13:Mei Ferrari:47.64,14:Yumi Zimmermann:48.54,15:Kwame Cherif:32.57,16:Pierre Ziane:27.84,17:Aisha Gallo:29.21,18:Kenza Vidal:35.69,19:Malika Sousa:44.10,20:Harper Sato:36.09,21:Jeanne Doan:32.22,22:Zane Durand:36.14,23:Gabriel Lee:40.43,24:Kwame Schulz:32.63,25:Omar Lopez:35.35
6113,Rennes,Metz,05/11/2026,2245,1023,1:Fode Yamamoto:34.72,2:Felix Ivanov:52.87,3:David Cherif:36.80,4:Karim Bruno:36.48,5:Lea Sokolov:32.54,6:Rose Sato:34.17,7:Aicha Vo:36.65,8:Driss Thomas:53.64,9:Samira Russo:43.96,10:Thao Moreau:49.09,11:Gabriel Brown:51.56,12:Ethan Bianchi:56.50,13:Finn Wilson:51.80,14:Fiona Suzuki:43.79,15:Mehdi Wilson:52.87,16:Lea Leroy:33.18,17:Hassan Gomez:56.73,18:Margaux Vasiliev:53.29,19:Zane Abebe:39.97,20:Liam Pereira:35.95,21:Sekou Pereira:50.21,22:Amandine Pham:34.62,23:Jeanne Haddad:34.76,24:Samira Huang:45.10,25:Fode Fournier:49.83,26:Bjorn Esposito:50.16,27:Jules Tanaka:33.92,28:Youssef Abebe:50.85
1109,Lyon,Tours,13/05/2026,2030,0126,1:Taro Greco:39.36,2:Orion Laurent:42.55,3:Baptiste Thomas:34.89,4:Orion Lefevre:38.68,5:Santiago Clark:38.16,6:Kenza Fahmi:27.86,7:Amine Weber:32.01,8:Karim Leroy:32.86,9:Kimberly Schmidt:30.86,10:Lea Wilson:25.56,11:Yara Clark:42.10,12:Chen Yamamoto:24.68,13:David Fernandez:35.37,14:Eloise Fahmi:30.43,15:Nicolas Doan:42.10,16:Jules Rizzo:41.93,17:Elena Laurent:36.30,18:Alice Park:27.25,19:Sergei Traore:25.16,20:Sekou Fournier:30.40
5722,Angers,Montpellier,14/07/2026,1645,0020,1:Driss Chung:57.37,2:Manon Taylor:44.50,3:Sophie Cruz:39.10,4:Nicolas Doan:47.77,5:Sergei Sokolov:37.87,6:Orion Pereira:34.65,7:Sofia Suzuki:41.62,8:Zane Cherif:37.73,9:Emi Park:32.51,10:Isabella Benali:34.36,11:Liam Alves:50.75,12:Romain Wong:46.64,13:Kai Martinez:33.02,14:Harper Wagner:40.22,15:Eloise Fahmi:47.43,16:Ulysse Kovacs:51.65,17:Rose Novak:40.15,18:Corey Michel:46.98,19:Ethan Dupont:46.83,20:Margaux Khan:45.61,21:Taylor Cruz:53.52,22:Aicha Kowalski:40.56,23:Jules Park:50.91,24:Sekou Cherif:43.29,25:Olivia Weber:58.20,26:Chen Pereira:33.05,27:Samira Huang:43.18,28:Zoe Bruno:53.27
4846,Saint-Etienne,Strasbourg,15/12/2026,1515,2037,1:Hassan Pereira:25.87,2:Aicha Vidal:26.26,3:Hugo Russo:34.56,4:Mei Nguyen:41.82,5:Paul Kowalski:45.19,6:Jason Yamamoto:30.55,7:Chloe Ferrari:43.96,8:Lea Sato:29.13,9:Chau Lee:32.60,10:Eloise Popov:26.92,11:Emi Schulz:33.92,12:Silas Cherif:30.30,13:Ryan Morozov:29.50,14:Clement Lopez:26.34,15:Olivia Kuznetsov:26.76,16:Brenda Ouattara:40.45,17:Adrien Esposito:45.19,18:Imani Kuznetsov:37.09,19:Pierre Moussa:31.41,20:Paul Pereira:36.45,21:Ricardo Liu:31.76,22:Gabriel Diop:33.59,23:Zachary Moussa:43.00,24:Baptiste Kuznetsov:36.60,25:Tristan Moreau:42.32,26:Chloe Kim:33.98,27:Isabella Novak:44.67,28:Paul Moreau:28.27,29:Lea Conti:42.44,30:Baptiste Rodriguez:39.59
3431,Paris,Rennes,26/12/2026,1930,0143,1:Felix Khan:44.02,2:Minh Rossi:45.79,3:Nala Simon:51.66,4:Santiago Zimmermann:29.78,5:Felix Zimmermann:37.88,6:Aicha Wong:41.65,7:Miguel Sylla:30.86,8:Rayan Greco:49.59,9:Imani Nkosi:49.50,10:Igor Cisse:34.17,11:Margaux Ribeiro:50.10,12:Elena Ali:35.19,13:Sergei Gallo:51.47,14:Alessio Ali:39.62,15:Hana Gallo:31.89,16:Ryan Moreau:34.19,17:Harper Fahmi:47.09,18:Lucas Khelifi:33.39,19:Madison Tanaka:48.06,20:Manon Gomes:32.92,21:Miguel Boudjema:,22:Chen Ziane:40.24,23:Rayan Davis:41.50,24:Aisha Ali:38.02,25:Madison Moussa:38.27,26:Jules Mohamed:40.98,27:Victor Diop:50.14,28:Driss Perez:45.19,29:Aki Huang:48.45,30:Mehdi Roux:50.29,31:Sophie Sousa:,32:Simon Yamamoto:29.90
6148,Bordeaux,Le Mans,11/05/2026,1930,2245,1:Pierre Diop:20.72,2:Dylan Petit:18.39,3:Zoe Oliveira:23.14,4:Fode Moussa:17.20,5:Bilal Kuznetsov:15.21,6:Nala Simon:17.81,7:Jian Ali:23.28,8:Alessio Wong:19.40,9:Carmen Perez:22.26,10:Corey Ivanov:19.18,11:Lea Bianchi:18.88,12:Alessio Lopez:23.05,13:Samira Bruno:20.59,14:Driss Greco:19.68,15:Chloe Brown:17.40,16:Austin Chen:20.43,17:Ryo Rizzo:17.96,18:Farah Russo:15.08,19:Juan Greco:21.53,20:Quentin Gomez:24.48,21:Lian Oliveira:18.03,22:Adrien Laurent:22.46,23:Chau Bianchi:25.52,24:Tristan Popov:19.67,25:Oceane Vidal:14.37,26:Yara Moore:19.90,27:Kenza Kim:17.80,28:Oceane Almeida:18.64,29:Nicolas Esposito:20.58,30:Javier Kovacs:23.80
6796,Limoges,Perpignan,19/02/2026,1815,0044,1:Simon Chen:33.59,2::,3:Imani Bernard:31.13,4:Chloe Kuznetsov:29.12,5:Igor Cisse:45.14,6:Samira Rossi:45.64,7:Sofia Silva:43.01,8:Katya Doan:44.56,9:Mateo Benali:,10:Madison Tanaka:50.12,11:Yumi Liu:35.35,12:Gabriel Cisse:32.07,13:Aisha Martinez:45.49,14:Javier Bianchi:39.09,15:Emma Vidal:41.23,16:Corey Lefevre:44.39,17:Chen Diallo:43.46,18:Bjorn Tran:28.76,19:Olivia Ribeiro:,20:Sergei Dubois:38.91,21:Baptiste Bianchi:40.19,22:Yasmine Pereira:
9168,Dijon,Toulouse,11/09/2026,1415,2133,1:Sara Tran:40.45,2:Austin Cisse:37.25,3:Tristan Chung:32.39,4:Taro Gallo:38.44,5:Olivia Sousa:47.57,6:Zane Almeida:46.51,7:Jeanne Petit:37.53,8:Valentine Chung:54.21,9::,10:Driss Thomas:38.07,11:Kimberly Diop:43.31,12:Samira Petit:36.91,13:Taro Greco:,14:Nala Mohamed:54.80,15:David Bruno:35.14,16:Jackson Silva:,17::,18:Liam Nkosi:42.93,19:Rayan Rodrigues:55.78,20:Fode Faure:47.49,21:Camille Tran:,22:Jeanne Russo:55.61,23:Pablo Petrov:38.52,24:Felix Huang:41.12,25:Isabella Nkosi:39.25,26:Pierre Taylor:53.16,27:Rayan Garcia:52.76,28:Farah Nkosi:53.15,29:Camille Morozov:42.95
5465,Lille,Paris,12/11/2026,0715,0854,1:Alice Garnier:19.32,2:Arthur Gomes:14.16,3:Zola Clark:12.74,4:Pierre Almeida:21.66,5:Karim Petrov:14.54,6:Austin Thomas:20.34
6819,Reims,La Rochelle,29/03/2026,0945,1937,1:Kofi Ndiaye:35.39,2:Jeanne Petrov:55.37,3:Orion Simon:47.24,4:Louis Clark:57.34,5:Liam Alves:58.23,6:Elena Conti:42.72,7:Manon Ouattara:46.61,8:Arthur Durand:49.62,9:Akira Ferrari:34.25,10:Chloe Laurent:35.12,11:Daiki Kim:32.67,12:Sekou Cherif:49.87,13:Sana Kovacs:51.42,14:Natalia Perez:34.12,15:Clement Zimmermann:44.68,16:Pablo Mohamed:40.30,17:Quentin Fernandez:55.42
3089,Toulouse,Rouen,08/09/2026,1445,0016,1:Nicolas Vidal:45.29,2:Elsa Greco:55.28,3:Li Dubois:45.22,4:Juan Morozov:48.73,5:Zane Zhang:38.91,6:Erica Sato:34.82,7:Driss Cisse:46.24,8:Tristan Tran:44.08,9:Sofia Silva:50.77,10:Aki Tran:52.45,11:Minh Doan:44.74,12:Minh Rossi:35.14,13:Madison Sylla:36.89,14:Wei Haddad:35.22
8714,Lille,Toulouse,02/10/2026,2100,0654,1:Daiki Smith:,2:Lucia Rodriguez:,3:Eloise Weber:49.85,4:Isabella Ivanov:42.73,5:Omar Moreau:56.31,6:Louis Clark:49.41,7:Kwame Cherif:46.38,8:Tristan Haddad:37.02,9:Noah Schulz:36.84,10:Emma Almeida:49.08,11:Yasmine Pereira:49.55,12:Hana Ali:43.55,13:Kenza Davis:38.77,14:Felix Ivanov:44.47,15:Eloise Suzuki:,16:Victor Diop:38.30,17:Paul Durand:57.23,18:Wei Rizzo:42.75,19:Rayan Garcia:56.50,20:Sora Michel:56.73,21:Mehdi Zhang:57.72,22:Gabriel Cisse:49.59,23:Felix Esposito:46.74,24:Aki Muller:51.79,25:Chloe Weber:43.96,26:Jackson Kuznetsov:54.06
7723,Lille,Montpellier,22/02/2026,2215,0814,1:Alice Vidal:45.34,2:Paul Moreau:47.66,3:Jules Kim:49.78,4:Sergei Perez:57.52,5:Amandine Le:43.14,6:Arthur Ivanov:46.21,7:Gabriel Sanchez:50.74,8:Emi Park:45.33,9:Kenza Williams:55.89,10:Ryo Simon:53.15,11:Jeanne Tanaka:45.33,12:Baptiste Bianchi:43.72,13:Zachary Zimmermann:41.98,14:Minh Rizzo:50.40,15:Noah Khan:35.87,16:Quentin Roux:56.72,17:Amandine Johnson:45.67,18:Santiago Robert:56.41,19:Romain Gallo:50.10,20:Paul Chen:45.87,21:Bjorn Gallo:33.10,22:Juan Ziane:52.64,23:Zoe Diallo:47.03,24:Imani Alves:43.72,25:Pablo Wang:57.02,26:Aisha Park:51.03,27:Leila Rizzo:53.80,28:Pierre Garnier:38.67,29:Zachary Popov:36.57,30:Alice Torres:46.83,31:Sana Liu:48.87,32:Chen Ziane:43.22,33:Emma Conti:54.20,34:Manon Popov:50.46
4848,Reims,Montpellier,16/08/2026,1130,1719,1:Arthur Gomes:35.30,2:Driss Cruz:27.56,3:Zane Abebe:29.42,4:Pierre Ziane:24.48,5:Kwame Perez:25.93,6:Mei Garnier:39.54,7:Ryan Vidal:36.08,8:Kofi Novak:31.51,9:Mei Nkosi:29.79,10:Imani Rodriguez:35.89,11:Kenji Weber:39.17,12:Carmen Bruno:37.37,13:Eloise Boudjema:24.42,14:Celeste Benali:26.92,15:Taylor Moore:26.75,16:Romain Gallo:41.20,17:Ethan Ferrari:32.54,18:Celeste Taylor:27.44,19:Felix Tanaka:33.80,20:Nala Garnier:39.68,21:Ulysse Schulz:32.18,22:Lucia Traore:25.35,23:Lea Sokolov:35.35,24:Kofi Khan:40.03,25:Jian Michel:38.84,26:Erica Sanchez:24.42,27:Paul Muller:28.03
4715,Strasbourg,Metz,13/07/2026,1315,1546,1:Manon Nkosi:21.08,2:Jeanne Taylor:18.17,3:Wei Haddad:17.48,4:Amandine Chung:14.12,5:Valentine Huang:14.66,6:Celeste Chung:21.61,7:Taro Wilson:19.68,8:Aisha Traore:21.94,9:Samira Ouattara:22.17,10:Elena Russo:13.20,11:Louis Singh:13.21,12:Aisha Park:16.34,13:Amine Dupont:15.65,14:Katya Almeida:17.30,15:Natalia Durand:13.78,16:Sophie Tran:18.15,17:Fiona Garnier:13.61,18:Minh Ivanov:21.12,19:Nala Moore:19.27,20:Noah Suzuki:14.28,21:Mehdi Richard:16.17,22:Taylor Cruz:15.51,23:Silas Sylla:14.55,24:Noah Tanaka:14.58,25:Corey Nguyen:19.82,26:Aki Tran:15.06,27:Zoe Rodrigues:14.72,28:Tristan Ivanov:14.80,29:Lucas Khelifi:12.56,30:Sora Esposito:21.09,31:Natalia Weber:15.62
9797,Dijon,La Rochelle,16/10/2026,0800,1619,1:Zachary Gomes:41.94,2:Zachary Chung:39.08,3:Ulysse Nguyen:35.11,4:Aicha Michel:48.97,5:Sophie Chung:57.69,6:Rose Miller:53.74,7:Hassan Russo:47.34,8:Louis Sanchez:52.02,9:Willow Popov:43.35,10:Valentine Ndiaye:40.81,11:Baptiste Johnson:46.14,12:Kofi Cruz:43.68,13:Kofi Khan:36.30,14:Hassan Liu:53.13,15:Alice Dupont:35.53,16:Jackson Muller:42.47,17:Celeste Muller:41.98,18:Yara Wong:46.86,19:Nour Cruz:39.47,20:Chau Huang:53.67,21:Mei Liu:33.81,22:Lian Sokolov:50.79,23:Kofi Roux:50.69,24:Felix Huang:37.52,25:Fiona Miller:42.51,26:Yara Doan:48.10,27:Pierre Diallo:40.40,28:Jackson Sanchez:57.30,29:Margaux Conti:55.52,30:Paul Cruz:50.14,31:Jules Tanaka:39.67,32:Awa Klein:38.55,33:Emma Cisse:43.86
6494,Paris,Brest,20/08/2026,1245,2042,1:Finn Russo:38.54,2:Brenda Dubois:51.51,3:Skylar Bruno:41.60,4:Silas Hussein:37.55,5:Youssef Lopez:45.25,6:Erica Sanchez:54.86,7:Brenda Mohamed:47.77,8:Hugo Thomas:37.19,9:Chloe Russo:52.90,10:Eloise Schulz:49.46,11:Harper Ramirez:57.65,12:Felix Ferrari:50.28,13:Madison Santos:50.40,14:Malika Taylor:47.68,15:Samira Wagner:44.76,16:Emma Moussa:35.96,17:Zane Almeida:35.75,18:Willow Taylor:58.34,19:Igor Moussa:40.95,20:Kwame Cherif:40.41,21:Oceane Boudjema:43.20,22:Alice Torres:40.76,23:Katya Ahmed:41.98,24:Hazel Morozov:52.66,25:Chau Torres:44.65,26:Ulysse Garnier:40.16,27:Malika Brown:54.16,28:Pierre Ziane:54.38,29:Sara Petit:57.34,30:Amine Rizzo:46.22,31:Erica Morozov:48.40,32:Maria Smith:39.28,33:Zoe Vidal:45.74,34:Minh Benali:34.43,35:Awa Sato:39.93,36:Hazel Lefevre:33.16,37:Taylor Wong:41.99,38:Kenji Zimmermann:40.89,39:Youssef Morozov:36.39,40:Alessio Alves:58.36,41:Fiona Petit:39.78,42:Austin Moussa:37.20,43:Lucas Simon:45.92,44:Chloe Conti:54.70,45:Driss Perez:33.53,46:Dylan Popov:55.89,47:Natalia Lefevre:39.68,48:Hazel Hussein:49.10,49:Tristan Santos:45.80,50:Nala Miller:53.45,51:Sergei Ribeiro:57.08,52:Youssef Abebe:41.11,53:Ryo Klein:42.95,54:Hana Miller:53.74,55:Tristan Diop:48.40
3118,Rouen,Reims,25/02/2026,1145,1942,1:Malika Robert:37.83,2:Alice Leroy:57.15,3:Oceane Robert:49.83,4:Tristan Durand:45.47,5:Manon Nkosi:54.05,6:Bilal Kovacs:57.49,7:Kai Ahmed:37.69,8:Baptiste Sanchez:36.47,9:Sergei Perez:47.06,10:Driss Almeida:36.99,11:Samira Ouattara:52.77,12:Natalia Cruz:38.52,13:Ryo Sanchez:34.99,14:Valentine Oliveira:48.42,15:Hazel Ribeiro:52.94,16:Felix Suzuki:34.58,17:Victor Zimmermann:50.32,18:Pierre Ziane:32.79,19:Chau Zimmermann:45.42,20:Mei Dubois:35.94,21:Bjorn Esposito:39.03,22:Imani Nkosi:53.11,23:Ricardo Martinez:54.44,24:Ryan Williams:55.80,25:Youssef Doan:44.46,26:Bilal Ivanov:37.89,27:Javier Schmidt:40.87,28:Rayan Torres:40.85,29:Manon Dubois:42.78,30:Yara Miller:35.72,31:Noah Diop:55.49,32:Kenza Weber:35.69,33:Aisha Bruno:37.54,34:Ulysse Sokolov:52.90,35:Celeste Lopez:54.14,36:Isabella Sanchez:46.71,37:Bilal Kuznetsov:56.94,38:Ryan Cherif:40.54,39:Sana Smith:45.24,40:Amandine Conti:38.27,41:Mehdi Abebe:57.73,42:Lucas Greco:44.86,43:Sana Vo:55.86,44:Zoe Ali:56.40,45:Aisha Moussa:38.02,46:Nicolas Bernard:49.41,47:David Fernandez:54.33,48:Sana Durand:44.72,49:Rayan Rodrigues:32.77,50:Santiago Sanchez:37.61
5017,Dijon,La Rochelle,16/10/2026,2100,0438,1:Jackson Sanchez:43.18,2:Emma Greco:46.19,3:Baptiste Santos:46.41,4:Margaux Chen:42.37,5:Ryan Ouattara:33.95,6:Jackson Ramirez:38.51,7:Sophie Vidal:49.29,8:Pablo Robert:49.48,9:Camille Moreau:46.66,10:Minh Fahmi:55.32,11:David Esposito:54.00,12:Juan Lopez:36.36,13:Arthur Garnier:47.09,14:Carmen Liu:56.42,15:Juan Alves:54.02,16:Liam Pham:34.83,17:Corey Nguyen:40.41,18:Minh Gomes:52.00,19:Finn Miller:55.23,20:Yumi Wang:34.15,21:Ryo Simon:52.85,22:Wei Chung:45.17,23:Pierre Gallo:55.28,24:Orion Pereira:54.86,25:Imani Dupont:34.79,26:Katya Santos:32.99,27:Imani Petrov:58.31,28:Romain Gallo:38.83,29:Sophie Schulz:53.24,30:Imani Laurent:53.76,31:Hana Wagner:49.03,32:Fode Wilson:40.06,33:Samira Russo:40.02,34:Youssef Bianchi:35.83,35:David Gomez:53.46,36:Sophie Clark:47.31,37:Camille Popov:52.15,38:Sonia Diallo:52.13,39:Driss Dupont:49.58,40:Omar Ouattara:48.78,41:Samira Gomes:46.48,42:Minh Doan:33.41,43:Ryo Boudjema:55.90,44:Nour Smith:42.63,45:Simon Yamamoto:56.72,46:Zachary Cisse:54.70,47:Rayan Robert:42.42,48:Kenza Perez:37.44,49:Daiki Martinez:52.14,50:Fode Wilson:33.97
2669,Marseille,Caen,11/04/2026,1330,2226,1:Lea Bianchi:44.32,2:Dylan Rizzo:56.62,3:Taro Pham:39.79,4:Felix Haddad:54.40,5:Jules Garcia:54.05,6:Mateo Wang:48.23,7:Taro Wang:33.45,8:Jules Bernard:33.57,9:Willow Cruz:56.35,10:Lucia Simon:41.02,11:Katya Almeida:34.51,12:Silas Moussa:52.57,13:Margaux Fournier:49.01,14:Zachary Traore:53.44,15:Elena Conti:57.01,16:Miguel Yamamoto:58.34,17:Oceane Vo:46.82,18:Rose Novak:49.40,19:Nour Russo:43.10,20:Natalia Durand:34.44,21:Nicolas Ali:46.63,22:Alice Garnier:53.70,23:Leila Khan:35.21,24:Ulysse Park:57.59,25:Corey Michel:45.59,26:Isabella Lefevre:37.34,27:Noah Gallo:51.68,28:Minh Tran:50.98,29:Leila Leroy:54.90
1962,Nantes,Rennes,05/11/2026,0615,0918,1:Bjorn Esposito:19.04,2:Kenza Garnier:16.20,3:Adrien Garnier:21.15,4:Hana Silva:14.13,5:Nicolas Gomes:20.00,6:Jian Michel:19.75,7:Yara Clark:20.52,8:Jules Garcia:17.99,9:Pierre Moussa:13.64,10:Jian Ramirez:20.52,11:Silas Tran:20.59,12:Dmitri Klein:19.21,13:Dmitri Hussein:13.63,14:Ryo Perez:18.49,15:David Bruno:14.03,16:Mehdi Gomez:20.93,17:Zoe Huang:21.11,18:Romain Michel:15.99,19:Alice Zhang:17.67,20:Daiki Dupont:14.27,21:Zane Bernard:21.21,22:Chau Diop:13.79,23:Clement Cherif:12.78,24:Jules Torres:14.05,25:Valentine Singh:17.31,26:Mehdi Conti:17.48,27:Mei Dubois:15.37
7671,Caen,Dijon,09/12/2026,1700,0017,1:Hugo Ribeiro:44.60,2:Victor Singh:39.54,3:Hassan Liu:41.07,4:Igor Popov:34.00,5:Madison Diop:47.78,6:Oceane Gomez:36.00,7:Sophie Ouattara:39.37,8:Hazel Tran:53.40,9:Mehdi Sato:33.26,10:Taro Gallo:51.03,11:Margaux Chen:35.10,12:Isabella Smith:45.34,13:Gabriel Fahmi:36.14,14:Imani Chung:50.25,15:Pierre Taylor:42.89,16:Noah Lopez:45.62,17:Driss Cruz:31.26,18:Lucas Oliveira:37.26,19:Kenza Schulz:46.22,20:Ricardo Cruz:45.08,21:Bilal Ivanov:36.81,22:Sara Khelifi:49.28,23:Santiago Perez:38.85,24:Austin Thomas:40.94,25:Ulysse Liu:45.88,26:Kofi Petit:35.64,27:Emi Lee:51.76,28:Sonia Huang:36.40,29:Ulysse Nguyen:39.98,30:Hassan Martin:36.27,31:Miguel Novak:52.04,32:Akira Novak:33.35,33:Youssef Bianchi:36.28,34:Paul Pereira:54.49,35:Sara Schmidt:32.75,36:Pablo Mohamed:31.69,37:Louis Simon:39.64,38:Rose Ramirez:36.86,39:Pierre Ziane:37.21,40:Isabella Sanchez:48.74,41:Nala Garnier:35.23,42:Fode Wang:32.51,43:Driss Bernard:44.84
7629,Limoges,Nice,10/11/2026,1030,2056,1:Paul Ahmed:36.48,2:Kenza Weber:40.22,3:Corey Moreau:39.57,4:Jason Ferrari:46.18,5:Yara Clark:51.27,6:Louis Ndiaye:44.13,7:Ethan Dupont:56.19,8:Jules Oliveira:50.40,9:Ricardo Cisse:55.96,10:Aicha Wang:43.84,11:Lucia Rodriguez:38.14,12:Lea Tran:37.12,13:Driss Williams:40.23,14:Karim Weber:58.13,15:Fiona Petit:46.41,16:Mehdi Benali:51.31,17:Sonia Boudjema:46.33,18:Aisha Bruno:48.93,19:Sekou Haddad:45.79,20:Liam Khelifi:32.65,21:Corey Martin:54.27,22:Paul Pereira:47.82,23:Zane Suzuki:53.12,24:Jules Kim:43.28,25:Bjorn Esposito:38.54,26:Alice Dupont:47.92,27:Emi Nkosi:58.18,28:Baptiste Thomas:37.07
7950,Limoges,Caen,22/07/2026,1915,0123,1:Gabriel Miller:30.30,2:Aki Novak:34.05,3:Corey Weber:49.81,4:Hazel Khan:30.94,5:Lian Ferrari:47.64,6:Omar Doan:37.58,7:Ines Le:36.30,8:Erica Mohamed:43.41,9:Aki Muller:29.24,10:Carmen Bruno:33.71,11:Bjorn Esposito:46.29,12:Kofi Khan:38.62,13:Sonia Kim:48.25,14:Paul Moreau:30.05,15:Jeanne Tanaka:29.08,16:Jian Ali:42.01,17:Pierre Traore:38.40,18:Zoe Huang:47.94,19:Aki Cisse:34.32,20:Louis Ndiaye:45.65,21:Jackson Ferrari:33.29,22:Manon Ouattara:31.96,23:Hana Wagner:45.34,24:Javier Brown:45.56,25:Mei Garnier:38.84,26:Olivia Tanaka:29.81,27:Jackson Silva:38.10,28:Leila Rizzo:30.33,29:Eloise Weber:44.47,30:Silas Klein:43.46,31:Kenza Chen:40.33
5321,Dijon,Lyon,15/03/2026,1730,2039,1:Jackson Kuznetsov:14.65,2:Willow Smith:20.16,3:Madison Gomes:16.82,4:Felix Garcia:12.88,5:Nicolas Wong:17.71,6:Hassan Brown:17.88,7:Bilal Mohamed:19.82,8:Ryo Sanchez:20.78,9:Farah Gallo:20.93,10:Alice Park:18.21,11:Jules Liu:18.75,12:Arthur Abebe:16.23,13:Jackson Ferrari:16.76,14:Zola Chung:16.65,15:Farah Rizzo:20.67,16:Nicolas Bernard:19.85,17:Brenda Mohamed:16.30,18:Harper Martin:14.71,19:Jason Wang:14.63,20:Youssef Conti:19.60,21:Ricardo Cruz:17.59,22:Bjorn Tran:18.78,23:Natalia Wong:18.89,24:Santiago Abebe:21.75,25:Natalia Durand:20.87,26:Sora Russo:12.67,27:Mei Liu:18.94,28:Minh Ivanov:17.77,29:Jian Michel:14.78,30:Eloise Popov:19.93,31:Manon Moreau:20.10
8491,Tours,Lille,10/02/2026,1730,2243,1:Mei Ahmed:32.64,2:Zola Cherif:30.85,3:Sophie Ouattara:25.32,4:Dylan Petrov:44.21,5:Felix Cisse:28.66,6:Elsa Martin:38.08,7:Jeanne Wagner:33.63,8:Ulysse Torres:33.55,9:Quentin Chen:44.52,10:Driss Suzuki:33.50,11:Pierre Lee:42.36,12:Elena Lopez:37.62,13:Lea Michel:36.55,14:Taylor Klein:34.10,15:Madison Diop:43.15,16:Maria Torres:41.90,17:Ricardo Rodriguez:27.48,18:Leila Vo:32.04,19:Yasmine Kuznetsov:39.41,20:Ryan Morozov:42.18,21:Ryan Rossi:32.58,22:Hugo Nkosi:35.22,23:Alice Tanaka:30.20,24:Kimberly Diop:45.14,25:Noah Lopez:33.31,26:Quentin Ali:27.32,27:Zoe Huang:37.52,28:David Rizzo:31.07,29:Lian Lee:42.32,30:Zane Cherif:32.30
7715,Limoges,Nice,12/09/2026,2230,0843,1:Nour Smith:35.93,2:Ryan Martin:33.71,3:Minh Chen:37.69,4:Austin Nkosi:41.68,5:Rose Perez:35.01,6:Dylan Petrov:40.34,7:Sora Garnier:55.85,8:Jules Miller:55.83,9:Igor Alves:55.39,10:Romain Gallo:37.78,11:Yara Hussein:47.86,12:Erica Sato:45.85,13:Leila Zhang:41.35,14:Jackson Ramirez:44.82,15:Sergei Vasiliev:38.53,16:Jason Ferrari:40.53,17:Sofia Ramirez:49.97,18:Thao Khan:34.80,19:Gabriel Park:37.46,20:Mehdi Laurent:55.01,21:Alice Dupont:34.26,22:David Cherif:33.13
4105,Saint-Etienne,Limoges,22/04/2026,1900,2259,1:Willow Kim:17.87,2:Farah Thomas:24.69,3:Orion Russo:21.20,4:Kofi Novak:22.62,5:Emma Nguyen:18.20,6:Ines Laurent:20.67,7:Karim Faure:22.80,8:Brenda Robert:26.86,9:Kenji Boudjema:16.48,10:Lian Garnier:25.38,11:Ulysse Garnier:21.01,12:Pierre Lee:22.55,13:Kai Ahmed:27.61,14:Javier Richard:24.89,15:Noah Suzuki:20.75,16:Javier Kovacs:21.72,17:Lea Sato:28.57,18:Driss Cisse:17.80,19:Aisha Haddad:19.32,20:Zoe Bruno:26.71,21:Fode Wilson:21.83,22:Ulysse Laurent:16.42,23:Sana Liu:26.11,24:Madison Kowalski:18.04,25:Eloise Wilson:25.60,26:Jason Traore:17.70,27:Daiki Dubois:20.45,28:Noah Lopez:18.63,29:Taro Zimmermann:23.39,30:Karim Zhang:17.24,31:Jeanne Doan:17.37,32:Jules Liu:20.86,33:Simon Brown:26.67,34:Omar Liu:25.41,35:Mei Dupont:18.45,36:Adrien Moore:19.83,37:Rose Ramirez:27.03,38:Minh Schulz:28.00,39:Madison Sylla:20.41,40:Nala Miller:23.04,41:Yasmine Kuznetsov:22.02,42:Driss Dupont:25.37,43:Simon Fernandez:23.45,44:Theo Schmidt:19.32,45:Simon Ndiaye:28.78,46:Austin Cisse:17.05
3061,Nice,Rennes,03/06/2026,1130,0108,1:Bilal Kovacs:47.50,2:Bjorn Moore:50.00,3:Rose Vasiliev:51.66,4:Elsa Garnier:53.87,5:Katya Bruno:47.60,6:Bilal Clark:42.36,7:Hugo Ribeiro:42.31,8:Noah Suzuki:57.55,9:Jeanne Doan:34.54,10:Leila Ndiaye:46.96,11:Kofi Ndiaye:43.59,12:Lucia Huang:54.05,13:Lian Oliveira:37.82,14:Taro Zimmermann:52.66,15:Akira Brown:50.83,16:Hugo Tran:41.17,17:Nour Sousa:41.84,18:Chau Almeida:38.62,19:Clement Ivanov:52.25,20:Emi Cisse:38.08,21:Lucas Novak:33.42,22:Carmen Miller:33.14,23:Manon Popov:47.39,24:Jackson Silva:49.17,25:Leila Doan:38.29,26:Li Le:50.94,27:Yumi Wang:58.22,28:Igor Popov:45.43,29:Sekou Pereira:39.46,30:Lucia Ziane:56.41,31:Willow Cruz:38.12,32:Hazel Fernandez:39.99,33:Elsa Bianchi:45.53,34:Alice Huang:36.87,35:Ethan Ouattara:57.80
3447,Lille,Dijon,03/11/2026,1100,1749,1:Leila Khan:37.16,2:Thao Moreau:45.37,3:Ethan Bianchi:32.47,4:Hana Martinez:41.10,5:Mateo Benali:37.01,6:Mateo Novak:39.61,7:Ulysse Schulz:48.99,8:Emma Dupont:38.10,9:Oceane Lee:39.05,10:Alessio Moreau:48.39,11:Nicolas Ali:50.58,12:Pablo Ndiaye:35.17,13:Elena Liu:48.05,14:Hazel Schmidt:31.88,15:Alessio Wong:30.85,16:Jules Miller:32.79,17:Elena Richard:48.67,18:Alice Dupont:48.80,19:Louis Ouattara:40.54,20:Rayan Moreau:36.60,21:Jeanne Schmidt:36.31,22:Felix Esposito:35.58,23:Ryan Sokolov:47.76,24:Gabriel Muller:29.07,25:Romain Diallo:35.72,26:Lucia Mohamed:44.56,27:Theo Taylor:48.02,28:Daiki Clark:40.47,29:Lucas Suzuki:33.41,30:Aicha Vo:34.52,31:Zola Williams:40.06,32:Arthur Robert:43.64,33:Carmen Bruno:31.03,34:Sergei Vasiliev:41.17,35:Natalia Moore:42.26,36:Driss Dupont:37.88,37:Pierre Diallo:39.33,38:Chloe Brown:50.78,39:Elsa Perez:39.51,40:Ryo Hussein:33.51,41:Hassan Liu:36.68,42:Taro Zimmermann:34.34,43:Youssef Abebe:46.75,44:Nicolas Gomes:31.02,45:Simon Chen:41.52,46:Sonia Greco:43.00,47:Pierre Diallo:37.95,48:Mei Vidal:38.86,49:Akira Wang:34.36,50:Karim Sanchez:44.89,51:Nala Dupont:40.50
7881,Marseille,Montpellier,04/02/2026,1115,1404,1:Kenza Wang:22.61,2:Mehdi Rodriguez:18.29,3:Chen Morozov:18.85,4:Elsa Perez:24.68,5:Zachary Thomas:21.53,6:Manon Wong:15.19,7:Mateo Oliveira:24.32,8:Kenji Zimmermann:16.75,9:Zoe Tanaka:14.42,10:Skylar Popov:20.53,11:Kenza Vidal:24.25,12:Simon Vidal:18.58,13:Hana Martinez:19.12,14:Celeste Lee:24.64,15:Margaux Muller:15.07,16:Lucas Suzuki:16.28,17:Zane Morozov:24.37,18:Minh Rizzo:22.74,19:Driss Almeida:21.39,20:Samira Rossi:15.17,21:Lucia Ramirez:15.83,22:Ulysse Sokolov:23.95,23:Jackson Martinez:22.49,24:Kwame Rizzo:14.47
8637,Lyon,Angers,14/05/2026,1930,0244,1:Elena Lopez:45.58,2:Tristan Chung:38.99,3:Pierre Traore:40.81,4:Elena Boudjema:42.87,5:Kenza Taylor:45.37,6:Simon Wilson:37.56,7:Brenda Popov:36.80,8:Omar Moreau:48.09,9:Akira Chen:49.55,10:Aicha Michel:47.92,11:Kimberly Williams:56.58,12:Victor Huang:44.31,13:Daiki Wang:53.61,14:Mehdi Rodriguez:46.64,15:Quentin Pereira:47.00,16:Isabella Clark:51.01,17:Ethan Weber:54.43,18:Orion Faure:47.92,19:Zoe Chen:55.42,20:Karim Sousa:49.02,21:Kenza Schulz:53.76,22:Liam Ribeiro:47.95,23:Willow Cisse:46.45,24:Yumi Wang:47.85,25:Lea Suzuki:46.07,26:Madison Diop:36.13,27:Rayan Davis:54.35,28:Clement Kuznetsov:52.92
8801,Metz,Caen,21/06/2026,0630,1542,1:Jackson Diop:47.57,2:Mei Nkosi:41.33,3:Isabella Benali:45.85,4:Chloe Weber:43.14,5:Pierre Taylor:56.16,6:Sara Khan:39.85,7:Ulysse Dupont:53.29,8:Bilal Gallo:53.87,9:Kofi Muller:57.68,10:Youssef Wagner:34.98,11:Imani Diallo:43.73,12:Kai Park:49.11,13:Hana Pereira:35.10,14:Oceane Schmidt:37.30,15:Minh Fahmi:45.01,16:Sana Sousa:36.24,17:Ryan Fernandez:53.77,18:Kofi Roux:32.71,19:Eloise Schulz:53.80
1984,Rennes,Nice,03/06/2026,1530,0344,1:Silas Ribeiro:46.78,2:Orion Laurent:38.79,3:Jackson Wang:39.72,4:Felix Taylor:33.00,5:Alice Dupont:48.55,6:Aicha Garnier:33.23,7:Ethan Weber:54.71,8:Finn Weber:50.93,9:Jian Michel:56.04,10:Hazel Ribeiro:54.04,11::,12:Willow Tanaka:40.07,13:Orion Bernard:49.55,14:Camille Santos:38.27,15:Sara Cruz:43.83,16:Imani Williams:49.51,17:Baptiste Santos:57.16,18:Louis Kim:43.59,19:Pierre Gallo:46.36,20:Sana Novak:36.38,21:Ryan Fernandez:35.57,22:Alessio Moreau:36.43,23:Aicha Wang:44.53,24::,25:Rayan Dubois:58.31,26:Sonia Dupont:39.13,27:Carmen Fernandez:,28:Ethan Zhang:57.17,29:Mei Vidal:45.73,30:Gabriel Muller:49.31,31:Ryan Cherif:38.60,32:Silas Brown:55.20
4250,Perpignan,Grenoble,22/09/2026,0830,1515,1:Mateo Novak:39.08,2:Juan Petit:38.99,3:Kwame Weber:54.23,4:Jason Greco:43.40,5:Jackson Muller:33.85,6:Bilal Cruz:56.60,7:Nicolas Yamamoto:34.83,8:Kenza Bernard:54.32,9:Sergei Ribeiro:35.83,10:Rayan Garcia:41.91,11:Lucia Esposito:49.17,12:Zola Diop:41.83,13:Olivia Ribeiro:52.17,14:Taylor Gomes:52.69,15:Valentine Khelifi:48.41,16:Kimberly Diop:32.98,17:Mehdi Laurent:40.73,18:Jules Liu:40.95,19:Yara Rodrigues:50.89,20:Eloise Oliveira:54.69,21:Nala Esposito:40.01,22:Jules Miller:57.13,23:Carmen Sato:50.96,24:Ryan Rossi:33.42,25:Rose Sato:41.99,26:Natalia Ali:56.35,27:Jules Fernandez:44.23,28:Skylar Ribeiro:48.77,29:Ulysse Kovacs:55.35,30:Hugo Fahmi:52.92,31:Nicolas Zimmermann:33.50,32:Karim Bruno:52.23
6656,Dijon,Montpellier,26/09/2026,0600,1209,1:Skylar Almeida:44.29,2:Isabella Schmidt:33.00,3:Felix Cisse:32.97,4:Elena Liu:39.45,5:Nala Simon:31.63,6:Igor Alves:44.73,7:Yara Laurent:44.11,8:Paul Davis:39.14,9:Chloe Wong:45.71,10:Emi Park:33.98,11:Miguel Clark:35.08,12:Farah Wilson:46.85,13:Paul Durand:41.71,14:Samira Bianchi:36.68,15:Rose Ramirez:40.50,16:Nicolas Esposito:30.84
9287,Rouen,Marseille,27/10/2026,2130,0623,1:Chen Wong:43.77,2:Alessio Alves:57.26,3:Clement Zimmermann:46.92,4:Wei Leroy:57.24,5:Natalia Faure:45.08,6:Isabella Ivanov:48.37,7:Imani Alves:57.26
9657,Limoges,Strasbourg,27/02/2026,1615,0122,1:Simon Brown:38.70,2:Chen Cherif:39.98,3:Hugo Novak:46.76,4:Emi Cisse:43.68,5:Aicha Ziane:47.06,6:Sara Khan:53.16,7:Zane Almeida:47.11,8:Celeste Chung:47.91,9:Chen Yamamoto:57.52,10:Chau Ivanov:50.61,11:Madison Gomes:44.35,12:Jackson Kim:34.23,13:Li Le:56.27,14:Chen Sanchez:46.95,15:Rose Haddad:47.40,16:Simon Garcia:54.52,17:Youssef Wagner:42.27,18:Sara Schmidt:46.39,19:Daiki Clark:43.35,20:Silas Torres:33.72,21:Skylar Gallo:52.06,22:Li Gomes:50.02,23:Mei Vidal:50.85,24:Jeanne Taylor:46.82,25:Louis Singh:53.42,26:Carmen Cisse:51.06,27:Erica Singh:45.79,28:Harper Vasiliev:47.72,29:Aicha Ndiaye:58.29,30:Lucia Huang:33.42,31:Yara Moore:55.27,32:Finn Weber:47.58,33:Isabella Clark:54.44,34:Sora Davis:38.11,35:Juan Lefevre:35.45,36:Celeste Lee:32.90,37:Simon Wilson:33.68,38:Yara Miller:50.89,39:Chloe Fernandez:46.45,40:Hazel Singh:36.63,41:Hugo Nkosi:37.36,42:Ryo Perez:42.60,43:Zane Suzuki:35.44,44:Pierre Taylor:53.30,45:Nicolas Ahmed:45.52,46:Valentine Oliveira:43.59,47:Harper Wagner:48.53,48:Jian Garcia:43.64,49:Juan Rizzo:37.37,50:Miguel Wagner:51.83,51:Ines Schulz:42.01,52:Chloe Garcia:36.13,53:David Simon:50.88,54:Simon Moore:45.64
8055,Limoges,Metz,02/09/2026,1430,2254,1:Ethan Ouattara:56.33,2:Aicha Michel:56.43,3:Paul Pereira:35.55,4:Driss Williams:43.25,5:Jeanne Doan:51.52,6:Wei Ribeiro:57.33,7:Jason Mohamed:37.21,8:Jeanne Russo:35.71,9:Valentine Singh:40.06,10:Chen Yamamoto:40.99,11:Zoe Fahmi:37.97,12:Brenda Le:34.10,13:Samira Petit:40.79,14:Mateo Vasiliev:56.51,15:Kenza Weber:54.49,16:Mei Liu:49.47,17:Maria Rodriguez:43.59,18:Malika Kowalski:55.32,19:Ryan Klein:48.54,20:Zane Kowalski:49.42,21:Rayan Conti:39.60,22:Hana Miller:37.78,23:Alessio Wong:36.64,24:Katya Schulz:57.51,25:Hugo Martin:51.64,26:Malika Sanchez:52.45,27:Jeanne Petrov:53.94,28:Emma Martin:51.95,29:Clement Fournier:34.02,30:Natalia Weber:53.65,31:Victor Nkosi:53.36,32:Driss Thomas:44.53,33:Jeanne Clark:34.65,34:Hazel Traore:50.30,35:Emma Almeida:38.72,36:Yara Rodrigues:48.55,37:Jeanne Doan:44.35,38:Fiona Petit:46.67,39:Kofi Cruz:42.71,40:Zachary Wilson:37.78,41:Orion Bernard:40.20,42:Alessio Ziane:50.50,43:Driss Perez:43.33,44:Zoe Ali:42.85,45:Sara Petit:43.52,46:Rose Moussa:36.76,47:Hassan Bruno:40.82,48:Sora Silva:35.09,49:Ethan Smith:48.49,50:Emi Johnson:58.24,51:Youssef Schmidt:38.51,52:Sonia Diallo:36.55
6290,Rennes,Le Mans,27/06/2026,2100,,1:Kenza Perez:14.27,2:Pierre Diallo:16.59,3:Alice Hussein:19.33,4:Finn Diallo:17.41,5:Hana Williams:19.81,6:Harper Vasiliev:15.28,7:Sekou Bianchi:17.66,8:Felix Suzuki:21.23,9:Dylan Popov:13.39,10:Maria Tran:13.28,11:Akira Wang:17.07,12:Ryan Sokolov:18.45,13:Louis Simon:22.43,14:Olivia Pereira:19.09,15:Farah Thomas:20.05,16:Chau Lee:20.02,17:Amandine Johnson:14.00,18:Ryan Klein:15.13,19:Austin Cisse:22.50,20:Emma Dupont:18.13,21:David Le:14.41,22:Yasmine Zhang:15.06,23:Tristan Schmidt:22.59,24:Hana Pereira:21.87,25:Jeanne Tanaka:16.76,26:Awa Cisse:20.78,27:Felix Ferrari:12.81,28:Akira Martin:20.89,29:Imani Diallo:14.42
5401,Clermont-Ferrand,Limoges,11/05/2026,1430,1820,1:Pierre Garnier:32.27,2:Valentine Rizzo:19.52,3:Zane Michel:29.91,4:Austin Wang:24.99,5:Arthur Gomes:25.14,6:Valentine Ferrari:25.45,7:Zoe Vidal:26.70,8:Zola Sylla:22.27,9:Bjorn Esposito:22.82,10:Maria Garnier:25.72,11:Sonia Dupont:24.03,12:Chen Yamamoto:26.79,13:Amine Rossi:23.87,14:Camille Tran:21.73,15:David Le:19.27,16:Samira Petit:32.08,17:Kofi Wilson:29.64,18:Orion Zhang:23.99,19:Oceane Boudjema:28.65,20:Nala Fournier:19.86,21:Lea Bianchi:18.66
5146,La Rochelle,Grenoble,09/12/2026,1530,2316,1:Fiona Park:47.50,2:Pierre Garnier:43.71,3:Olivia Kuznetsov:43.88,4:Ethan Weber:40.45,5:Zola Martin:40.99,6:David Le:44.98,7:Rose Garcia:47.43,8:Fode Faure:40.75,9:Adrien Kuznetsov:48.17,10:Bjorn Gallo:53.83,11:Austin Nkosi:51.70,12:Thao Moreau:33.97,13:Hazel Traore:55.27,14:Youssef Popov:51.47,15:Rose Ramirez:57.13,16:Akira Wang:42.05,17:Taro Ziane:36.87,18:Hassan Rodriguez:33.11,19:Kenza Schulz:36.03,20:Rayan Torres:41.50,21:Nour Sousa:48.84,22:Simon Fernandez:46.79,23:Pierre Morozov:46.39,24:Igor Muller:57.70,25:Amandine Robert:44.14,26:Aki Vo:54.92,27:Aki Kovacs:34.85,28:Sana Durand:35.73
9810,Caen,Tours,01/10/2026,1030,1314,1:Felix Ferrari:18.20,2:Emi Robert:16.92,3:Harper Ouattara:23.42,4:Margaux Durand:22.71,5:Ricardo Diop:18.64,6:Brenda Zimmermann:16.64,7:Harper Wagner:22.68,8:Isabella Le:18.49,9:Hana Bianchi:21.46,10:Karim Fahmi:21.08,11:Margaux Weber:14.14,12:David Le:13.70,13:Oceane Lee:19.29
4483,Clermont-Ferrand,Reims,06/09/2026,1500,2026,1:Camille Popov:40.37,2:Ryo Rizzo:25.07,3:Yara Cisse:25.08,4:Rose Sato:37.22,5:Elsa Garnier:30.91,6:Sora Michel:32.99,7:Ines Haddad:39.69,8:Malika Richard:26.55,9:Dmitri Bruno:35.05,10:Erica Tanaka:32.68,11:Brenda Dubois:34.46,12:Hugo Thomas:27.07
1601,Marseille,Reims,30/09/2026,2245,0457,1:Amine Rizzo:28.82,2:Mateo Laurent:,3:Sophie Gomez:40.60,4:Sara Greco:29.08,5:Manon Gomez:34.29,6:Lea Suzuki:41.10,7:Skylar Ribeiro:50.40,8:Li Dubois:33.25,9:Theo Tanaka:32.13,10:Emma Pham:39.07,11:Bjorn Tran:46.25,12:Madison Kowalski:31.34,13:Felix Cisse:50.38,14:Noah Tanaka:44.89,15:Yasmine Kuznetsov:50.16,16:Aki Ivanov:29.59,17:Dmitri Ferrari:31.63,18:Sonia Kim:39.21,19:Samira Gomes:,20:Louis Moussa:37.46,21:Sofia Gomez:42.44,22:Emi Robert:32.66,23:Fode Wilson:37.42,24:Alice Dupont:32.91,25:Chloe Wong:44.86,26:Akira Park:40.43,27:Emma Moussa:34.50,28:Lea Michel:,29:Liam Ribeiro:31.47
5620,Rennes,Angers,03/04/2026,1245,1553,1:Bilal Cruz:19.61,2:Fode Ferrari:16.88,3:Lucia Diop:19.90,4:Margaux Schmidt:19.24,5:Austin Liu:25.80,6:Skylar Almeida:26.24,7:Lea Diallo:17.94,8:Liam Alves:20.11,9:Taro Doan:23.04,10:Simon Chen:24.78,11:Isabella Ziane:18.71,12:Ethan Dupont:19.49,13:Nala Esposito:16.27,14:Zane Durand:21.49,15:Quentin Wilson:23.22,16:Kenza Chen:17.24,17:Sofia Lee:18.29,18:Farah Russo:26.00,19:Gabriel Brown:25.57,20:Ines Dubois:20.06,21:Ethan Torres:19.57,22:Ethan Zhang:19.30,23:Alessio Moreau:25.77,24:Zoe Kowalski:26.37,25:Zane Klein:24.26,26:Pablo Clark:23.85,27:Mehdi Sato:23.78,28:Alice Martin:17.08,29:Jason Traore:23.09,30:Nour Cruz:23.55,31:Clement Sato:17.66,32:Isabella Durand:17.80
3176,Rouen,Rennes,05/09/2026,1530,2030,1:Oceane Robert:28.56,2:Ethan Bianchi:37.26,3:Sonia Ahmed:39.98,4:Carmen Simon:36.62,5:Zola Johnson:36.58,6:Felix Lefevre:34.56,7:Silas Ziane:24.50,8:Baptiste Sanchez:25.03,9:Sekou Bernard:29.82,10:Hazel Fournier:25.95,11:Alice Huang:26.11,12:Nicolas Wong:33.52,13:Margaux Chen:36.04,14:Sora Michel:24.07,15:Sora Rodriguez:38.39,16:Igor Moussa:41.97,17:Sophie Nguyen:23.81,18:Karim Faure:35.65,19:Mei Dupont:29.72,20:Manon Yamamoto:40.64,21:Hugo Diallo:39.89,22:Rose Rodriguez:27.12,23:Camille Chen:37.32,24:Fode Perez:38.78,25:Amine Leroy:24.02,26:Sora Silva:40.69,27:Farah Gallo:34.78,28:Ryo Williams:41.78,29:Lucas Suzuki:32.68,30:Katya Gallo:40.67,31:Aisha Haddad:39.91,32:Maria Tran:37.81,33:Isabella Mohamed:32.33,34:Corey Nguyen:40.01
7058,Toulouse,Marseille,29/10/2026,0845,1340,1:Juan Fernandez:32.52,2:Elena Gomes:21.75,3:Margaux Garnier:32.39,4:Aki Ribeiro:29.10,5:Jason Mohamed:22.72,6:Thao Khan:21.85,7:Clement Lee:33.73,8:Zoe Nkosi:29.74,9:Farah Wilson:26.34,10:Kenza Martinez:34.39,11:Minh Le:21.81,12:Adrien Conti:28.73,13:Corey Martin:24.56,14:Ryan Fournier:32.45,15:David Simon:32.76,16:Madison Diop:24.75,17:Dylan Perez:21.88,18:Manon Novak:30.71,19:Alessio Wong:30.57,20:Ryo Esposito:23.12,21:Akira Abebe:19.84,22:Thao Moreau:33.23,23:Imani Laurent:33.15,24:Romain Sylla:26.55,25:Ethan Ferrari:22.54,26:Karim Fahmi:21.78,27:Karim Liu:25.34,28:Margaux Muller:26.20,29:Sana Vo:27.82,30:Manon Kim:33.55,31:Hassan Rizzo:22.28,32:Ryan Sanchez:29.02,33:Romain Wong:20.85,34:Sana Liu:29.83,35:Carmen Miller:34.85,36:Chau Weber:27.94,37:Zane Wilson:27.65,38:Felix Ali:35.34,39:Kenza Schulz:24.55,40:Chau Simon:21.46,41:Willow Sokolov:27.96,42:Chen Ziane:33.81,43:Youssef Schmidt:32.07,44:Lea Suzuki:24.63,45:Kenza Traore:28.68,46:Elsa Greco:28.45,47:Hugo Miller:34.53,48:Alice Vidal:19.82,49:Felix Huang:33.66,50:Hana Martinez:25.19,51:Adrien Chung:32.56,52:Imani Ahmed:24.75,53:Austin Moore:34.63,54:Nour Rodrigues:22.04
9627,La Rochelle,Marseille,30/11/2026,0830,1540,1:Leila Vo:34.65,2:Valentine Rizzo:42.64,3:Celeste Fournier:57.68,4:Malika Kowalski:42.98,5:Ricardo Nkosi:33.92,6:Nala Dupont:49.78,7:Minh Sato:35.94,8:Sonia Michel:38.96,9:Noah Gallo:36.45,10:Sana Kovacs:50.20,11:Elsa Martin:54.58,12:Nicolas Clark:35.50,13:Manon Dupont:39.10,14:Austin Haddad:47.57,15:Hazel Ribeiro:43.67,16:Youssef Doan:35.86,17:Fode Faure:48.96,18:Yumi Simon:52.34,19:Harper Ferrari:46.88,20:Clement Kuznetsov:41.42,21:Wei Moreau:49.70,22:Miguel Wagner:38.06,23:Brenda Ouattara:41.30,24:Mehdi Abebe:54.89,25:Austin Santos:47.77,26:Jian Ali:44.10,27:Elena Russo:51.25,28:Akira Petit:53.23,29:Emma Moussa:57.86,30:Clement Cherif:58.30,31:Zane Wilson:41.03,32:Silas Klein:36.24,33:Finn Vo:45.88
4711,Marseille,Grenoble,23/03/2026,0600,0933,1:Erica Tanaka:26.87,2:Harper Ouattara:27.35,3:Jason Traore:18.07,4:Clement Cherif:31.09,5:Valentine Clark:28.21,6:Pierre Rodriguez:30.08,7:Ines Rodrigues:30.38,8:Chen Pereira:25.51,9:Silas Clark:19.82,10:Celeste Bianchi:21.27,11:Sergei Rossi:17.78,12:Jason Khelifi:21.17,13:Paul Pereira:28.57,14:Alessio Moreau:22.84,15:Yara Rodrigues:28.12,16:Jian Garcia:19.02,17:Yasmine Zhang:30.18,18:Nour Wang:30.29,19:Imani Nkosi:20.49,20:Hassan Russo:25.80,21:Hazel Schmidt:22.29,22:Pierre Diop:30.65,23:Yasmine Boudjema:23.40,24:Elsa Kuznetsov:19.61,25:Corey Laurent:20.04,26:Malika Richard:26.23,27:Driss Cisse:20.40,28:Amandine Moore:22.19,29:Felix Yamamoto:21.12,30:Valentine Moreau:19.52,31:Yara Brown:28.12
1556,Caen,Saint-Etienne,11/11/2026,0845,1438,1:Aki Faure:38.60,2:Emma Nguyen:35.70,3:Felix Ferrari:42.90,4:Kenza Chen:35.35,5:Aicha Robert:37.72
6621,Rennes,Nantes,22/09/2026,1215,1523,1:Ryan Klein:18.34,2:Isabella Popov:18.43,3:Miguel Alves:17.63,4:Zoe Fahmi:16.10,5:Pierre Diallo:19.14,6:Kofi Wilson:12.79,7:Willow Simon:20.97,8:Farah Boudjema:13.54,9:Rayan Davis:17.91,10:Li Zhang:15.62,11:Minh Rizzo:13.04,12:Jian Zimmermann:16.66,13:Jules Martin:22.46,14:Elsa Rodriguez:19.04,15:Willow Michel:13.65,16:Taro Wilson:20.01,17:Leila Pham:17.89,18:Jules Miller:14.68
2464,Toulouse,Lille,09/07/2026,1515,0205,1:Corey Lefevre:40.45,2:Sophie Vo:43.33,3:Jeanne Haddad:39.42,4:Farah Pereira:48.64,5:Sekou Kim:38.58,6:Felix Ferrari:47.31,7:Tristan Chen:39.06,8:Javier Brown:56.12,9:Quentin Rossi:46.50,10:Mateo Kuznetsov:39.78,11:Samira Morozov:48.44,12:Tristan Sousa:37.82,13:Kofi Cruz:42.91,14:Felix Zimmermann:55.62,15:Clement Zimmermann:47.37,16:Yasmine Boudjema:42.41,17:Chloe Russo:48.29,18:Yara Oliveira:42.84,19:Baptiste Santos:51.16,20:Hazel Singh:46.15,21:Ryan Cherif:38.81,22:Kwame Brown:47.26,23:Valentine Rizzo:37.84,24:Zoe Greco:57.54,25:Ethan Weber:36.15,26:Rose Moussa:53.60,27:Pablo Ndiaye:35.53,28:Emma Sokolov:54.23,29:Katya Rodrigues:47.11,30:Ethan Klein:32.60,31:Willow Vo:37.97,32:Pierre Moussa:58.15,33:Aicha Garnier:34.09,34:Ricardo Alves:41.51
2414,Tours,Reims,16/11/2026,1945,0331,1:Oceane Greco:48.18,2:Farah Pereira:45.40,3:Elsa Park:33.37,4:Omar Moreau:33.88,5:Imani Bernard:52.07,6:Ethan Weber:41.48,7:Ricardo Wagner:52.92,8:Sofia Ramirez:38.95,9:Amine Durand:54.81,10:Skylar Almeida:40.64,11:Quentin Nkosi:49.62,12:Elsa Greco:45.22,13:Elena Liu:33.46,14:Dylan Roux:44.39
3969,Lyon,Nice,14/09/2026,2045,0348,1:Pierre Diallo:35.85,2:Romain Gallo:47.06,3:Arthur Cisse:34.36,4:Javier Kovacs:39.66,5:Mateo Oliveira:52.68,6:Adrien Vo:49.75,7:Samira Tran:41.29,8:Rayan Moreau:50.87,9:Samira Rossi:50.13,10:Amine Torres:39.06,11:Leila Rizzo:42.54,12:Pablo Garcia:33.32,13:Eloise Fahmi:56.52,14:Bilal Thomas:46.27,15:Amine Leroy:45.65,16:Aki Huang:57.27,17:Alice Park:46.71,18:Oceane Wang:42.93,19:Bilal Torres:57.75,20:Ethan Torres:36.88,21:Valentine Bianchi:45.03,22:Taro Wilson:52.51,23:Nicolas Khelifi:50.08,24:Emi Wang:44.91,25:Fode Conti:54.40,26:Harper Ramirez:47.51,27:Gabriel Cherif:54.35,28:David Fernandez:44.83,29:Lian Pereira:41.13,30:Li Dubois:34.23,31:Emma Brown:55.22
5661,Caen,Nice,01/04/2026,2130,0902,1:Jason Yamamoto:47.90,2:Dmitri Lee:44.44,3:Ricardo Rodriguez:43.01,4:Jules Kim:49.87,5:Liam Bernard:42.00,6:Bilal Mohamed:51.14,7:Manon Rizzo:53.64,8:Hazel Lefevre:44.88,9:Chloe Kovacs:41.83,10:Fode Diallo:44.29,11:Lucas Cherif:43.36,12:Mehdi Richard:44.83,13:Gabriel Cisse:42.22,14:Simon Brown:32.54,15:Paul Pham:35.22,16:Li Le:39.08,17:Lucia Traore:38.81,18:Mehdi Schmidt:54.85,19:Sana Smith:47.39,20:Chau Lee:33.26,21:Hazel Brown:37.04,22:Harper Miller:54.85,23:Dylan Popov:56.50,24:Amandine Ribeiro:34.29,25:Arthur Khan:43.32,26:Fiona Suzuki:50.74,27:Maria Torres:38.44,28:Paul Kowalski:33.77,29:Oceane Rodriguez:56.85
3038,Lyon,Bordeaux,04/07/2026,1700,0107,1:Thao Moreau:55.66,2:Dylan Roux:45.87,3:Sophie Cruz:54.54,4:Orion Russo:40.06,5:Nicolas Ferrari:55.49,6:Daiki Bianchi:44.69,7:Imani Alves:54.02,8:Harper Wagner:51.56,9:Isabella Durand:35.98,10:Bilal Mohamed:48.00,11:Paul Cruz:38.68,12:Liam Alves:50.08,13:Yumi Russo:58.45,14:Zoe Ali:35.50,15:Katya Almeida:56.19,16:Tristan Moreau:41.38,17:Mei Vidal:33.87,18:Jian Lopez:46.59,19:Paul Pereira:34.78
6135,Rouen,Reims,19/11/2026,1500,2320,1:Isabella Smith:48.67,2:Lian Lee:54.49,3:Alice Huang:40.04,4:Brenda Robert:46.88,5:Taro Doan:41.83,6:Bjorn Pereira:55.03,7:Jules Bruno:51.30,8:Emi Johnson:40.75,9:Taro Ziane:54.60,10:Miguel Schmidt:35.68,11:Awa Kuznetsov:42.76,12:Taro Wang:38.66,13:Jian Lopez:47.35,14:Quentin Ali:52.48,15:Quentin Schulz:51.93,16:Kofi Ndiaye:44.12,17:Samira Sokolov:40.34,18:Oceane Rodriguez:57.29,19:Mei Ziane:43.67,20:Juan Lefevre:52.42,21:Gabriel Brown:33.68,22:Miguel Dupont:56.71,23:Minh Benali:42.49,24:Jackson Sanchez:49.20,25:Zola Clark:43.09,26:Rayan Novak:42.17,27:Rose Martin:48.70,28:Zola Smith:33.08,29:Dmitri Hussein:34.13
6785,Montpellier,Reims,10/10/2026,2045,0339,1:Igor Morozov:52.26,2:Jules Park:53.29,3:Alice Tanaka:35.99,4:Igor Cisse:39.13,5:Samira Lefevre:52.24,6:Amine Dupont:49.67,7:Manon Moreau:48.57,8:Youssef Ziane:41.00,9:Bilal Le:40.28,10:Noah Vo:39.29,11:Ryan Liu:52.39,12:Jian Lopez:43.35,13:Noah Suzuki:50.55,14:Nala Simon:43.14,15:Katya Gallo:44.44,16:Wei Ribeiro:33.50,17:Taylor Durand:54.45,18:Eloise Miller:43.72,19:Tristan Wang:56.27,20:Hazel Brown:35.51,21:Kofi Suzuki:50.67,22:Natalia Morozov:52.34,23:Ethan Klein:33.87,24:Amandine Cisse:50.90,25:Pablo Martinez:32.48,26:Finn Wilson:49.10,27:Natalia Martinez:50.68,28:Wei Leroy:42.75,29:Zoe Leroy:37.35,30:Juan Lopez:34.06
4226,Reims,Perpignan,24/07/2026,1300,2214,1:Felix Cisse:46.07,2:Hazel Hussein:34.38,3:Sara Khan:,4:Youssef Wagner:39.86,5:Driss Cisse:50.31,6:Aicha Ndiaye:38.64,7:Bjorn Thomas:51.96,8:David Simon:38.96,9:Louis Sanchez:38.76,10::,11:Silas Hussein:36.49,12:Ryan Sanchez:35.33,13:Brenda Robert:39.90,14:Zane Durand:36.98,15:Mateo Schulz:32.56,16:Rose Yamamoto:37.49,17:Rose Martin:42.04,18:Nour Russo:53.91,19:Sora Durand:44.67,20:Erica Lopez:,21:Rayan Robert:35.11,22:Felix Ali:42.06,23:Jules Bernard:37.81,24:Daiki Singh:46.98,25:Jian Ramirez:37.36,26:Kenza Bernard:38.36,27:Chen Pereira:43.60,28:Awa Doan:38.68,29:Fiona Cruz:54.54,30:Hugo Nkosi:42.27,31:Valentine Sato:39.32,32:Chau Le:,33:Kenji Weber:54.57,34:Silas Martin:42.62,35:Felix Taylor:39.76
5098,Nice,Rouen,11/07/2026,1830,0626,1:Alessio Boudjema:43.76,2:Chau Fournier:38.03,3:Chloe Conti:50.62,4:Rose Nkosi:58.33,5:Rose Robert:54.22,6:Santiago Perez:39.34,7:Youssef Abebe:37.68,8:Chau Ali:33.37,9:Zola Le:52.86,10:Ines Le:49.28,11:Jeanne Schmidt:44.72,12:Ines Doan:49.19,13:Dylan Rizzo:41.59,14:Hugo Fahmi:57.60,15:Kenji Russo:47.06,16:Li Dubois:53.76,17:Elena Gomes:57.53,18:Isabella Dupont:42.50,19:Aki Muller:55.27,20:Margaux Schmidt:34.61,21:Adrien Laurent:46.48,22:Sekou Santos:38.18,23:Kenji Weber:43.91,24:Kenza Taylor:41.65,25:Yasmine Zhang:41.12,26:Lea Sato:57.16,27:Maria Petrov:44.72,28:Elsa Rodriguez:34.58,29:Madison Santos:38.60,30:Lucia Kuznetsov:36.11,31:Leila Taylor:41.88,32:Austin Gomes:51.44,33:Elena Oliveira:43.08,34:Pablo Mohamed:44.05,35:Willow Popov:40.18,36:Chau Zimmermann:41.13,37:Igor Cherif:38.41,38:Driss Bernard:32.88,39:Felix Ivanov:43.10
3228,Dijon,Rouen,08/05/2026,0730,1433,1:Liam Santos:37.85,2::,3:Chloe Traore:50.38,4:Ryan Morozov:53.43,5:Mateo Kuznetsov:53.41,6:Ryo Simon:51.38,7:Kimberly Huang:38.46,8:Finn Kovacs:52.94,9:Farah Boudjema:32.26,10:Elsa Bianchi:43.99,11:Zachary Traore:34.78,12:Yara Clark:51.30,13:Jules Bernard:51.56,14:Nour Cruz:48.21,15:Karim Ouattara:35.39,16:Imani Petrov:39.26,17:Alessio Schmidt:50.52,18:Pierre Rodriguez:34.27,19:Chau Almeida:39.22,20:Baptiste Johnson:37.00,21:Tristan Tran:53.24,22:Simon Wilson:37.07,23:Emi Park:46.27,24:Fiona Petit:33.12,25:Ethan Cisse:53.44,26:Chloe Ferrari:36.84,27:Tristan Chen:35.11,28:Skylar Almeida:35.66,29:Taylor Moore:47.34,30:Quentin Fernandez:54.29,31:Sonia Dupont:36.29,32::,33:Chloe Durand:52.40,34:Lucia Vo:34.68,35:Emma Conti:52.93,36:Liam Khelifi:51.80,37:Skylar Gallo:49.41,38:Ryan Vidal:42.51,39:Dmitri Bruno:,40:Kenza Garnier:44.97,41:Manon Lefevre:43.46,42:Karim Sanchez:38.46,43:Baptiste Alves:52.28,44:Chau Le:47.40,45:Lucas Klein:34.15,46::,47:Hazel Laurent:45.63,48:Ines Sokolov:51.99
1794,Lille,Metz,15/11/2026,1615,0124,1:Imani Ahmed:48.88,2:Alessio Ziane:40.23,3:Lian Cruz:42.21,4:Adrien Garnier:38.77,5:Natalia Klein:52.65,6:Emi Schulz:35.82,7:Pablo Liu:58.07,8:Celeste Lee:54.25,9:Sara Greco:42.95,10:Yara Miller:33.04,11:Sonia Michel:55.28,12:Kwame Weber:44.43,13:Tristan Sousa:36.08,14:Corey Lefevre:45.12,15:Jason Wang:50.52,16:Minh Rossi:40.66,17:Jason Fournier:55.81,18:Javier Bianchi:55.55,19:Rayan Garcia:50.14,20:Celeste Chung:44.31,21:Malika Kowalski:41.87,22:Zachary Chung:58.13,23:Natalia Durand:49.15,24:Jules Martin:32.57,25:Isabella Benali:50.70,26:Harper Wagner:43.65,27:David Ferrari:40.67,28:Farah Boudjema:50.84
4932,Angers,Marseille,18/07/2026,1045,1940,1:Dmitri Bruno:52.94,2:Juan Fernandez:40.67,3:Baptiste Benali:49.09,4:Taylor Gomes:45.20,5:Gabriel Miller:36.10,6:Ryo Hussein:47.28,7:Malika Martin:46.40,8:Aki Muller:33.12,9:Awa Kuznetsov:51.57,10:Oceane Gomez:39.05,11:Fiona Suzuki:37.50,12:Kenji Weber:53.88,13:Wei Schmidt:45.50,14:Chloe Lefevre:53.94,15:Jules Bernard:47.03,16:Imani Moussa:36.96,17:Kai Liu:53.13,18:Youssef Lopez:33.57,19:Brenda Le:38.41,20:Sofia Ribeiro:33.53,21:Dylan Roux:44.24,22:Lea Tran:53.70,23:Ethan Durand:58.38,24:Yumi Nkosi:53.37,25:Ryo Klein:49.06,26:Chloe Wong:46.30,27:Chloe Russo:56.22,28:Bjorn Moore:47.40,29:Samira Lefevre:48.00,30:Jules Tanaka:58.02,31:Liam Pham:54.94,32:Chau Lee:35.68,33:Bilal Ali:47.39,34:Minh Novak:49.88,35:Amine Novak:36.24,36:Rose Ramirez:54.53,37:Hassan Bruno:38.04,38:Sofia Kovacs:34.01,39:Jeanne Ahmed:55.73,40:Ryo Esposito:34.18,41:Ines Schulz:42.23,42:Jason Cruz:57.51,43:Akira Martin:50.05,44:Quentin Roux:49.76,45:Brenda Mohamed:49.50,46:Chau Ali:41.03,47:Alessio Schmidt:58.30,48:Zoe Huang:39.78,49:Natalia Durand:35.95,50:Amandine Ziane:55.82,51:Madison Thomas:58.34
1673,Brest,Angers,29/11/2026,1045,1543,1:Noah Suzuki:36.38,2:Quentin Rossi:26.84,3:Aki Ivanov:32.42,4:Brenda Bianchi:41.12,5:Taylor Moore:34.76,6:Akira Zimmermann:33.92,7:Sophie Schulz:34.98,8:Miguel Greco:40.98,9:Dylan Roux:25.83,10:Sofia Diop:37.26,11:Kenza Chen:39.65,12:Zane Durand:34.64,13:Valentine Rodrigues:26.96,14:Sara Cruz:35.35,15:Louis Moussa:27.84,16:Omar Ouattara:38.70,17:Corey Michel:33.53,18:Sekou Bernard:37.79,19:Elena Ziane:33.27,20:Rayan Greco:36.19,21:Zane Wilson:36.92,22:Omar Singh:38.31,23:Daiki Moussa:35.58,24:Aki Novak:35.29,25:Jason Ndiaye:31.74,26:Thao Moreau:36.00,27:Miguel Pereira:32.42,28:Zachary Traore:27.13,29:Mei Dubois:24.46,30:Ulysse Torres:31.19,31:Elsa Perez:32.52,32:Katya Tran:29.20,33:Rayan Rodriguez:36.31,34:Eloise Miller:40.49
9758,Grenoble,Tours,13/04/2026,1815,0102,1:Ines Rodrigues:37.66,2:Driss Cruz:49.06,3:Sofia Chen:49.64,4:Mateo Laurent:33.33,5:Finn Vo:33.61,6:Hazel Brown:33.88,7:Fiona Greco:39.19,8:Sekou Moreau:33.33,9:Chloe Durand:38.76,10:Javier Kovacs:44.09,11:Zoe Ali:48.25,12:Oceane Lee:33.70,13:Dmitri Silva:32.35,14:Leila Greco:49.38,15:Kenji Simon:29.29,16:Aisha Khan:48.96,17:Celeste Bianchi:31.01,18:Jason Klein:33.24,19:Wei Rizzo:34.74,20:Simon Chen:51.00,21:Chloe Garcia:49.76,22:Carmen Petrov:40.04,23:Kenza Fahmi:50.11,24:Victor Nkosi:38.12,25:Lian Sokolov:44.25
7220,Paris,Caen,04/11/2026,2145,0038,1:Dylan Perez:16.62,2:Madison Tran:15.40,3:Zachary Popov:14.11,4:Sofia Esposito:18.35,5:Ryan Rossi:20.68,6:Sonia Greco:19.00,7:Akira Fournier:17.60,8:Aki Bianchi:20.58,9:Samira Tran:18.19,10:Pierre Moussa:16.68,11:Sekou Ahmed:14.56,12:Sergei Ribeiro:22.58,13:Leila Khan:13.92,14:Thao Khan:20.79,15:Samira Sokolov:18.88,16:Rose Mohamed:22.24,17:Ethan Cisse:21.46,18:Elena Zhang:18.80,19:Pablo Wang:21.31,20:Kimberly Mohamed:22.91,21:Leila Doan:20.15,22:Ethan Dupont:16.39,23:Ryan Conti:14.73,24:Samira Bruno:17.50,25:Hazel Laurent:23.01,26:Sana Ali:22.09,27:Minh Tran:23.17,28:Igor Alves:15.13,29:Nour Popov:23.26,30:Aisha Park:15.59,31:Kenza Perez:21.05,32:Sara Greco:16.75,33:Jeanne Fahmi:23.61,34:Arthur Khan:21.46,35:Noah Schulz:17.24,36:Elena Ali:14.23,37:Ryo Simon:22.40
9759,Paris,Metz,10/10/2026,1015,1909,1:Nicolas Ahmed:39.43,2:Imani Rodriguez:43.82,3:Finn Davis:34.84,4:Alice Hussein:51.76,5:Fode Faure:49.75,6:Sora Wagner:36.45,7:Zoe Greco:52.42,8:Li Benali:38.39,9:Ryo Sanchez:54.51,10:Felix Yamamoto:41.21,11:Emi Robert:35.79,12:Arthur Durand:38.71,13:Ryan Rossi:53.87,14:Orion Bernard:39.71,15:Lian Kim:35.07,16:Lea Roux:36.54,17:Erica Tanaka:34.17,18:Zoe Novak:52.73,19:Skylar Popov:44.12,20:Hana Garnier:33.38,21:Hugo Leroy:53.25,22:Sonia Boudjema:43.96,23:Sekou Hussein:36.45,24:Kenji Russo:48.04,25:Hugo Nkosi:45.74,26:Kwame Wong:47.14,27:Jules Kim:36.41,28:Hassan Klein:47.31,29:Baptiste Rizzo:49.34,30:Youssef Almeida:57.11,31:Camille Chen:33.74,32:Dmitri Vidal:45.74,33:Sergei Dubois:43.96,34:Yara Clark:44.98,35:Manon Dupont:54.13,36:Louis Ndiaye:47.46,37:Silas Almeida:36.84,38:Tristan Chen:51.86,39:Hugo Ribeiro:41.65
1028,Nantes,Angers,19/02/2026,1630,1927,1:Hazel Ribeiro:16.46,2:Leila Greco:18.48,3:Kofi Petit:20.51,4:Silas Torres:26.21,5:Madison Santos:25.83,6:Farah Wilson:15.42,7:Dmitri Klein:20.48,8:Louis Huang:21.46,9:Rayan Robert:21.26,10:Ryo Sanchez:24.55,11:Willow Simon:16.08,12:Awa Sato:19.61,13:Pablo Mohamed:20.25,14:Farah Rizzo:26.62,15:Felix Nguyen:16.69,16:Austin Doan:26.75,17:Silas Moussa:17.49,18:Quentin Ali:24.73,19:Igor Popov:18.74,20:Chau Simon:22.74,21:Pierre Morozov:23.15,22:Alice Johnson:20.36,23:Jeanne Smith:24.88,24:Romain Wong:24.94,25:Sofia Kovacs:16.14,26:Sora Klein:23.84,27:Dylan Ouattara:24.00,28:Felix Wagner:21.31,29:Zane Michel:24.67
2445,Clermont-Ferrand,Strasbourg,29/09/2026,2245,0554,1:Taro Ziane:,2:Brenda Robert:37.10,3:Mateo Fernandez:47.54,4:Olivia Lefevre:42.50,5:Amine Novak:53.37,6:Valentine Sato:,7::,8:Elena Sousa:47.58,9:Ricardo Rodriguez:53.11,10:Mehdi Schmidt:39.48,11:Thao Michel:30.41,12:Yara Laurent:46.15,13:Javier Leroy:38.09,14:Kenji Cherif:35.49,15:Madison Sylla:40.40,16:Elsa Rodriguez:50.23,17:Valentine Rodrigues:30.85,18:Elena Russo:33.60,19:Kenza Ferrari:49.62,20:Jian Garcia:31.97,21:Lian Pereira:35.36,22:Dmitri Silva:50.72,23::,24:Chen Pereira:44.94,25:Hassan Diallo:45.51,26:Sofia Davis:43.75,27:Mei Ahmed:52.40,28:Imani Petrov:40.98,29:Gabriel Yamamoto:52.15,30:Farah Almeida:45.69,31:Leila Ndiaye:30.35,32:Liam Rodriguez:38.42,33:Aisha Bruno:45.82,34:Elsa Ali:44.09,35:Imani Rizzo:46.06,36:Akira Rossi:40.76,37:Kenza Chen:,38:Mehdi Richard:36.08,39:Willow Michel:40.14,40:Ethan Torres:53.39,41:Madison Thomas:33.25,42::,43:Elena Gomes:33.54,44::,45:Rayan Moreau:52.57,46:Omar Esposito:38.82,47:Nala Le:44.02,48:Jules Torres:34.15,49:Li Dubois:53.60,50:Akira Abebe:49.47,51:Imani Bernard:42.50
1945,Dijon,Saint-Etienne,02/04/2026,1415,1628,1:Nala Simon:13.99,2::,3:Willow Ramirez:13.47,4:Theo Santos:19.68,5:Eloise Suzuki:14.99,6:Nour Fernandez:17.13,7:Celeste Ramirez:18.07,8:Kai Rossi:15.38,9:Driss Nguyen:21.88,10:Brenda Ouattara:20.73,11:Li Wilson:15.53,12:Hazel Morozov:16.95,13:Clement Fournier:13.79,14:Jackson Ferrari:14.06,15:Rayan Johnson:17.56,16:Felix Zimmermann:14.41,17:Ricardo Cruz:15.66,18:Rose Sato:,19:Zachary Popov:17.28,20::,21:Dylan Rizzo:17.34,22:Celeste Park:,23:Tristan Diop:16.53,24:Yumi Sanchez:16.80,25:Yasmine Pereira:15.27,26:Jeanne Petit:21.98,27::,28:Amine Leroy:18.36,29:Kai Liu:20.79,30:Rose Haddad:21.86,31:Sophie Clark:20.08,32:Quentin Wilson:20.41,33:Yasmine Alves:,34:Rose Miller:18.49
8504,Nice,Tours,26/04/2026,1415,0109,1:Ryo Doan:36.60,2:Victor Mohamed:47.65,3:Samira Bruno:39.45,4:Lucas Khelifi:41.37,5:Juan Ziane:34.42,6:Imani Alves:54.40,7:Jules Cruz:46.29,8:Quentin Greco:50.31,9:Aisha Traore:51.66,10:Jian Robert:43.39,11:Felix Khan:51.50,12:Malika Le:51.16,13:Kenji Russo:50.83,14:Yara Moore:34.23,15:David Le:38.70,16:Sophie Clark:46.84,17:Bjorn Pereira:40.12,18:Wei Lee:45.56,19:Jeanne Russo:49.16,20:Yasmine Kuznetsov:43.33,21:Mateo Abebe:38.34,22:Dmitri Ferrari:57.32,23:Wei Schmidt:58.20,24:Gabriel Lee:52.65,25:Felix Yamamoto:37.13,26:Rayan Greco:55.82
1132,Strasbourg,Bordeaux,18/05/2026,0700,2106,1::,2:Sophie Nguyen:,3:Yumi Liu:32.90,4:Rayan Perez:44.34,5:Sonia Tran:51.90,6:Aki Vo:56.63,7:Jules Santos:55.90,8:Li Gomes:44.96,9:Ines Le:54.81,10:Leila Doan:45.91,11:Leila Hussein:57.81
5887,Angers,Rennes,18/05/2026,2045,2355,1:Chau Lee:18.02,2:Taylor Durand:18.72,3:Oceane Lee:17.10,4:Noah Gallo:25.61,5:Alice Martin:27.66,6:Zane Suzuki:15.76,7:Pablo Garcia:26.05,8:Ryan Morozov:21.53,9:Ulysse Torres:23.67,10:Isabella Smith:17.05,11:Yumi Russo:17.37,12:Kenza Weber:17.31,13:Mehdi Richard:24.81,14:Simon Yamamoto:17.22,15:Silas Simon:16.03,16:Youssef Schmidt:19.73,17:Lea Brown:18.16,18:Quentin Wilson:25.03,19:Alice Garnier:18.16,20:Nicolas Greco:18.70,21:Daiki Kim:23.24,22:Jian Garcia:26.82,23:Ulysse Laurent:19.56,24:Harper Ndiaye:17.02,25:Theo Silva:18.30,26:Willow Traore:25.77,27:Akira Fournier:24.19,28:Baptiste Benali:26.15,29:Rayan Johnson:17.47,30:Theo Le:15.56,31:Fode Yamamoto:20.77,32:Jian Ali:24.31
5571,Nantes,Montpellier,10/08/2026,0745,1643,1:Youssef Bianchi:34.63,2:Leila Zhang:47.65,3:Mateo Oliveira:42.27,4:Lea Wilson:50.90,5:Baptiste Wong:40.32,6:Madison Zhang:51.73,7:Yumi Nkosi:39.20,8:Nala Dupont:53.89,9:Ethan Smith:43.47,10:Felix Lefevre:45.58,11:Igor Cherif:43.98,12:Lucas Suzuki:34.56,13:Miguel Yamamoto:43.79,14:Alessio Boudjema:40.25,15:Natalia Wong:49.50,16:Felix Ferrari:55.38,17:Zane Michel:44.24,18:Daiki Dupont:45.64,19:Sergei Bernard:46.99,20:Harper Fahmi:55.21,21:Rose Thomas:52.29,22:Daiki Sousa:49.51,23:Finn Russo:56.97,24:Yasmine Kuznetsov:46.33,25:Nicolas Clark:57.78,26:Lea Suzuki:54.16,27:Baptiste Richard:54.99,28:Baptiste Pham:52.45,29:Miguel Greco:42.62,30:Sonia Kim:56.16,31:Clement Moore:34.40,32:Camille Morozov:42.72,33:Mei Nkosi:56.19,34:Romain Gallo:44.76
1484,Strasbourg,Nice,28/06/2026,1945,0031,1:Oceane Greco:31.71,2:Zoe Vidal:34.40,3:Ulysse Vidal:27.00,4:Juan Lopez:33.00,5:Aicha Wang:27.70,6:Ryan Cherif:24.45,7:Maria Roux:27.10,8:Hazel Petrov:34.68,9:Chau Ivanov:22.65,10:Driss Ziane:21.54,11:Nicolas Doan:30.01,12:Li Zhang:28.28,13:Zachary Wilson:22.99,14:Aki Vo:33.56,15:Noah Hussein:30.74,16:Valentine Ferrari:30.10,17:Yumi Nkosi:29.29,18:Taylor Moore:22.12,19:Kenji Mohamed:22.45,20:Brenda Dubois:33.67,21:Rayan Rodrigues:21.47,22:Harper Dupont:20.92,23:Aicha Muller:31.19,24:Sofia Thomas:23.31,25:Leila Roux:23.14,26:Willow Kim:29.12,27:Ulysse Garnier:35.98,28:Adrien Garnier:34.11,29:Willow Abebe:22.90,30:Isabella Park:32.82
5750,Perpignan,Strasbourg,24/12/2026,1815,0412,1:Isabella Dupont:55.62,2:Paul Muller:55.77,3:Chloe Ferrari:57.12,4:Clement Ivanov:40.16,5:Louis Zimmermann:49.61,6:Louis Ouattara:35.34,7:Baptiste Pham:54.36,8:Austin Cisse:51.89,9:Amine Rossi:39.60,10:Felix Khan:49.36,11:Sophie Vidal:39.07,12:Amine Gomez:39.66,13:Kenji Leroy:52.50,14:Fiona Miller:57.19,15:Zoe Popov:43.96,16:Felix Muller:57.91,17:Samira Tran:47.75,18:Dylan Rizzo:39.53,19:Ricardo Wagner:33.49,20:Valentine Smith:45.23,21:Farah Rizzo:55.65,22:Valentine Huang:54.31,23:Baptiste Roux:40.27,24:Bjorn Lefevre:56.12,25:Felix Taylor:41.38,26:Skylar Gallo:53.72
7628,Saint-Etienne,Grenoble,03/04/2026,1815,2105,1:Santiago Huang:15.52,2:Pierre Ziane:22.61,3:Arthur Ivanov:23.48,4:Leila Hussein:24.66,5:Lucia Traore:19.21,6:Kwame Cherif:16.76,7:Zoe Perez:26.70,8:Austin Moore:19.08,9:Louis Sanchez:26.26,10:Katya Bruno:26.57,11:Oceane Greco:18.34,12:Zoe Leroy:19.34,13:Silas Davis:26.30,14:Liam Yamamoto:19.95,15:Igor Ali:26.92,16:Baptiste Ribeiro:18.86,17:Clement Wilson:17.94,18:Zola Cherif:16.13,19:David Faure:17.93,20:Rose Mohamed:23.62,21:Baptiste Benali:16.28,22:Miguel Sylla:16.56,23:Yara Hussein:16.97
8363,Marseille,Strasbourg,02/02/2026,1330,1942,1:Wei Schulz:46.85,2:Jason Ramirez:45.56,3:Pablo Diop:42.12,4:Pablo Ndiaye:38.39,5:Zoe Novak:50.11,6:Ethan Zhang:37.19,7:Hugo Russo:44.82,8:Sergei Traore:39.70,9:Taylor Moore:32.31,10:Ryan Ziane:,11:Alice Leroy:42.02,12:Sekou Ziane:29.70,13:Yumi Chen:49.31,14:Manon Clark:36.09,15:Hugo Novak:48.43,16:Ryan Ouattara:47.48,17:Bjorn Lefevre:37.09
1290,Metz,La Rochelle,14/05/2026,1145,2140,1:Aicha Ndiaye:33.60,2:Aisha Gallo:50.29,3:Li Gomez:41.82,4:Jeanne Wagner:37.95,5:David Fernandez:43.37,6:Mei Vidal:39.57,7:Ryan Ouattara:55.65,8:Fode Doan:42.29,9:Madison Torres:56.23,10:Skylar Ribeiro:38.99,11:Dmitri Lee:51.41,12:Ulysse Lopez:34.46,13:Bjorn Moore:49.58,14:Taylor Zhang:39.57,15:Mateo Brown:33.71,16:Awa Sokolov:50.65,17:Chen Muller:48.40,18:Amandine Moore:41.13,19:David Cherif:35.96,20:Baptiste Bianchi:57.00,21:Lea Sokolov:39.44,22:Karim Novak:50.68,23:Theo Schmidt:57.85,24:Lian Lee:38.78,25:Taylor Moore:40.37,26:Silas Martin:55.22,27:Jeanne Ahmed:52.34,28:Skylar Laurent:44.17,29:Taylor Klein:45.06,30:Adrien Kuznetsov:50.76,31:Youssef Popov:45.73
9697,Le Mans,Toulouse,27/10/2026,1030,1633,1:Sofia Lee:45.70,2:Silas Novak:46.23,3:Juan Sokolov:31.62,4:Rose Mohamed:40.51,5:Paul Diop:38.96,6:Sara Petit:31.57,7:Maria Petrov:44.50,8:Daiki Clark:29.13,9:Oceane Vo:42.86,10:Chloe Ferrari:41.82,11:Aicha Garnier:44.87,12:Hana Bianchi:32.02,13:Hana Pereira:47.66,14:Pierre Garnier:39.73,15:Lea Roux:29.61,16:Dmitri Vidal:37.05,17:Youssef Bianchi:47.82,18:Malika Suzuki:42.10,19:Quentin Gomez:35.09,20:Louis Haddad:31.59,21:Skylar Chung:41.67
9735,Marseille,Lille,04/03/2026,0615,1543,1:Orion Laurent:47.46,2:Sonia Kim:35.13,3:Fiona Cruz:46.34,4:Jackson Popov:43.19,5:Youssef Ramirez:38.27,6:Alice Leroy:53.87,7:Kenza Taylor:54.40,8:Adrien Martin:33.72,9:Akira Martin:40.40,10:Imani Williams:49.35,11:Willow Vo:41.30,12:Camille Ramirez:45.46,13:Baptiste Ribeiro:38.11,14:Omar Moreau:40.78,15:Santiago Perez:55.05,16:Daiki Moussa:46.76,17:Chau Khan:51.95,18:Sofia Suzuki:52.38,19:Ryan Liu:38.47,20:Gabriel Rodrigues:49.59,21:Kenza Fahmi:52.28,22:Mehdi Zhang:57.63,23:Lucia Rizzo:35.13,24:Taro Wilson:57.86,25:Kai Ahmed:47.19,26:Sergei Dubois:35.49,27:Katya Wong:46.21,28:Amandine Faure:44.90
3949,Rouen,Lyon,21/10/2026,0900,1529,1:Imani Alves:30.97,2:Alessio Moreau:43.27,3:Alice Johnson:29.73,4:Sekou Santos:49.67,5:Eloise Suzuki:46.47,6:Hugo Thomas:47.00,7:Li Wilson:41.09,8:Kai Ahmed:35.50,9:Natalia Morozov:48.71,10:Alessio Ali:43.71,11:Mehdi Richard:35.30,12:Romain Gallo:29.66,13:Felix Zimmermann:30.16,14:Ethan Torres:31.46,15:Nour Morozov:48.14,16:Mei Liu:41.09,17:Alice Hussein:37.69,18:Hazel Hussein:30.11
1980,Clermont-Ferrand,Montpellier,19/06/2026,1800,2217,1:Youssef Doan:29.94,2:Alice Vidal:30.89,3:Mateo Schulz:34.45,4:Noah Conti:36.79,5:Zane Cherif:31.07,6:Minh Smith:30.30,7:Bilal Sokolov:29.86,8:Zachary Popov:31.07,9:Youssef Ziane:26.73,10:Pierre Almeida:33.34,11:Nour Popov:26.35,12:Austin Liu:30.08,13:Willow Cruz:22.92,14:Sophie Ouattara:24.19,15:Nala Esposito:28.84,16:Sophie Cherif:27.30,17:Ryan Sokolov:29.70,18:Imani Moussa:34.55
6936,La Rochelle,Angers,01/12/2026,0930,1157,1:Aicha Vidal:17.02,2:Jian Michel:17.85,3:Rayan Dubois:14.42,4:Lea Suzuki:17.48,5:Isabella Novak:19.91,6:Romain Gallo:17.89
4082,Bordeaux,Dijon,08/05/2026,0730,1700,1:Sara Greco:41.02,2:Zachary Chung:35.39,3:Amandine Wilson:50.26,4:Chau Simon:44.88,5:Noah Gallo:45.28,6:Omar Moreau:58.43,7:Chen Ziane:37.33,8:Austin Gomes:48.02,9:Emi Nkosi:53.27,10:Ulysse Sokolov:55.85,11:Yasmine Kuznetsov:44.33,12:Wei Ribeiro:53.17,13:Austin Cisse:32.76,14:Jeanne Doan:39.80,15:Pierre Diop:33.12,16:Hassan Kowalski:32.80,17:Li Schmidt:53.53,18:Elsa Suzuki:55.63,19:Farah Almeida:55.92,20:Li Abebe:49.29,21:Jules Liu:51.65,22:Aicha Ziane:53.54,23:Manon Wong:39.80,24:Omar Lee:42.43,25:Liam Yamamoto:40.16,26:Katya Schulz:37.03,27:Katya Singh:36.21,28:Pierre Cruz:49.77,29:Silas Sokolov:41.18
8864,Dijon,Marseille,19/06/2026,1245,1804,1:Yara Doan:33.90,2:Nicolas Esposito:25.55,3:Oceane Gomez:24.28,4:Kenji Weber:40.55,5:Alice Tanaka:40.56,6:Gabriel Miller:33.49,7:Skylar Rossi:37.68,8:Fode Wang:23.38,9:Lucas Simon:38.19,10:Austin Garcia:36.95,11:Dylan Petrov:35.24,12:Igor Doan:33.30,13:Theo Le:33.53,14:Karim Novak:36.23,15:Alice Park:37.25,16:Elena Ziane:28.20,17:Elsa Singh:40.62,18:Taro Wilson:25.31,19:Emma Almeida:25.90,20:Alice Doan:38.89,21:Alice Alves:38.28,22:Baptiste Rizzo:38.53,23:Emma Cherif:27.66,24:Ryan Sato:38.38,25:Mei Ali:24.72,26:Samira Ramirez:24.63,27:Kenza Schulz:28.58,28:Jian Michel:40.11,29:Katya Khelifi:26.76,30:Wei Moreau:33.92,31:Aisha Gallo:25.61,32:Zachary Chung:32.21,33:Pablo Richard:24.31,34:Rose Smith:26.31
6476,Grenoble,Paris,28/10/2026,1145,1842,1:Sofia Davis:51.68,2:Natalia Moore:39.08,3:Katya Yamamoto:40.79,4:Paul Durand:32.81,5:Madison Zhang:37.98,6:Paul Sanchez:52.18,7:Sergei Ribeiro:53.74,8:Yumi Simon:39.59,9:Kenza Pereira:40.97,10:Finn Cisse:34.05,11:Zane Johnson:36.60,12:Driss Perez:58.06
9487,Rouen,Toulouse,18/02/2026,1545,0157,1:Jeanne Haddad:48.71,2:Mateo Kuznetsov:54.74,3:Akira Zimmermann:34.71,4:Miguel Clark:52.08,5:Chloe Lefevre:35.63,6:Baptiste Kuznetsov:40.50,7:Ulysse Laurent:37.79,8:Ulysse Nguyen:47.03,9:Sara Dubois:36.79,10:Natalia Durand:35.91,11:Elsa Greco:49.43,12:Ulysse Torres:46.99,13:Pierre Diallo:47.54,14:Ryo Chen:42.30,15:Lucas Almeida:41.41,16:Simon Le:51.33,17:Juan Fernandez:49.20,18:Igor Alves:42.31,19:Kenza Davis:36.43,20:Mehdi Ali:53.01,21:Taylor Durand:42.05,22:Isabella Park:55.85,23:Baptiste Santos:42.05,24:Aisha Gallo:37.48,25:Miguel Novak:39.59,26:Fode Khelifi:47.65,27:Driss Dupont:34.25,28:Yumi Liu:51.60,29:Simon Garnier:58.05
2286,Nice,Tours,11/04/2026,0930,2015,1:Ricardo Rodriguez:35.90,2:Hazel Schmidt:45.43,3:Skylar Davis:33.07,4:Alessio Silva:33.15,5:Silas Sylla:54.16,6:Ryo Sanchez:53.63,7:Lucas Singh:35.28,8:Chau Ouattara:47.78,9:Awa Klein:45.18,10:Katya Rodrigues:36.00,11:Minh Rizzo:47.12,12:Juan Greco:40.07
7488,Limoges,Toulouse,23/05/2026,1645,2232,1:Alessio Oliveira:43.60,2:Ryo Bruno:36.96,3:Erica Cruz:33.86,4:Alessio Silva:40.05,5:Samira Morozov:34.05,6:Willow Tanaka:37.71,7:Maria Traore:29.02,8:Ryan Cherif:41.67,9:Sofia Sousa:39.10,10:Zola Garcia:,11:Harper Ramirez:33.35,12:Manon Novak:44.25,13:Rose Perez:,14:Isabella Sanchez:27.86
6147,Strasbourg,Angers,10/07/2026,1545,0333,1:Ryan Moreau:33.91,2:Elena Diop:56.73,3:Manon Moreau:56.29,4:Theo Ferrari:38.78,5:Baptiste Ribeiro:38.80,6:Amandine Perez:47.50,7:Aki Torres:57.05,8:Samira Huang:43.54,9:Ryan Klein:49.93,10:Nala Mohamed:47.80,11:Isabella Benali:50.18,12:Rayan Perez:53.69,13:Felix Yamamoto:41.08,14:Manon Bianchi:48.79,15:Silas Martin:39.29,16:Hazel Morozov:40.88,17:Samira Tran:40.54,18:Adrien Vasiliev:43.87,19:Oceane Gomez:56.83,20:Imani Perez:52.82,21:Valentine Khelifi:55.34,22:Nicolas Kowalski:56.89,23:Daiki Dupont:51.80,24:Samira Wagner:43.52,25:Ines Laurent:56.20,26:Aicha Vidal:46.16,27:Valentine Singh:42.91,28:Lucia Simon:43.11,29:Zane Klein:49.43
9191,Nantes,Paris,20/05/2026,1245,,1:Baptiste Suzuki:40.24,2:Hana Miller:35.78,3:Chloe Ferrari:29.59,4:Nicolas Clark:37.57,5:Sophie Vo:50.21,6:Mei Garnier:33.99,7:Ines Haddad:36.15,8:Sophie Cruz:34.15,9:Pierre Garnier:35.51,10:Valentine Bianchi:45.27,11:Bilal Clark:44.84,12:Isabella Clark:36.04
7360,Toulouse,Angers,24/02/2026,0745,1440,1:Alessio Almeida:56.05,2:Jason Ferrari:54.82,3:Romain Michel:47.42,4:Quentin Leroy:39.12,5:Driss Dupont:33.71,6:Willow Simon:34.22,7:Margaux Fournier:52.69,8:Bilal Gallo:53.11,9:Juan Tran:52.21,10:Zane Almeida:54.70,11:Carmen Faure:51.61,12:Lian Cruz:40.52,13:Malika Kowalski:46.63,14:Miguel Dupont:58.26,15:Jules Miller:36.30,16:Sana Vo:56.27,17:Camille Moreau:33.87,18:Farah Diallo:41.68,19:Hassan Rizzo:39.86,20:Silas Ziane:33.38,21:Taylor Moreau:53.89,22:Jules Fernandez:43.39,23:Orion Laurent:33.26,24:Mehdi Ali:56.17,25:Zachary Zimmermann:58.31,26:Sonia Kovacs:54.17,27:Lucia Esposito:43.66,28:Zoe Vidal:57.14,29:Chen Ziane:34.84,30:Kwame Brown:45.79,31:Madison Diop:54.64,32:Zachary Popov:40.19,33:Manon Silva:35.32,34:Kenza Wang:44.71
1277,Montpellier,Rouen,10/02/2026,0830,1710,1:Katya Bianchi:46.00,2:Bilal Thomas:42.46,3:Ryan Fournier:37.08,4:Ines Rodrigues:36.00,5:Isabella Dupont:54.63,6:Maria Sylla:40.87,7:Sophie Chung:44.04,8:Kenza Kim:40.65,9:Skylar Nguyen:40.39,10:Miguel Pereira:53.91,11:Sora Durand:47.45,12:Liam Bernard:42.17,13:Bjorn Esposito:44.86,14:David Fernandez:53.78,15:Valentine Khelifi:52.22,16:Valentine Rodrigues:34.47,17:Felix Khan:45.74,18:Camille Pereira:36.23,19:Orion Pereira:55.44,20:Ryo Williams:37.94,21:Chen Muller:54.79,22:Javier Zimmermann:58.23,23:Isabella Lopez:47.82
8080,Metz,Dijon,23/02/2026,1415,1801,1:Ines Hussein:24.00,2:Daiki Gomez:24.18,3:Sergei Dubois:21.89,4:Igor Almeida:20.46,5:Natalia Faure:16.07,6:Nicolas Khelifi:24.16,7:Clement Kuznetsov:18.45,8:Corey Gallo:23.64,9:Natalia Nkosi:26.12,10:Celeste Fournier:15.88,11:Skylar Ribeiro:24.58,12:Liam Vasiliev:23.65,13:Maria Petrov:20.43,14:Arthur Durand:21.21,15:Olivia Pereira:26.38,16:Hana Williams:22.97,17:Bjorn Greco:15.38,18:Gabriel Bernard:25.95,19:Alessio Alves:18.28,20:Amine Rizzo:16.18,21:Fiona Doan:25.41,22:Zola Diop:20.97,23:Bjorn Schmidt:17.97,24:Mateo Abebe:19.28,25:Elena Laurent:24.38,26:Alice Dupont:18.75,27:Lucas Clark:19.12
2329,Paris,Caen,29/04/2026,1230,1516,1:Baptiste Rodriguez:18.24,2:Driss Almeida:20.95,3:Hugo Diallo:15.86,4:Zane Almeida:16.26,5:Ulysse Clark:20.42,6:Samira Russo:20.01,7:Alessio Haddad:16.48,8:Kenza Fahmi:18.45,9:Ricardo Alves:15.93,10:Felix Garnier:13.67,11:Jeanne Kuznetsov:16.36,12:Nour Morozov:19.78,13:Adrien Conti:21.04,14:Zola Greco:16.07,15:Imani Zhang:20.20,16:Li Oliveira:22.42,17:Alessio Wong:18.02,18:Noah Khan:13.88,19:Zachary Popov:17.51,20:Zachary Laurent:18.30,21:Louis Haddad:17.26,22:Margaux Durand:20.74,23:Alessio Almeida:18.57,24:Gabriel Miller:13.23,25:Chloe Singh:20.53,26:Finn Davis:14.54,27:Pierre Traore:19.88,28:Awa Laurent:18.81,29:Amandine Ribeiro:15.32
2228,Clermont-Ferrand,Rouen,30/11/2026,1000,1623,1:Ethan Zhang:48.10,2:Lian Garnier:33.39,3:Arthur Wong:38.13,4:Silas Cherif:45.96,5:Kwame Perez:42.34,6:Hana Williams:46.12,7:Youssef Conti:46.62,8:Alessio Gomes:41.78,9:Pablo Liu:39.31,10:Minh Benali:46.10,11:Clement Fernandez:48.18,12:Felix Tanaka:45.00,13:Sara Khan:31.17,14:Silas Smith:30.84,15:Chen Wong:30.48,16:Ryan Ivanov:41.43,17:Ricardo Cruz:34.65,18:Bilal Ali:32.27,19:Austin Haddad:48.78,20:Jian Martinez:34.03,21:Silas Ziane:46.19,22:Rose Miller:35.17,23:Felix Cisse:46.81,24:Emma Nguyen:40.78,25:Simon Vidal:35.99,26:Mei Wagner:34.14,27:Taylor Silva:32.40,28:David Faure:41.42,29:Juan Russo:38.24
4566,Dijon,Metz,23/02/2026,1915,2206,1:Rose Robert:20.66,2:Ethan Smith:17.46,3:Fode Tanaka:13.03,4:Arthur Cisse:18.80,5:Fiona Greco:15.74,6:Imani Chung:19.51,7:Alessio Moreau:19.72,8:Ryan Cherif:21.05,9:Pierre Bruno:20.20,10:Chau Lee:14.26,11:Taylor Gomes:18.60,12:Valentine Yamamoto:13.80,13:Ryo Williams:16.66,14:Jules Liu:18.96,15:Amandine Cisse:17.85,16:Noah Ramirez:17.97,17:Emma Brown:20.66,18:Nicolas Greco:16.82,19:Lea Weber:21.06,20:Bjorn Sato:21.08,21:Valentine Clark:14.58,22:Silas Dubois:13.18,23:Fode Faure:14.95,24:Jules Cherif:16.49,25:Nour Tran:13.41,26:Paul Muller:14.71,27:Katya Wong:13.60,28:Eloise Wilson:21.50
4214,Lyon,Rouen,14/09/2026,1815,0044,1:Thao Michel:50.74,2:Rose Nkosi:34.84,3:Sana Sousa:48.38,4:Wei Benali:45.06,5:Orion Pereira:41.20,6:Erica Singh:46.89,7:Silas Smith:48.65,8:Oceane Singh:47.25,9:Isabella Mohamed:29.75,10:Sara Khan:45.14,11:Carmen Perez:42.38,12:Austin Pereira:45.05,13:Rose Mohamed:35.44,14:Alice Martin:45.43,15:Sophie Cruz:39.81,16:Clement Ivanov:32.34,17:Zane Zhang:48.78,18:Sana Zhang:31.04,19:Rayan Pham:50.48,20:Romain Zimmermann:35.05,21:Gabriel Muller:29.60,22:Natalia Perez:43.57,23:Kai Bianchi:30.29,24:Kenza Fahmi:33.55,25:Pablo Davis:41.05,26:Silas Dubois:33.38,27:Hazel Singh:42.86,28:Willow Rossi:30.94,29:Farah Almeida:48.42,30:Bjorn Thomas:47.32,31:Lian Cruz:44.65,32:Rayan Torres:36.04,33:Chau Weber:31.08,34:Emma Ziane:40.26
5830,Clermont-Ferrand,Dijon,05/12/2026,2100,0127,1:Emma Dupont:24.20,2:Margaux Dupont:33.93,3:Natalia Wong:27.08,4:David Gomez:24.39,5:Louis Haddad:19.47,6:Ethan Weber:32.12,7:Thao Ahmed:27.94,8:Nala Garnier:34.08,9:Driss Kuznetsov:32.08,10:Chloe Wong:23.75,11:Corey Ivanov:25.50,12:Sara Greco:28.57,13:Amine Lefevre:27.54,14:Sophie Nguyen:29.35,15:Quentin Wilson:23.46,16:Katya Rodrigues:26.35,17:Brenda Ouattara:30.19,18:Sekou Santos:26.32,19:Valentine Chung:27.67,20:Orion Lefevre:27.88,21:Jules Mohamed:27.92,22:Sofia Diop:20.66
9432,Tours,Rouen,29/09/2026,1145,1444,1:Igor Muller:26.85,2:Pablo Petrov:24.73,3:Aicha Laurent:27.62,4:Austin Gomes:27.70,5:Elsa Singh:15.99,6:Kenza Weber:23.29,7:Sofia Pham:18.83,8:Natalia Zhang:18.88,9:Baptiste Johnson:24.84,10:Imani Diallo:26.57,11:Taylor Conti:22.34,12:Li Kowalski:21.51,13:Jules Mohamed:16.82,14:Willow Ramirez:22.06,15:Yumi Chen:23.43,16:Gabriel Cisse:25.33,17:Jules Santos:22.65,18:Felix Taylor:19.76,19:Natalia Davis:20.65,20:Dmitri Ferrari:18.52,21:Igor Moussa:16.29,22:Ryan Ziane:16.54,23:Jeanne Clark:19.72,24:Bilal Mohamed:16.52,25:Yumi Wang:16.57,26:Willow Taylor:21.26,27:Emi Nkosi:24.00,28:Sophie Cherif:21.99,29:Elena Richard:18.69,30:Margaux Schmidt:26.91,31:Pierre Wagner:19.59,32:Akira Novak:23.30,33:Nour Rodrigues:17.44,34:Leila Khan:18.36,35:Javier Petrov:27.43,36:Liam Santos:25.24,37:Akira Wang:17.81,38:Juan Lopez:27.42,39:Alessio Almeida:18.32,40:Driss Cruz:17.72,41:Nala Moore:21.36,42:Aicha Ndiaye:28.21
4511,Angers,Caen,21/02/2026,1630,1956,1:Sofia Wang:16.38,2:Kenza Nkosi:23.79,3:Emma Ziane:24.05,4:Javier Petrov:22.34,5:Natalia Perez:25.11,6:Thao Moreau:18.36,7:Santiago Abebe:17.04,8:Chloe Durand:25.33,9:Aicha Ndiaye:16.61,10:Lucas Novak:20.45,11:Zola Sylla:26.47,12:Kwame Schulz:18.65,13:Harper Rizzo:24.02,14:Brenda Kovacs:25.62,15:Wei Benali:16.77,16:Corey Martin:20.05,17:Fode Almeida:25.99
7656,Reims,Perpignan,23/03/2026,1700,0240,1:Bjorn Gallo:49.43,2:Fiona Cruz:38.81,3:Mei Ziane:41.61,4::,5:Manon Zimmermann:52.08,6:Harper Fahmi:35.75,7:Eloise Wilson:50.48,8:Lea Weber:56.66,9:Ryan Moreau:38.68,10:Yasmine Zhang:38.48,11:Hassan Singh:34.92,12:Ricardo Rodriguez:,13:Mehdi Abebe:36.78,14:Zoe Novak:43.17,15:Alice Leroy:48.68,16:Amandine Ribeiro:58.39,17:Rose Robert:45.02,18:Simon Wilson:34.44,19:Skylar Davis:33.89,20:Taylor Durand:52.65,21:Lian Ferrari:56.22,22:Yasmine Pereira:57.85,23:Sekou Santos:38.53,24:Pierre Liu:,25:Romain Santos:52.52
5734,Nantes,Reims,02/06/2026,1315,2346,1:Felix Suzuki:55.94,2:Victor Huang:50.58,3:Emma Moussa:37.83,4:Willow Simon:37.31,5:Chen Robert:46.00,6:Eloise Miller:45.48,7:Gabriel Yamamoto:53.28,8:Sara Ferrari:47.78,9:Margaux Ribeiro:45.63,10:Rayan Moreau:42.43,11:Jason Traore:42.88,12:Jackson Silva:50.67,13:Mei Ferrari:58.23,14:Karim Weber:40.84,15:Theo Yamamoto:41.96,16:Chen Ziane:51.80,17:Javier Novak:52.04,18:Kofi Cruz:45.84,19:Alessio Ziane:49.84,20:Austin Garcia:40.35,21:Manon Rizzo:40.37,22:Lucas Klein:52.46,23:Ryan Martin:33.05,24:Willow Mohamed:58.11,25:Manon Kim:43.54,26:Nour Sousa:40.82,27:Alessio Lopez:56.98,28:Zola Johnson:39.47,29:Rose Yamamoto:49.22,30:Imani Alves:46.84
5264,Montpellier,Caen,17/05/2026,2015,0530,1:Yara Miller:56.08,2:Isabella Smith:37.11,3:Kenji Simon:45.21,4:Camille Pereira:44.64,5:Bjorn Esposito:36.65,6:Ulysse Park:43.34,7:Valentine Ferrari:46.57,8:Skylar Gallo:58.48,9:Felix Nguyen:48.76,10:Awa Suzuki:58.38,11:Chau Huang:41.51,12:Lea Sato:44.68,13:Sekou Bernard:33.77,14:Alessio Gomes:56.95,15:Hana Bianchi:41.69,16:Sora Michel:52.86,17:Oceane Bernard:44.20,18:Felix Klein:39.63,19:Mei Vidal:39.49,20:Taylor Moore:51.60,21:Willow Kim:43.08,22:Camille Tran:48.86
5323,Grenoble,Saint-Etienne,19/07/2026,1930,2110,1:Silas Le:14.33,2:Fiona Petit:13.10,3:Quentin Schulz:17.97,4::,5:Rayan Dubois:16.69,6:Elena Richard:13.95,7:Celeste Ramirez:18.65,8:Nour Cruz:18.31,9:Adrien Martin:14.07,10:Ethan Durand:20.62,11:Fode Boudjema:,12:Gabriel Diop:20.72,13::,14:Maria Sylla:15.59,15:Amine Torres:17.89,16:Orion Laurent:,17:Sergei Ramirez:16.80,18:Skylar Gallo:15.64,19:Alice Doan:13.11,20:Camille Ramirez:13.55,21:Baptiste Bianchi:16.40,22:Mehdi Zhang:13.53,23:Taro Doan:16.25,24:Theo Schmidt:21.40,25:Fode Almeida:22.32,26:Adrien Vasiliev:13.66,27:Finn Diallo:21.76,28:Corey Gallo:16.65,29:Imani Rizzo:18.69,30:Javier Zimmermann:21.54,31:Willow Simon:,32:Nour Brown:18.83,33:Amine Durand:15.27,34:Ulysse Vo:20.04,35:Kenza Schulz:14.50
4086,Grenoble,Reims,17/07/2026,2200,0200,1:Mei Nguyen:23.59,2:Minh Benali:23.29,3:Skylar Bruno:19.66,4:Valentine Rodrigues:23.83,5:Amine Lefevre:33.49,6:Sora Weber:24.47,7:Aicha Wong:20.51,8:Alessio Ziane:24.11,9:Taro Gallo:22.57,10:Hugo Diallo:22.26,11:Yara Hussein:29.27,12:David Rizzo:23.06,13:Louis Singh:33.52,14:Lea Roux:28.80,15:Thao Lee:26.02,16:Jackson Kuznetsov:24.77,17:Isabella Ziane:19.98,18:Zachary Cisse:25.88,19:Olivia Pereira:23.96,20:Sergei Ribeiro:26.78,21:Felix Suzuki:33.90,22:Malika Le:28.65,23:Kimberly Diop:28.18,24:Chloe Weber:24.57,25:Leila Doan:29.05,26:Manon Perez:25.59,27:Zoe Rodrigues:31.09,28:Nicolas Vidal:28.58,29:Valentine Bianchi:25.87
8619,Rouen,Angers,09/10/2026,2245,0322,1:Chloe Kuznetsov:28.47,2:Zane Klein:28.11,3::,4:Silas Brown:22.08,5:Lucia Huang:36.88,6:Mehdi Gomez:35.74,7:Sergei Gallo:28.47,8:Yara Rodrigues:31.92,9:Hassan Pereira:37.80,10:Fiona Garnier:,11:Leila Vo:26.66,12:Finn Russo:25.37,13:Orion Davis:37.55,14:Kwame Smith:23.76,15:Olivia Lefevre:36.81,16:Sekou Yamamoto:33.97,17:Felix Garnier:,18:Arthur Gomes:28.38,19:Emma Almeida:36.79,20:Sofia Thomas:36.07,21:Fode Fournier:26.80,22:Zane Suzuki:22.17,23:David Esposito:26.57
1602,Toulouse,Brest,16/05/2026,1700,0143,1:Imani Perez:46.73,2:David Cherif:33.29,3:Zachary Wilson:45.54,4:Rayan Robert:57.53,5:Youssef Wagner:54.81,6:Lucas Singh:50.17,7:Sergei Ribeiro:33.83,8:Erica Singh:50.63,9:Natalia Faure:43.10,10:Sana Martin:49.57,11:Juan Greco:51.37,12:Kai Michel:47.95,13:Ulysse Clark:44.10,14:Theo Bruno:39.67,15:Jackson Ferrari:41.72,16:Aki Ribeiro:40.27,17:Quentin Chen:34.12,18:Hassan Bruno:56.30,19:Driss Ziane:36.07,20:Sekou Ahmed:58.30,21:Imani Petrov:37.36,22:Oceane Vo:44.31,23:Adrien Martin:38.23,24:Lucas Diop:57.20,25:Chloe Brown:57.66,26:Lea Weber:48.00,27:Karim Nguyen:54.46,28:Pierre Thomas:35.93,29:Romain Sylla:37.93,30:Harper Kuznetsov:36.39,31:Kenza Taylor:45.16,32:Ines Hussein:43.56,33:Clement Moore:47.64,34:Fode Park:36.76
5422,Perpignan,Metz,15/11/2026,1745,0342,1:Li Kowalski:46.04,2:Driss Kuznetsov:48.78,3:Quentin Fernandez:54.26,4:Maria Roux:52.81,5:Amandine Perez:36.52,6:Sophie Taylor:46.41,7:Zola Martin:45.53,8::,9:Jules Mohamed:39.59,10:Hugo Wilson:46.68,11:David Faure:38.61,12:Santiago Perez:52.48,13:Sana Ali:46.93,14:Fode Ferrari:46.80,15:Ines Le:43.47,16:Orion Lefevre:47.35,17:Arthur Gomes:47.08,18:Pablo Martinez:53.36,19:Zola Le:54.10,20:Fiona Park:32.90,21:Zane Cherif:41.08,22:Skylar Gallo:40.48,23:Juan Roux:46.52,24:Yasmine Esposito:58.01,25:Ethan Cisse:40.91,26:Yumi Chen:38.29,27:Sofia Ribeiro:,28:Minh Rossi:48.13,29:Jeanne Ahmed:54.64,30:David Robert:33.40,31:Mateo Brown:53.49,32:Madison Diop:44.23,33:Simon Ahmed:55.89,34:Jules Santos:36.79,35::,36:Louis Kim:34.05,37:Lucia Diop:49.04,38:Pierre Cruz:33.71,39:Tristan Tran:49.43,40:Sana Vo:53.38,41:Hugo Leroy:42.91,42:Aisha Sanchez:51.86,43:Felix Ivanov:55.90,44:Maria Smith:,45:Nicolas Zimmermann:40.61,46:Jian Singh:48.33,47:Ulysse Wang:47.89,48:Austin Chen:37.62,49:Madison Khan:32.77
9283,Perpignan,Brest,12/11/2026,2215,0929,1:Emi Wang:55.44,2:Erica Singh:41.06,3:Taro Wilson:44.18,4:Imani Williams:37.83,5:Igor Popov:44.79,6:Aicha Santos:41.88,7:Nala Fournier:33.26,8:Santiago Robert:45.74,9:Pablo Ndiaye:42.09,10:Louis Park:49.81,11:Skylar Ribeiro:43.60,12:Zola Clark:54.81,13:Imani Diallo:45.06,14:Ryan Sanchez:46.55,15:Yara Clark:45.36,16:Mei Kovacs:40.51,17:Sonia Kim:43.05,18:Liam Nkosi:42.68,19:Jackson Popov:46.68,20:Sana Liu:52.26,21:Li Dubois:42.67,22:Lea Michel:58.15,23:Tristan Schmidt:38.71,24:Sonia Boudjema:48.13
9014,La Rochelle,Bordeaux,20/07/2026,1800,2136,1:Chau Simon:,2:Karim Fahmi:25.83,3:Jason Yamamoto:,4:Sara Khelifi:28.37,5:Oceane Singh:,6:Silas Ribeiro:31.18,7:Clement Lee:25.67,8:Alessio Moreau:25.97,9:Kenji Zimmermann:21.83,10:Ethan Weber:18.08,11::,12:Alice Tanaka:19.65,13:Maria Garnier:24.57,14:Dylan Popov:22.40,15:Ryan Martin:25.29,16:Hugo Wilson:23.10,17:Willow Mohamed:24.57,18:Madison Khan:27.38,19:Eloise Popov:24.41,20:Tristan Diop:28.25,21:Ryan Klein:29.43,22:Madison Tran:,23:Zachary Traore:17.56,24:Mehdi Roux:23.68,25:Liam Ribeiro:23.48,26:Erica Abebe:30.50,27:Finn Miller:24.58,28:Manon Popov:28.21,29:Silas Almeida:18.53,30::,31:Karim Zhang:28.50,32:Theo Sousa:19.78,33:Ulysse Torres:29.47,34:Taro Wang:26.01,35:Zane Davis:,36:Taylor Fournier:30.83,37:Theo Le:28.15,38::,39:Pablo Clark:19.38,40:Kwame Smith:18.96
1131,Grenoble,Tours,16/03/2026,0815,1504,1:Elena Conti:38.00,2:Alessio Ali:29.85,3:Alice Dupont:39.22,4:Taylor Khan:48.49,5:Zoe Perez:46.53
7844,Perpignan,Rouen,27/12/2026,1845,0630,1:Amine Weber:35.06,2:Celeste Lee:42.59,3:Samira Petit:42.10,4:Camille Tran:53.49,5:Maria Sylla:39.51,6:Sora Garnier:47.27,7:Yasmine Pereira:51.15,8:Kai Rossi:33.95,9:Theo Sousa:43.91,10:Sophie Vo:50.41,11:Jian Clark:44.34,12:Romain Gallo:54.17,13:Imani Chen:55.75,14:Wei Kim:48.86,15:Jeanne Ahmed:51.18,16:Zoe Huang:42.95,17:Austin Wang:51.51,18:Ryan Ziane:40.22,19:Valentine Rodrigues:36.79,20:Fiona Suzuki:50.67,21:Theo Bruno:48.97,22:Louis Sanchez:36.64,23:Lian Le:48.55
2056,Lille,Brest,02/05/2026,0830,1707,1:Sofia Ribeiro:38.90,2:Gabriel Sanchez:34.82,3:Tristan Tran:40.33,4:Nour Brown:34.91,5:Fode Conti:41.66,6:Alessio Moreau:46.49,7:Madison Zhang:49.15,8:Sophie Nguyen:58.38,9:Ulysse Lopez:45.13,10::,11:Lucas Klein:,12:Eloise Fahmi:41.84,13:Orion Laurent:49.30,14:Erica Morozov:41.37,15:Emma Vidal:48.45,16:Austin Greco:55.92,17:Rose Moussa:52.13,18:Amandine Conti:34.83,19:Lea Wilson:56.85,20:Harper Nkosi:45.21,21::,22:Ethan Ouattara:48.74,23:Willow Tanaka:42.90,24:Madison Thomas:52.66,25:Lucas Doan:46.39,26:Valentine Oliveira:45.67,27:Orion Russo:53.51,28:Alice Doan:34.63
4556,Nantes,Lille,21/07/2026,0745,1353,1:Jeanne Doan:41.53,2:Alessio Alves:40.49,3:Leila Leroy:29.64,4:Sergei Vasiliev:29.38,5:Brenda Garnier:41.42,6:Rayan Davis:37.73,7:Hazel Tran:43.17,8:Zoe Vidal:37.78,9:Jules Park:35.28,10:Theo Tanaka:29.80,11:Bjorn Pereira:48.63,12:Arthur Cherif:39.59,13:Zola Chung:38.42,14:Nicolas Greco:37.71,15:Simon Wilson:45.54,16:Lian Cruz:29.98,17:Dmitri Wagner:43.42,18:Ryo Esposito:37.11,19:Ulysse Kovacs:33.72,20:Hazel Ribeiro:34.37,21:Gabriel Diop:49.23,22:Gabriel Park:46.77,23:Emma Miller:33.90,24:Alessio Gomes:35.79,25:Zola Johnson:47.87,26:Dylan Perez:47.21,27:Mei Ferrari:42.52,28:Yara Miller:38.60,29:Ines Sokolov:48.84,30:Leila Taylor:31.39
5767,Lyon,Rouen,27/12/2026,0630,1156,1:Eloise Popov:24.63,2:Imani Dupont:31.34,3:Yumi Wilson:26.67,4:Bilal Kovacs:26.57,5:Yumi Wang:30.55,6:Hugo Greco:32.35,7:Malika Suzuki:27.78,8:Ricardo Alves:28.95,9:Daiki Dupont:31.60,10:Silas Klein:29.43,11:Sophie Tran:29.30,12:Jason Wang:28.99,13:Ryan Sato:39.15,14:Imani Bernard:24.94,15:Akira Abebe:26.43,16:Ines Doan:29.86,17:Kenji Rizzo:27.50,18:Margaux Dupont:36.70,19:Emma Petrov:28.81,20:Louis Haddad:35.78,21:Youssef Chung:42.71,22:Chau Huang:37.53,23:Liam Rodriguez:27.34,24:Kenza Taylor:37.71,25:Silas Ziane:37.89,26:Felix Ivanov:32.82,27:Awa Cisse:39.46,28:Sophie Wang:41.17,29:Nicolas Esposito:37.00,30:Katya Almeida:33.71,31:Hassan Singh:30.99,32:Miguel Clark:31.45,33:Nicolas Kowalski:38.49,34:Pablo Liu:27.76,35:Simon Moore:38.15,36:Alessio Ziane:33.74,37:Carmen Miller:26.66,38:Leila Khan:29.14,39:Ryan Cherif:32.74,40:Hazel Ribeiro:29.56,41:Sophie Ouattara:35.47,42:Ryan Fournier:25.10,43:Aisha Hussein:38.27,44:Amandine Le:33.94,45:Wei Schulz:26.14,46:Hazel Singh:33.40,47:Awa Doan:42.74,48:Nala Fournier:24.89
5005,Metz,Clermont-Ferrand,06/07/2026,0600,1218,1:Pierre Almeida:31.48,2:David Fernandez:40.87,3:Isabella Durand:33.92,4:Rose Perez:45.62,5:Rayan Singh:27.59,6:Dmitri Lee:28.48,7:Baptiste Sanchez:45.45,8:Celeste Nkosi:40.18,9:Silas Smith:40.04,10:Emi Park:46.30,11:Silas Sokolov:35.43,12:Emma Moussa:27.22,13:Aisha Ali:29.50,14:Amandine Cisse:39.29,15:Valentine Davis:35.92,16:Harper Boudjema:43.80,17:Chau Diop:28.85,18:Elena Zhang:44.40,19:Pierre Bruno:36.34,20:Louis Sanchez:43.75,21:Lucia Ramirez:44.50
4574,Saint-Etienne,Rennes,14/11/2026,1945,0308,1::,2:Silas Klein:,3:Aki Rodriguez:33.97,4:Kai Michel:41.54,5:Igor Almeida:52.82,6::,7:Paul Chen:45.96,8:Noah Suzuki:45.42,9:Dylan Rizzo:47.97,10:Alice Tanaka:32.51,11:Valentine Clark:52.45,12:Mei Garnier:32.68,13:Ethan Liu:57.84,14:Felix Garnier:49.48,15::,16::,17:Harper Vasiliev:51.97,18:Rayan Rodrigues:41.47,19::,20:Chen Sanchez:51.13,21:Noah Ramirez:35.59,22:Jeanne Tanaka:41.36,23:Jason Cruz:35.23,24:Jian Esposito:,25:Farah Rizzo:37.23,26:Silas Almeida:48.00,27:Malika Nguyen:44.49
4088,Clermont-Ferrand,Paris,30/12/2026,0800,1433,1:Chloe Ferrari:37.64,2:Sofia Ramirez:38.44,3:Emma Brown:30.82,4:Manon Yamamoto:49.73,5:Sophie Ouattara:31.73,6:Daiki Smith:41.20,7:Lucas Simon:46.76,8:Olivia Thomas:30.97,9:Victor Tran:52.93,10:Driss Almeida:48.75,11:Akira Martin:52.07,12:Erica Yamamoto:44.59,13:Brenda Ouattara:47.52,14:Chen Sanchez:31.57,15:Baptiste Johnson:44.60,16:Isabella Lefevre:35.98,17:Sara Fahmi:37.22,18:Bilal Thomas:46.88,19:Leila Ndiaye:43.59,20:Ulysse Torres:51.60,21:Tristan Sousa:30.04,22:Nicolas Khelifi:38.53
4999,Clermont-Ferrand,Grenoble,20/10/2026,0830,1225,1:Clement Cherif:20.27,2:Yumi Sanchez:29.74,3:Sora Esposito:19.94,4:Natalia Moore:33.25,5:Tristan Santos:21.01,6:Rayan Dubois:19.01,7:Malika Taylor:24.23,8:Manon Nkosi:22.64,9:Quentin Fernandez:30.14,10:Natalia Sylla:19.20,11:Simon Garnier:24.88,12:Driss Greco:23.26,13:Malika Robert:26.37,14:Austin Cisse:20.84,15:Baptiste Ribeiro:22.10,16:Daiki Moussa:26.34,17:Mehdi Laurent:23.16,18:Yara Miller:26.53,19:Hugo Tran:23.78,20:Taro Wilson:28.92,21:Ryan Rodriguez:28.14,22:Fiona Petrov:33.78,23:Hazel Fournier:27.97,24:Zachary Wilson:30.42,25:Liam Alves:23.77,26:Nour Smith:22.22,27:Manon Moreau:23.99,28:Nicolas Miller:29.13,29:Jeanne Ahmed:24.70,30:Kofi Wilson:27.41,31:Miguel Novak:24.75,32:Liam Fernandez:25.54,33:Orion Laurent:20.35,34:Jian Garcia:21.34
9774,Tours,Limoges,04/11/2026,1900,2248,1:Zola Garcia:23.41,2:Malika Nguyen:31.16,3:Dylan Popov:,4:Liam Bernard:29.18,5:Sara Martinez:24.23,6::,7:Kenza Fahmi:25.81,8:Kenji Leroy:29.95,9:Yara Brown:25.47,10:Ryan Morozov:19.63,11:Jian Pham:28.03,12:Miguel Pereira:18.14,13:Kofi Khan:28.65,14:Daiki Gomez:20.71,15:Harper Kuznetsov:22.81,16:Willow Abebe:27.61,17:Sofia Davis:22.26,18:Amine Cherif:26.13,19:Minh Rossi:20.57,20:Gabriel Cherif:19.26,21:Wei Benali:25.00,22:Ricardo Rodriguez:27.87,23:Baptiste Suzuki:,24:Chau Ali:32.40,25:Willow Michel:20.34,26::,27:Lea Bianchi:18.30,28:Liam Nkosi:30.72,29:Celeste Lopez:22.84,30:Madison Torres:,31:Kofi Cruz:22.28,32::,33:Zachary Zimmermann:
9954,Toulouse,Nice,20/02/2026,1615,0115,1::,2:Daiki Moussa:55.99,3:Emma Almeida:53.41,4:Nicolas Sanchez:53.99,5:Amine Rossi:40.96,6:Emma Petrov:53.73,7:Brenda Kovacs:38.34,8:Willow Traore:57.77,9:Lea Conti:43.93,10:Amine Lefevre:,11:Imani Rizzo:51.54,12:Ulysse Weber:54.03,13:Malika Kowalski:55.19,14:Theo Bruno:,15:Silas Novak:,16:Leila Kuznetsov:34.09,17:Baptiste Bianchi:52.79,18:Austin Greco:48.31,19:Felix Zimmermann:34.61,20:Skylar Almeida:44.78,21:Akira Park:35.74,22:Sonia Diallo:56.57,23::,24:Carmen Liu:42.10,25:Isabella Durand:43.28,26:Nala Conti:55.22,27:Bilal Gallo:32.96,28::,29:Madison Kowalski:45.68,30:Aicha Ndiaye:,31:Miguel Greco:56.36,32:Lucas Almeida:50.61,33:Orion Russo:44.09
5172,Tours,Lille,19/09/2026,2000,0000,1:Liam Pereira:28.99,2:Austin Nkosi:20.69,3:Yara Kovacs:26.52,4:Nicolas Vidal:24.37,5:Zane Johnson:29.13,6:Rose Moussa:30.54,7:Felix Haddad:24.84,8:Karim Leroy:26.62,9:Jeanne Fahmi:19.82,10:Clement Fernandez:32.08,11:Sergei Rossi:32.53
6078,Caen,Nantes,30/09/2026,2100,0050,1:Javier Zimmermann:23.81,2:Kimberly Abebe:19.54,3:Javier Sato:18.31,4:Imani Fournier:26.13,5:Kofi Cruz:17.90,6:Tristan Moreau:18.79,7:Malika Sanchez:26.47,8:Fode Khelifi:17.13,9:Santiago Robert:21.71,10:Minh Tran:17.30,11:Chloe Fernandez:18.59,12:Li Gomes:24.60,13:Olivia Ribeiro:18.54,14:Sekou Santos:26.61,15:Arthur Cherif:22.22,16:Omar Moreau:23.47,17:Nour Sousa:17.07,18:Emi Robert:25.90,19:Li Martinez:19.99,20:Sara Ferrari:14.90,21:Celeste Benali:18.44,22:Alice Torres:24.64,23:Clement Lopez:23.84,24:Katya Santos:23.67,25:Yara Moore:20.25,26:Ethan Dupont:16.74,27:Karim Faure:22.70,28:Chloe Ferrari:15.36,29:Olivia Weber:23.81,30:Fiona Greco:25.40,31:Felix Khan:23.96,32:Bjorn Richard:19.30,33:Carmen Cisse:18.95,34:Fiona Simon:22.69,35:Ryan Fernandez:26.71,36:Wei Ferrari:18.14,37:Jeanne Fahmi:18.37,38:Olivia Ivanov:26.74,39:Isabella Park:21.20,40:Rose Rodriguez:22.83,41:Elsa Garnier:19.74,42:Silas Le:20.20,43:Brenda Popov:19.74,44:Mei Ali:25.20,45:Elena Gomes:21.71,46:Daiki Singh:21.45,47:Lucas Cherif:18.58,48:Oceane Wang:21.72,49:Eloise Khan:24.49,50:Sophie Taylor:25.53,51:Theo Le:17.18,52:Hassan Rodriguez:22.40,53:Jian Michel:22.92,54:Jeanne Doan:25.41
8956,La Rochelle,Marseille,21/04/2026,0600,1441,1:Akira Wang:36.71,2:Leila Hussein:41.44,3:Jian Zimmermann:47.23,4:Sofia Wang:41.25,5:Manon Yamamoto:48.45,6:Chloe Russo:48.43,7:Amine Lefevre:32.95,8:Juan Roux:44.18,9:Jeanne Ahmed:34.59,10:Jeanne Fahmi:34.68,11:Paul Cruz:47.64,12:Kimberly Huang:56.93,13:Harper Nkosi:33.08,14:Mateo Fernandez:40.21,15:Sekou Greco:36.81,16:Jules Tanaka:52.15,17:Sekou Ziane:51.89,18:Sofia Kovacs:56.41,19:Ulysse Clark:35.62,20:Fode Wilson:46.12,21:David Bruno:57.88,22:Ryan Khelifi:44.63,23:Brenda Ouattara:52.31,24:Lucas Klein:57.96,25:Chau Almeida:44.40,26:Malika Vasiliev:35.78,27:Dmitri Le:55.43,28:Sara Khan:39.13,29:Bjorn Schmidt:40.78,30:Erica Tanaka:56.26
3214,Perpignan,Strasbourg,30/07/2026,1530,0234,1:Celeste Bianchi:46.15,2:Adrien Vo:32.86,3:Lucia Diop:33.58,4:Oceane Robert:51.30,5:Felix Garcia:54.30,6:Ulysse Schulz:47.91,7:Margaux Diallo:35.00,8:Yara Hussein:51.07,9:Harper Miller:39.19,10:Ryan Fernandez:47.51,11:Karim Bruno:49.19,12:Samira Petit:45.44,13:Kenji Cherif:56.55,14:Chloe Kovacs:36.64,15:Mateo Fernandez:50.32,16:Youssef Wagner:57.25,17:Kenza Taylor:48.91,18:Dylan Popov:54.91,19:Jian Popov:42.46,20:Javier Dupont:57.28,21:Chau Fournier:48.87,22:Sophie Benali:52.55,23:Aicha Robert:50.78,24:Noah Hussein:55.36,25:Juan Tran:53.64,26:Manon Wagner:36.35,27:Carmen Bruno:44.95,28:Chau Wang:54.41,29:Quentin Ali:55.59,30:Awa Schmidt:46.34,31:Theo Kim:33.08,32:Wei Lefevre:40.68,33:Taro Pham:51.33,34:Mateo Benali:38.32,35:Silas Martin:36.59,36:Yumi Nkosi:48.51,37:Alice Johnson:55.23,38:Amine Durand:48.38,39:Clement Moore:41.91,40:Ryan Sato:41.60,41:Orion Zhang:34.84,42:Oceane Rodriguez:56.74,43:Dylan Petit:32.74,44:Silas Sokolov:47.80,45:Omar Martinez:50.33,46:Sora Durand:53.64,47:David Gomez:32.88,48:Igor Popov:33.35,49:Imani Ali:55.48,50:David Faure:43.74,51:Sophie Cruz:51.00
6218,Brest,Saint-Etienne,28/08/2026,1345,0023,1:Theo Santos:50.57,2:Bjorn Moore:56.90,3:Minh Fahmi:51.25,4:Celeste Nkosi:36.01,5:Finn Cisse:53.28,6:Chen Ziane:33.86,7:Aisha Haddad:42.77,8:Alessio Almeida:52.78,9:Carmen Faure:39.36,10:Ulysse Wang:32.67,11:Leila Vo:42.47,12:Jules Liu:39.11,13:Igor Muller:46.48,14:Celeste Lopez:47.46,15:Kenji Russo:34.30,16:Olivia Thomas:56.14,17:Ryo Sanchez:34.09,18:Skylar Novak:47.70,19:Willow Simon:56.39,20:Awa Kuznetsov:57.41,21:Aicha Vidal:33.12,22:Pablo Martinez:56.41,23:Arthur Abebe:39.34,24:Adrien Vasiliev:49.90,25:Sophie Wang:57.64,26:Willow Simon:35.38,27:Hugo Robert:36.50,28:Isabella Smith:32.91,29:Fode Wang:48.69,30:Clement Moussa:49.11,31:Noah Diop:52.87,32:Karim Faure:46.10,33:Sana Zhang:41.65,34:Alessio Schulz:46.38,35:Clement Esposito:35.45,36:Carmen Fernandez:57.02,37:Brenda Garnier:43.66,38:Hugo Wilson:33.86
7863,Tours,Lille,28/06/2026,2200,0329,1:Amandine Ziane:37.81,2:Ines Schmidt:34.07,3:Rose Yamamoto:41.10,4:Igor Muller:34.83,5:Alice Tanaka:28.01,6:Noah Hussein:35.04,7:Natalia Moore:43.16,8:Jules Cherif:25.76,9:Omar Singh:24.93,10:Liam Rodriguez:34.77,11:Katya Yamamoto:38.78,12:Karim Novak:37.31,13:Kofi Pereira:25.73,14:Javier Sato:24.21,15:Baptiste Roux:34.06,16:David Le:29.48,17:Javier Kovacs:33.82,18:Zane Johnson:37.68,19:Amine Durand:26.32,20:Omar Doan:39.00,21:Austin Greco:28.47,22:Sekou Pereira:38.58,23:Nala Simon:25.89,24:Lucas Doan:38.37,25:Zachary Zimmermann:41.60,26:Sora Petrov:31.24,27:Willow Taylor:26.64,28:Jules Tanaka:31.86,29:Lian Lee:25.73,30:Clement Wilson:33.20,31:Pierre Moussa:33.85,32:Bilal Le:27.83,33:Dmitri Klein:24.27,34:Kenza Ferrari:31.31,35:Quentin Leroy:32.98,36:Tristan Ivanov:31.59,37:Jeanne Fahmi:28.11,38:Harper Vasiliev:26.95,39:Chau Simon:42.39,40:Adrien Vasiliev:35.81,41:Oceane Schmidt:26.14,42:Sara Petit:38.58,43:Isabella Lopez:30.58
3524,Montpellier,Tours,30/03/2026,1915,0341,1:Amandine Cisse:46.85,2:Fode Doan:46.49,3:Olivia Lefevre:33.73,4:Baptiste Sousa:39.23,5:Louis Clark:48.49,6:Daiki Bianchi:41.57,7:Karim Nguyen:45.19,8:Jian Fahmi:47.66,9:Jason Klein:55.90,10:Brenda Mohamed:42.84,11:Samira Rossi:37.35,12:Jackson Wang:34.83,13:Zane Davis:44.17,14:Kenza Davis:48.40,15:Sekou Ahmed:36.76,16:Yara Cisse:49.61,17:Valentine Huang:48.20,18:Camille Schmidt:37.01,19:Alessio Almeida:51.05,20:Ulysse Weber:55.95,21:Miguel Dupont:57.53,22:Silas Sokolov:57.94,23:Mateo Fernandez:50.75,24:Manon Lefevre:47.86,25:Kenji Weber:55.83,26:Celeste Bianchi:40.50,27:Mehdi Roux:56.46,28:Pierre Moussa:40.09,29:Alessio Alves:46.60,30:Kofi Williams:47.21,31:Fiona Davis:48.81,32:Jian Pham:54.88,33:Ryo Hussein:50.93
5159,Reims,Le Mans,12/10/2026,1930,0449,1:Jules Kim:52.17,2:Rose Thomas:44.54,3:Skylar Almeida:33.05,4:Manon Ouattara:37.70,5:Mehdi Zhang:39.17,6:Elena Laurent:39.15,7:Orion Lefevre:35.02,8:Javier Wilson:42.06,9:Jian Popov:32.52,10:Chau Wang:42.50,11:Oceane Wang:38.03,12:Miguel Dupont:57.16,13:Lucas Greco:48.27,14:Willow Tanaka:54.41,15:Noah Suzuki:52.65,16:Olivia Khelifi:44.20,17:Hazel Brown:47.71,18:Manon Rizzo:46.98,19:Sergei Ramirez:38.46,20:Sana Lee:35.89,21:Kai Roux:33.05,22:Dmitri Hussein:40.02,23:Fiona Park:45.85,24:Arthur Robert:38.39,25:Willow Khelifi:54.90,26:Theo Yamamoto:38.31,27:Brenda Dubois:44.63,28:Oceane Bernard:56.68,29:Valentine Rodrigues:55.94,30:Manon Dubois:55.52,31:Harper Miller:49.70,32:Aicha Laurent:49.68,33:Theo Le:38.89,34:Alessio Ali:55.08,35:Li Kowalski:37.11,36:Hazel Lefevre:35.96,37:Sekou Ahmed:57.97,38:Bilal Gallo:51.18,39:Noah Khan:53.62,40:Imani Moussa:46.21,41:Amandine Faure:42.63,42:Katya Ahmed:46.04,43:Malika Richard:40.24,44:Pierre Yamamoto:46.50,45:Chloe Laurent:35.06,46:Ulysse Sokolov:44.17,47:Hazel Hussein:54.00,48:Austin Greco:36.15,49:Nicolas Kowalski:34.53
5307,Clermont-Ferrand,Le Mans,25/09/2026,1515,1957,1:Sekou Santos:25.34,2:Erica Singh:29.23,3:Erica Abebe:33.88,4:Farah Thomas:30.82,5::,6:Louis Singh:28.92,7:Miguel Schmidt:23.60,8:Sofia Lee:29.88,9:Willow Simon:33.58,10::,11:Baptiste Pham:32.52,12:Rayan Chen:24.29,13:Emma Sokolov:23.09
8553,Reims,Marseille,13/10/2026,0945,1556,1:Theo Silva:44.97,2:Camille Fahmi:34.58,3:Ryan Sanchez:34.95,4:Jules Martin:48.15,5:Sergei Boudjema:36.58,6:Amandine Moore:28.61,7:Kai Ahmed:31.10,8:Samira Ouattara:34.80,9:Daiki Garcia:27.37,10:Erica Vo:35.59,11:Miguel Pereira:26.90,12:Farah Thomas:28.07,13:Celeste Park:43.71,14:Fode Wang:28.01,15:Sofia Diop:37.87,16:Sonia Bernard:27.43,17:Louis Kim:46.02,18:Aki Rodriguez:44.11,19:Sara Fahmi:42.61,20:Erica Abebe:42.70,21:Bjorn Richard:31.46,22:Corey Robert:41.39,23:Ricardo Alves:44.55,24:Oceane Ouattara:28.58,25:Igor Alves:44.66,26:Alessio Haddad:38.73,27:Louis Haddad:32.68,28:Kenji Clark:28.34,29:Silas Cherif:39.70,30:Skylar Novak:47.84,31:Felix Muller:42.09,32:Jules Santos:38.96
2161,Lille,Montpellier,19/12/2026,1245,2225,1:Liam Fernandez:35.30,2:David Thomas:38.52,3::,4:Jason Mohamed:,5:Sergei Rossi:43.75,6:Chen Nguyen:32.95,7:Lucia Simon:40.34,8:Margaux Garnier:33.06,9:Minh Rizzo:44.01,10:Manon Wagner:47.82,11::,12:Ryan Martin:49.52,13:Ryan Cherif:48.08,14:Zoe Greco:41.09,15:Fode Wang:43.67,16:Camille Santos:41.54,17:Olivia Thomas:54.14,18:Sora Garnier:38.51,19:Zane Almeida:46.42,20:Youssef Lopez:49.88,21:Sergei Boudjema:35.15,22::,23:Silas Klein:33.91,24:Camille Chen:33.33,25:Pablo Petrov:37.33,26:Driss Kuznetsov:51.25,27:Gabriel Muller:42.93,28:Sergei Bernard:36.93
9764,Bordeaux,Nantes,16/06/2026,1030,1255,1:Romain Haddad:14.09,2:Li Gomes:17.67,3:Aki Cisse:12.81,4:Willow Khelifi:20.49,5:Bjorn Lefevre:15.05,6:Zola Le:16.23,7:Ryo Rizzo:14.13,8:Wei Ferrari:22.13,9:Hugo Tran:19.98,10:Pablo Robert:15.54,11:Isabella Clark:16.64,12:Finn Fernandez:17.29,13:Dmitri Bruno:20.21,14:Sergei Dubois:22.04,15:Emi Pham:13.42,16:Pierre Diop:13.61,17:Clement Ivanov:18.93,18:Gabriel Ouattara:14.78,19:Erica Sato:21.18,20:Louis Haddad:13.45,21:Kenji Mohamed:15.51,22:Ricardo Dubois:21.99,23:Imani Bernard:21.90,24:Corey Faure:16.15,25:Chau Almeida:21.43,26:Elena Richard:18.46,27:Alessio Ziane:20.40,28:Nour Sousa:22.11,29:Leila Leroy:14.41,30:Ines Hussein:16.94,31:Fode Yamamoto:21.64,32:Silas Brown:22.13,33:Minh Novak:14.31,34:Driss Thomas:13.67,35:Omar Doan:22.20,36:Zachary Moussa:16.44,37:Manon Ouattara:15.06,38:Romain Diallo:12.99,39:Alice Johnson:17.99,40:Amandine Ribeiro:15.75,41:Eloise Wilson:21.93,42:Ethan Liu:14.74,43:Mateo Wang:16.41,44:Alessio Moreau:22.22,45:Silas Clark:18.05,46:Farah Le:12.56,47:Alice Huang:18.20
2509,Bordeaux,Brest,13/09/2026,0945,1354,1:Fode Faure:22.34,2:Adrien Laurent:25.94,3:Carmen Petrov:24.71,4:Liam Rossi:26.57,5:Chloe Traore:36.73,6:Margaux Dupont:23.19,7:Dylan Rizzo:28.45,8:Simon Garcia:26.11,9:Baptiste Bianchi:30.64,10:Orion Simon:23.83,11:Jeanne Haddad:24.37,12:Gabriel Rodrigues:27.25,13:Margaux Weber:31.89,14:Elena Conti:27.61,15:Omar Liu:28.93,16:Manon Perez:29.97,17:Imani Rizzo:26.58,18:Farah Nkosi:31.18,19:Taro Wilson:28.25,20:Austin Doan:30.76,21:Sara Rodrigues:25.33,22:Hugo Ribeiro:24.57,23:Jeanne Haddad:31.04,24:Elsa Park:33.29,25:Ryo Doan:30.62,26:Rayan Dubois:24.95
6267,Reims,Marseille,18/12/2026,1145,1649,1:Zane Almeida:31.30,2:Corey Martin:24.53,3:Austin Garcia:34.68,4:Nour Fernandez:31.02,5:Oceane Vidal:24.78,6:Jeanne Ahmed:29.57,7:Juan Lopez:26.08,8:Driss Cisse:32.55,9:Kenza Davis:33.32,10:Malika Nguyen:24.38,11:Baptiste Rizzo:40.13,12:Nicolas Bernard:25.71,13:Lucia Mohamed:36.55,14:Finn Vo:35.57,15:Amine Novak:27.02,16:Clement Fournier:37.57,17:Rose Thomas:39.96,18:Jackson Wang:34.17,19:Alessio Alves:36.01,20:Farah Almeida:39.30,21:Rayan Singh:41.25,22:Amine Weber:35.46,23:Romain Haddad:32.51,24:Kenza Schulz:36.43,25:Minh Rizzo:24.83,26:Mateo Oliveira:28.81,27:Imani Rizzo:42.00,28:Kofi Pereira:36.21,29:Valentine Durand:36.80,30:Alessio Boudjema:37.51
6554,Caen,Grenoble,17/04/2026,0615,1306,1:Alice Leroy:43.73,2:Rose Schmidt:35.39,3:Austin Greco:41.24,4:Hugo Greco:43.90,5:Jules Rizzo:33.43,6:Brenda Garnier:53.56,7:David Simon:49.92,8:Camille Schmidt:42.61,9:Noah Gallo:49.45,10:Sonia Ahmed:39.96,11:Valentine Huang:30.94,12:Margaux Diallo:38.95,13:Kwame Conti:37.91,14:Sara Petit:54.07,15:Gabriel Cherif:36.39,16:David Le:35.29,17:Fode Perez:54.28,18:Ethan Bianchi:32.48,19:Sophie Cruz:48.22,20:Camille Morozov:34.44,21:Zane Lee:35.67,22:Samira Russo:38.00
6354,Nice,Rouen,29/05/2026,1615,0431,1:Fode Boudjema:48.82,2:Kofi Cruz:43.48,3:Akira Brown:55.56,4:Pierre Ziane:41.68,5:Celeste Muller:34.77,6:Jackson Ferrari:52.57,7:Lian Le:34.76,8:Camille Santos:50.02,9:Dmitri Wagner:44.56,10:Zane Cherif:39.87,11:Felix Wagner:51.01,12:Ethan Liu:54.13,13:Ryan Khelifi:55.07,14:Emi Park:35.47,15:Aisha Moussa:37.17,16:Liam Fernandez:45.89,17:Ines Dubois:47.99,18:Lucia Rizzo:51.07,19:Valentine Martinez:40.39,20:Samira Martin:50.14,21:Daiki Clark:53.72,22:Kwame Wong:37.59,23:Leila Dupont:46.49,24:Amandine Le:32.50,25:Lea Sato:58.47,26:Imani Singh:42.78,27:Driss Cisse:49.12
4748,Rennes,Nantes,24/09/2026,2000,2253,1:Theo Gomes:22.96,2:Maria Petrov:20.54,3:Willow Cisse:13.45,4:Amandine Johnson:19.46,5:Arthur Robert:19.24,6:Silas Sokolov:16.79,7:Finn Cherif:20.05,8:Amandine Perez:18.71,9:Jules Cruz:23.43,10:Samira Huang:17.98,11:Fode Wilson:22.12,12:Lian Cruz:14.38,13:Rose Novak:21.56,14:Madison Thomas:16.21,15:Madison Santos:18.82,16:Willow Tanaka:18.83,17:Nour Popov:14.73,18:Hassan Martin:15.43,19:Sara Greco:14.38,20:Eloise Miller:14.69,21:Li Gomez:18.09,22:Felix Klein:18.72,23:Manon Moreau:20.45,24:Lea Diallo:13.28,25:Corey Faure:22.96,26:Ethan Dupont:16.49,27:Sergei Boudjema:17.66
1993,Strasbourg,Nantes,20/07/2026,1100,2247,1:Harper Ndiaye:,2:Driss Ziane:45.29,3:Maria Traore:47.58,4:Zola Cherif:34.48,5:Sekou Kim:44.78,6:Omar Liu:57.61,7:Willow Fernandez:47.45,8:Carmen Simon:36.46,9:Ethan Brown:,10:Sonia Michel:51.75,11:Jackson Wang:36.35,12:Javier Schmidt:34.69,13:Zola Sylla:56.18,14:Mei Ali:45.78,15:Sekou Fournier:41.33,16:Miguel Diop:55.80,17:Victor Nkosi:45.37,18:Oceane Bruno:57.13,19:Samira Martin:55.57,20:Lea Weber:41.25
1754,Rouen,Lyon,28/05/2026,1400,1929,1:Yara Clark:37.51,2:Orion Davis:29.62,3:Oceane Bernard:39.11,4:Imani Rodriguez:30.19,5:Louis Simon:41.56,6:Skylar Ribeiro:32.72,7:Pierre Gallo:33.50,8:Valentine Ndiaye:23.34,9:Santiago Zimmermann:38.73,10:Hugo Greco:23.40,11:Thao Khan:35.27,12:Dylan Popov:24.52,13:Nala Wang:23.44,14:Manon Kim:29.12,15:Theo Gomes:36.93,16:Amandine Fahmi:35.52,17:Chen Yamamoto:24.18,18:Alice Torres:35.91,19:Paul Cruz:32.10,20:Javier Zimmermann:24.06,21:Taro Ziane:37.62,22:Natalia Moore:28.39,23:Jules Cruz:29.10,24:Ryo Perez:24.06,25:Amine Rossi:40.98,26:Sergei Vasiliev:34.39,27:Nicolas Khelifi:28.99
8066,Strasbourg,Grenoble,08/03/2026,1945,0138,1:Alice Hussein:32.19,2:Samira Huang:35.81,3:Maria Durand:30.68,4:Yara Kovacs:29.21,5:Hana Wagner:47.57,6:Malika Taylor:48.67,7:Sora Davis:34.51,8:Katya Schulz:42.62,9:Orion Laurent:46.03,10:Thao Singh:28.91,11:Wei Haddad:31.71,12:Camille Tran:30.89,13:Felix Khan:48.28,14:Hugo Diallo:46.10,15:Li Zhang:35.67,16:Emma Nguyen:41.89,17:Arthur Gomes:29.12,18:Chloe Lefevre:37.34,19:Liam Fernandez:31.50,20:Dmitri Lee:47.20,21:Valentine Durand:47.69,22:Aki Huang:44.37,23:Eloise Suzuki:48.12,24:Sergei Ribeiro:37.01,25:Hugo Novak:31.84,26:Paul Cruz:47.58,27:Akira Abebe:28.95,28:Wei Leroy:46.63,29:Orion Faure:49.14,30:Igor Chen:28.52,31:Lucas Fernandez:41.60,32:Lea Tran:43.21,33:Austin Pereira:44.86
6098,Perpignan,Brest,30/09/2026,2245,1020,1:Paul Kowalski:56.66,2:Baptiste Sanchez:57.65,3:Taro Wilson:55.65,4:Imani Perez:47.11,5:Arthur Cisse:49.32,6:Chloe Laurent:35.09,7:Katya Doan:42.87,8:Brenda Simon:43.73,9:Paul Chen:53.95,10:Nicolas Miller:58.19,11:Orion Simon:57.10,12:Sora Klein:51.02,13:Silas Miller:38.23,14:Driss Perez:38.95,15:Taro Clark:42.10,16:Erica Tanaka:53.44
7606,Grenoble,Brest,29/04/2026,2000,0608,1:Quentin Ali:42.35,2:Aki Rodriguez:40.83,3:Malika Le:35.61,4:Mehdi Laurent:46.61,5:Daiki Moussa:58.38,6:Kofi Dubois:45.15,7:Jeanne Wang:40.22
2862,Le Mans,Angers,15/10/2026,2230,0046,1:Miguel Pereira:21.01,2:Tristan Chen:13.84,3:Emma Martin:17.34,4:Jackson Ramirez:17.47,5:Ethan Dupont:20.91,6:Gabriel Schmidt:15.21,7:Dmitri Klein:14.93,8:Emma Ziane:17.17,9:Jackson Sanchez:17.25,10:Clement Ivanov:20.80,11:Farah Wilson:17.74,12:Li Wilson:19.99,13:Malika Richard:13.80,14:Sofia Thomas:19.14,15:Hazel Petrov:13.96,16:Aicha Rizzo:15.11,17:Camille Pereira:20.62,18:Sana Durand:14.60,19:Clement Lopez:20.76,20:Emma Nguyen:20.80,21:Austin Haddad:20.30,22:Hassan Rodriguez:20.53,23:Sofia Klein:14.82,24:Zola Sylla:16.39,25:Clement Wilson:15.49,26:Javier Novak:21.90,27:Katya Ahmed:18.65,28:Olivia Wong:16.08,29:Lea Weber:18.54,30:Dylan Petit:19.80,31:Rayan Davis:13.57,32:Ines Le:17.16,33:Fiona Greco:13.94,34:Chen Sanchez:14.90,35:Amine Lefevre:21.20,36:Sana Sousa:13.91,37:Jeanne Kovacs:20.13,38:Romain Sylla:21.93,39:Felix Khan:21.10,40:Elena Lopez:18.92,41:Yumi Liu:20.25
6239,Lille,Clermont-Ferrand,03/09/2026,1445,2157,1:Taro Doan:57.45,2:Imani Alves:53.15,3:Farah Pereira:52.98,4:Mehdi Richard:45.81,5::,6:Sana Sousa:47.33,7:Silas Ziane:52.87,8:Santiago Khan:42.48,9:Sora Russo:,10:Minh Sato:51.21,11:Driss Laurent:39.20,12:Romain Gallo:57.04,13:Malika Richard:,14:Zola Johnson:37.51,15:Chen Morozov:44.65,16:Elena Oliveira:33.84,17:Hassan Martin:52.17,18:Louis Park:,19:Nour Sousa:46.14,20:Zoe Leroy:45.71,21:Manon Silva:57.71,22:Rose Smith:41.98,23:Javier Petrov:44.52,24:Emma Sokolov:57.62,25:Yasmine Nguyen:43.69,26:Pierre Moussa:33.38,27:Aisha Martinez:38.38,28:Felix Suzuki:55.37,29:Corey Weber:55.16,30:Valentine Moreau:47.23,31:Madison Santos:44.47,32:Alice Dupont:42.63,33:Ethan Thomas:36.64,34:Hassan Liu:43.56,35:Kai Liu:55.74,36:Ines Kovacs:50.20,37:Bilal Le:46.65,38:Victor Tran:50.94,39:Sekou Pereira:49.84,40:Camille Fahmi:46.83,41:Youssef Simon:44.56,42:Chen Diallo:36.10,43:Lian Diallo:51.46,44::,45:Jason Klein:33.56,46:Margaux Conti:44.30
5170,Nantes,Tours,10/05/2026,0930,1405,1:Bjorn Pereira:27.44,2:Aisha Khan:30.34,3:Eloise Fahmi:27.58,4:Kofi Roux:32.29,5:Emi Johnson:21.37,6:Mehdi Ali:28.86,7:Awa Cisse:19.99,8:Jackson Kim:30.72,9:Yasmine Boudjema:22.47,10:Jeanne Haddad:30.46,11:Kimberly Abebe:29.13,12:Akira Torres:30.10,13:Mateo Schulz:23.22,14:Valentine Yamamoto:33.17,15:Sophie Popov:24.26,16:Austin Pereira:31.73,17:David Ferrari:27.02,18:Hazel Fournier:30.44,19:Chau Lee:23.87,20:Oceane Bernard:20.37,21:Clement Cherif:23.93,22:Emi Wagner:25.89,23:Celeste Muller:32.84,24:Mateo Oliveira:28.68,25:Simon Ahmed:33.24,26:Willow Mohamed:33.21,27:Oceane Huang:22.74,28:Ryan Khelifi:22.37,29:Lian Cruz:27.34,30:Jian Pham:32.54,31:Minh Benali:26.69,32:Emma Nguyen:23.67,33:Louis Moussa:27.35,34:Lucas Fernandez:29.86,35:Natalia Fournier:20.60,36:Nicolas Doan:28.37,37:Youssef Ramirez:19.77,38:Minh Sato:22.32,39:Chau Almeida:26.25,40:Orion Tran:31.16,41:Manon Dupont:27.18,42:Sana Martin:19.94,43:Kimberly Huang:28.18,44:Wei Chung:23.68,45:Kenza Khelifi:23.58,46:Rose Thomas:32.85,47:Elsa Kim:25.14,48:Driss Ziane:24.66,49:Ryo Doan:33.26,50:Felix Tanaka:24.96,51:Aki Faure:24.61
6452,Angers,Nice,16/07/2026,1730,0534,1:Karim Weber:38.51,2:Ricardo Cisse:49.57,3:Kenza Weber:35.62,4:Fode Ferrari:32.82,5:Zola Le:53.85,6:Kenji Zimmermann:44.17,7:Jules Tanaka:33.67,8:Victor Mohamed:35.81,9:Alessio Schulz:57.18,10:Fode Khelifi:32.77,11:Hassan Kowalski:34.31,12:Ryo Simon:54.01,13:Miguel Wagner:53.04,14:Jason Klein:56.09,15:Liam Alves:54.08,16:Amandine Chung:44.07,17:Quentin Santos:45.62,18:Quentin Petrov:53.16,19:Aki Novak:35.97,20:Sora Wagner:39.51,21:Mateo Schulz:53.17,22:Baptiste Rizzo:46.73,23:Farah Le:39.54,24:Awa Kuznetsov:34.87,25:Quentin Rossi:54.70,26:Taylor Silva:50.45,27:Hassan Martin:34.17,28:Felix Nguyen:38.02,29:Aisha Martinez:33.25,30:Sara Greco:52.01,31:Li Dubois:55.67,32:Sekou Fournier:50.58,33:Erica Morozov:45.59,34:Rayan Pham:40.09,35:Clement Zimmermann:33.60,36:Liam Bernard:45.50,37:Paul Chen:39.50,38:Felix Wagner:47.07,39:Finn Cisse:46.13,40:Brenda Zimmermann:53.96,41:Harper Vasiliev:55.88,42:Rose Garcia:41.71,43:Manon Gomes:37.92,44:Madison Moussa:39.68
7915,Le Mans,Limoges,03/06/2026,2045,2357,1:Li Martinez:24.87,2:Driss Almeida:20.47,3:Louis Park:22.62,4:Ulysse Laurent:25.82,5:Kenza Khelifi:21.53,6:Nicolas Ahmed:29.34,7:David Cherif:27.08,8:Aki Vo:19.16,9:Kimberly Diop:23.89,10:Lucas Robert:26.71,11:Isabella Fahmi:25.82,12:Ines Rodrigues:24.84,13:Santiago Clark:27.76,14:Ulysse Petrov:26.10,15:Simon Vidal:21.33,16:Alessio Moreau:18.62,17:Elsa Ali:26.75,18:Emma Cisse:18.41,19:Noah Conti:21.55,20:Li Gomes:21.66,21:Baptiste Rossi:27.54,22:Nicolas Greco:28.97,23:Eloise Sanchez:22.28,24:Brenda Dubois:22.49,25:Sora Russo:18.58,26:Zane Suzuki:20.71,27:Ryo Michel:26.52,28:Celeste Park:28.88,29:Miguel Dupont:28.96,30:Sora Esposito:22.74,31:Carmen Wagner:27.90
5917,Reims,Saint-Etienne,14/09/2026,1545,1903,1:Sofia Kovacs:17.64,2:Ryo Klein:28.75,3:Jackson Kuznetsov:29.19,4:Malika Robert:28.32,5:Ethan Ouattara:21.87,6:Driss Dupont:21.27,7:Driss Kuznetsov:22.01,8:Austin Haddad:29.58,9:Chen Robert:20.45,10:Erica Tanaka:23.47,11:Zoe Fahmi:17.82,12:Baptiste Wong:18.42,13:Skylar Bruno:27.79,14:Ulysse Kovacs:26.65,15:Akira Torres:21.25,16:Rose Schmidt:22.08,17:Adrien Santos:29.14,18:Lucia Hussein:22.11,19:Natalia Durand:17.90,20:Silas Martin:20.07,21:Kenza Vidal:26.10
6390,Paris,Limoges,21/06/2026,1700,,1:Sofia Thomas:46.16,2:Ulysse Park:45.26,3:Sana Durand:49.79,4:Rose Rodriguez:37.68,5:Omar Lopez:34.05,6:Sora Esposito:38.83,7:Pablo Liu:37.84,8:Wei Schmidt:30.69,9:Ryo Sanchez:32.95,10:Lea Diallo:51.70,11:Amine Dupont:48.75,12:Hugo Nkosi:44.78
4953,Rennes,Marseille,16/06/2026,2045,0539,1:Silas Moussa:41.89,2:Jules Rizzo:47.63,3:Felix Ali:45.68,4:Igor Popov:44.45,5:Paul Sanchez:53.23,6:Bilal Wilson:46.05,7:Emi Cisse:37.41,8:Mateo Novak:40.08,9:Bjorn Lefevre:37.56,10:Alice Dupont:44.23,11:Kenza Kim:46.41,12:Zachary Chung:34.36,13:Jackson Kuznetsov:49.97,14:Zoe Fahmi:41.14,15:Malika Taylor:40.80,16:Dmitri Bruno:44.31,17:Simon Vidal:52.54,18:Noah Tanaka:40.31,19:Katya Almeida:36.39,20:Amine Rossi:56.12,21:Baptiste Rossi:49.63,22:Isabella Smith:48.34,23:Hana Martinez:43.58,24:Ulysse Sokolov:38.13,25:Sophie Vo:39.81,26:Samira Rossi:44.53,27:Camille Alves:49.27,28:Karim Weber:54.60,29:Gabriel Rodrigues:58.28,30:Dylan Popov:36.37,31:Farah Pereira:40.64,32:Pierre Thomas:53.53,33:Mei Kovacs:42.09,34:Tristan Haddad:57.01,35:Yara Doan:39.98,36:Jeanne Doan:35.19,37:Aki Muller:54.86,38:Akira Miller:34.84,39:Sana Kovacs:41.75,40:Alice Johnson:39.80,41:Aicha Laurent:38.91,42:Lucas Klein:35.36,43:Chau Fournier:55.70,44:Austin Moore:34.90,45:Mateo Fernandez:50.13,46:Jian Popov:45.89,47:Rose Perez:44.21
2607,Caen,Montpellier,04/07/2026,1515,0004,1:Miguel Ndiaye:53.54,2:Ulysse Laurent:58.43,3:Pierre Doan:35.18,4:Brenda Kovacs:45.90,5:Emi Park:51.24,6:Rayan Torres:56.23,7:Hana Wagner:41.88,8:Felix Klein:48.71,9:Daiki Dupont:38.60,10:Oceane Boudjema:37.56,11:Kimberly Williams:55.10,12:Minh Le:57.65,13:Kenji Khan:51.94,14:Jian Singh:53.41,15:Nour Wong:56.83,16:David Clark:33.85,17:Javier Dupont:48.94,18:Alessio Haddad:33.54,19:Margaux Khan:40.39,20:Rayan Pham:35.13,21:Minh Rossi:54.73,22:Dylan Rizzo:49.74,23:Imani Fournier:52.11,24:Willow Vo:33.75,25:Orion Davis:43.37,26:Aisha Park:51.94,27:Ryo Chen:38.91,28:Karim Novak:47.92,29:Akira Gomes:53.01,30:Celeste Lee:43.73,31:Karim Zhang:41.10,32:Noah Gallo:40.28,33:Dmitri Vidal:39.10,34:Youssef Almeida:54.69,35:Gabriel Garnier:45.09,36:Zane Klein:54.18,37:Hugo Miller:33.04
6449,Strasbourg,Lille,14/10/2026,1330,2258,1:Fode Doan:32.66,2:Erica Mohamed:49.28,3:Harper Ouattara:36.50,4:Elena Boudjema:46.16,5:Igor Morozov:54.09,6:Ulysse Torres:52.69,7:Austin Thomas:50.51,8:Carmen Wagner:44.41,9:Sofia Davis:38.62,10:Valentine Davis:33.52,11:Malika Richard:44.46,12:Paul Pham:45.62,13:Sofia Diop:47.46,14:Amine Torres:44.38,15:Chen Ziane:55.53,16:Kenza Martinez:53.56,17:Nour Wang:42.26,18:Felix Wagner:55.55,19:Ryan Conti:48.12,20:Kai Park:41.94,21:Zane Durand:35.03,22:Hana Bianchi:52.80,23:Skylar Popov:44.11,24:Jeanne Schmidt:50.31,25:Akira Ferrari:49.98,26:Fiona Greco:50.70,27:Fode Park:34.42,28:Valentine Rodrigues:51.37,29:Dmitri Le:38.00,30:Brenda Zimmermann:46.03,31:Kwame Vidal:40.13
8690,Perpignan,Metz,04/02/2026,2130,0700,1:Emi Pham:47.15,2::,3:Chloe Morozov:57.09,4:Taylor Smith:34.97,5:Imani Bernard:41.49,6:Margaux Durand:35.00,7:Olivia Sousa:46.84,8:Pablo Mohamed:49.17,9:David Ferrari:42.72,10:Fode Faure:,11:Rayan Greco:56.52,12:Hugo Leroy:51.03,13:Zoe Nkosi:56.93,14:Rose Perez:55.68,15:Zane Davis:51.78,16::,17:Simon Fernandez:42.90,18:Sora Silva:45.65,19:Katya Schulz:36.06,20:Li Abebe:48.11,21:Emi Wang:41.37,22:Kofi Pereira:34.51,23:Hazel Tran:58.47,24:Celeste Taylor:36.49,25:Taylor Moreau:35.51,26:Hassan Singh:44.10,27:Camille Santos:44.44,28:Sekou Cherif:34.91,29:Juan Greco:,30:Jian Popov:33.49,31:Driss Laurent:37.85
2022,Saint-Etienne,Toulouse,30/10/2026,2100,0433,1:Sergei Boudjema:58.14,2:Ryan Sanchez:39.88,3:Wei Moreau:49.87,4:Sofia Pham:51.10,5:Kofi Dubois:48.68,6:Lucas Novak:42.48,7:Ryan Rossi:56.23,8:Noah Diop:52.77,9:Hazel Morozov:36.83,10:Margaux Vasiliev:47.66,11:Lian Cruz:45.70,12:Awa Sato:56.90,13:Alice Hussein:55.72,14:Youssef Wagner:35.63,15:Brenda Robert:41.80,16:Minh Ivanov:52.08,17:Zoe Fahmi:49.52,18:Paul Moreau:51.87,19:Taro Ziane:55.30,20:Paul Moussa:42.23,21:Imani Petrov:35.00,22:Alice Dupont:49.06,23:Taylor Moreau:45.92,24:Celeste Taylor:34.80,25:Jeanne Clark:50.66,26:Corey Moreau:50.74,27:Amandine Ziane:51.86,28:Jason Ndiaye:52.69,29:Zoe Nkosi:41.67,30:Sara Khelifi:55.51,31:Kenza Wang:42.85,32:Li Gomes:39.96,33:Chen Cherif:53.28
9902,Rennes,Angers,05/08/2026,2215,0029,1:Igor Moussa:14.27,2:Brenda Rizzo:19.07,3:Jian Robert:21.29,4:Olivia Khelifi:16.06,5:Noah Brown:13.02,6:Hugo Russo:18.38,7:Yara Wong:19.11,8:Elsa Park:17.21,9:Zola Clark:22.44,10:Nala Mohamed:16.24,11:Mei Ali:15.20,12:Sophie Nguyen:12.90,13:Clement Moore:15.61,14:Isabella Sanchez:15.82,15:Louis Haddad:20.10,16::,17:Kenza Perez:18.57,18:Harper Miller:18.64,19:Taylor Durand:13.21,20:Lucas Simon:15.40,21:Sana Vo:19.53,22:Thao Lee:17.53,23::,24:Akira Brown:21.67,25:Camille Popov:16.49,26:Bjorn Esposito:17.70,27:Corey Weber:21.10,28:Adrien Esposito:18.17,29:Leila Hussein:15.73,30:Carmen Perez:22.31,31:Yara Clark:14.26,32:Daiki Dubois:14.44,33:Simon Thomas:17.28
7640,Perpignan,Brest,19/10/2026,1930,0644,1:Nour Russo:36.83,2:Victor Diop:37.63,3:Santiago Perez:52.64,4:Igor Moussa:58.00,5:Natalia Mohamed:52.90,6:Camille Pereira:40.76,7:Nala Mohamed:50.39,8:Sofia Davis:44.44,9:Driss Bernard:47.21,10:Nala Miller:43.17,11:Jian Pham:34.52,12:Karim Ouattara:42.84,13:Carmen Petrov:49.43,14:Imani Rizzo:51.84,15:Erica Abebe:50.16,16:Chen Pereira:54.64,17:Rose Yamamoto:47.23,18:Quentin Fernandez:50.55,19:Ethan Cisse:33.55,20:Carmen Simon:44.39,21:Taro Doan:49.67,22:Mateo Novak:35.63,23:Adrien Conti:39.33,24:Aisha Khan:39.02,25:Kwame Khelifi:39.90,26:Ryan Cherif:47.18,27:Harper Cisse:33.54,28:Fiona Petit:36.67,29:Silas Novak:34.84
1558,Rouen,Nantes,12/12/2026,1445,2012,1:Chloe Brown:30.92,2:Kenza Fahmi:31.03,3:Ulysse Dupont:29.12,4:Sofia Davis:32.91,5:Leila Greco:28.20,6:Quentin Wilson:26.63,7:Thao Tran:29.66,8:Corey Lefevre:38.78,9:Zola Smith:27.07,10:Celeste Lee:44.05,11:Victor Khelifi:40.23,12:Brenda Robert:37.50,13:Aisha Haddad:38.96,14:Karim Weber:44.09,15:Fiona Doan:29.04,16:Bilal Clark:39.00,17:Aicha Rizzo:26.72,18:Gabriel Bernard:45.32,19:Paul Chen:40.27,20:Tristan Durand:37.43,21:Kenza Chen:33.40,22:Camille Popov:36.01,23:Austin Nkosi:29.29,24:Chloe Russo:35.47,25:Lian Oliveira:34.34,26:Javier Sato:35.19
6330,Toulouse,Metz,12/12/2026,0645,1516,1:Malika Le:35.21,2:Javier Brown:35.25,3:Ulysse Johnson:44.87,4:Eloise Popov:46.37,5:Sophie Ouattara:40.53,6:Mei Dupont:53.72,7:Aicha Robert:42.53,8:Taro Gallo:36.53,9:Mehdi Zhang:36.87,10:Valentine Bianchi:37.77,11:Madison Santos:43.49,12:Simon Vidal:37.58,13:Simon Wilson:36.38,14:Emi Schulz:36.71,15:Kimberly Schmidt:43.16,16:Finn Davis:33.77,17:Chloe Durand:46.05,18:Jeanne Haddad:38.85,19:Zane Bernard:48.08,20:Valentine Khelifi:33.70,21:Fiona Doan:41.75,22:Katya Khelifi:54.50,23:Hana Williams:58.20,24:Zane Klein:40.48,25:Skylar Rossi:45.81,26:Sekou Ahmed:,27:Nicolas Ferrari:51.67,28:Louis Park:32.72,29:Sergei Ribeiro:44.27,30:Lea Michel:37.16,31:Yara Rodrigues:32.90
5686,Angers,Lille,30/10/2026,0630,1244,1:Baptiste Rizzo:53.32,2:Jeanne Tanaka:42.32,3:Dylan Popov:32.45,4:Alice Alves:33.57,5:Youssef Lopez:42.79,6:Camille Moreau:43.77,7:Harper Ouattara:41.53,8:Arthur Abebe:34.09,9:Pierre Liu:34.70,10:Sophie Cruz:30.46,11:Clement Lee:44.80,12:Jason Cruz:31.78,13:Jules Cherif:48.26,14:Dmitri Russo:30.28,15:Driss Suzuki:46.31,16:Simon Garnier:30.85,17:Zachary Moussa:49.06,18:Ulysse Torres:44.12,19:Finn Weber:49.73,20:Ethan Zhang:49.89,21:Paul Sanchez:40.81,22:Chen Sanchez:34.65,23:Sekou Greco:31.54,24:Manon Silva:32.53,25:Jackson Martinez:32.93,26:Kimberly Huang:37.07,27:Kofi Muller:50.16,28:Fode Almeida:46.38,29:Kenza Weber:52.81,30:Lucas Cherif:29.98
3312,Saint-Etienne,Perpignan,22/07/2026,2045,0513,1:Ryo Sanchez:57.94,2:Igor Cisse:33.79,3:Zane Davis:57.82,4:Minh Chen:55.76,5:Valentine Chung:57.44,6:Jian Pham:54.02,7:Daiki Bianchi:36.30,8:Sara Fahmi:32.61,9:Elsa Garnier:35.55,10:Jeanne Clark:53.35,11:Erica Cruz:37.90,12:Olivia Lefevre:41.32,13:Amandine Ribeiro:52.59,14:Pierre Rodriguez:40.08,15:Paul Diop:56.01,16:Pablo Garcia:40.37,17:Akira Brown:55.21
5379,Dijon,Grenoble,30/09/2026,,1449,1:Li Dubois:17.29,2:Aki Tran:23.09,3:Sekou Moreau:15.36,4:Brenda Ouattara:16.67,5:Sofia Chen:24.48,6:Clement Ivanov:22.11,7:Sara Kuznetsov:20.41,8:Rose Thomas:19.38,9:Camille Alves:24.67,10:Lian Cruz:15.13,11:Alessio Schulz:25.00,12:Jian Garcia:19.48,13:Rose Robert:20.32,14:Madison Moussa:21.16,15:Dylan Petrov:18.45,16:Quentin Novak:22.50,17:Amandine Ziane:26.36,18:Amandine Ribeiro:20.29,19:Alessio Ouattara:16.48,20:Igor Morozov:19.71,21:Samira Ramirez:21.17,22:Imani Schmidt:20.54,23:Lucia Klein:26.09,24:Malika Vasiliev:22.82,25:Ryo Rizzo:17.33,26:Bilal Sokolov:20.41,27:Alessio Almeida:23.97,28:Corey Moreau:26.77,29:Javier Zimmermann:17.24,30:Amandine Perez:25.24,31:Taro Gallo:26.53,32:Louis Kim:17.10
1396,Nantes,La Rochelle,02/08/2026,0830,1156,1:Eloise Oliveira:19.91,2:Wei Ribeiro:20.37,3:Sofia Klein:19.25,4:Finn Diallo:21.67,5:Emi Park:18.49,6:Victor Singh:18.15,7:Kenza Khelifi:18.56,8:Igor Moussa:26.31,9:Bilal Mohamed:22.56,10:Paul Muller:25.24
1322,Strasbourg,Nantes,19/10/2026,1915,0827,1:Dylan Petit:57.84,2:Silas Novak:49.01,3:Willow Popov:54.08,4:Olivia Morozov:57.80,5:Erica Sato:48.52,6:Alessio Ferrari:51.82,7:Juan Morozov:34.91,8:Corey Michel:53.40,9:Farah Boudjema:53.10,10:Li Dubois:47.77,11:Alice Park:55.20,12:Emma Pham:44.97,13:Santiago Khan:56.31,14:Willow Taylor:54.53,15:Hugo Diallo:53.20,16:Kenza Vidal:37.94,17:Aicha Kowalski:40.03,18:Liam Rodriguez:48.06,19:Leila Wilson:58.49,20:Sora Silva:43.01,21:Sara Fahmi:36.27,22:Quentin Roux:53.22,23:Awa Kuznetsov:49.31,24:Akira Martin:57.18,25:Leila Dupont:42.25,26:Louis Singh:48.29,27:Baptiste Pham:33.20,28:Rose Sato:46.35
9319,Brest,Caen,21/12/2026,2215,0336,1:Minh Rizzo:27.29,2:Fode Dubois:32.18,3:Manon Nkosi:33.12,4:Alessio Schulz:33.56,5:Dmitri Hussein:25.08,6:Valentine Durand:25.58,7:Erica Vo:38.41,8:Eloise Suzuki:24.80,9:Akira Fournier:33.19,10:Rose Martin:22.94,11:Miguel Dupont:36.15,12:Lucas Doan:38.83,13:Kenza Pereira:34.20,14:Igor Cherif:23.32,15:Austin Haddad:27.59,16:Kai Nguyen:26.64,17:Quentin Fernandez:24.82,18:Ulysse Morozov:38.74,19:Zola Schmidt:27.62,20:Yara Kovacs:24.56,21:Madison Diop:31.25,22:Theo Yamamoto:31.60,23:Nicolas Bernard:26.19,24:Bjorn Moore:32.74,25:Dmitri Lee:32.18,26:Samira Wong:37.41,27:Ricardo Dubois:36.65,28:Kenji Cherif:29.53,29:Emma Almeida:37.73,30:Youssef Wagner:36.03,31:Felix Yamamoto:29.21,32:Lucia Rodriguez:29.82,33:Omar Lee:32.57,34:Mateo Fernandez:39.01,35:Alice Torres:36.18,36:Eloise Schulz:39.99,37:Malika Vasiliev:29.19,38:Sara Kuznetsov:30.88,39:Victor Khelifi:34.88,40:Skylar Novak:33.02,41:Kofi Pereira:36.92
4893,Tours,Metz,10/09/2026,1045,2029,1:Kai Bianchi:42.41,2:Austin Wang:41.74,3:Elsa Rodriguez:47.03,4:Corey Robert:56.75,5:Malika Vasiliev:39.86,6:Youssef Simon:54.63,7:Amandine Ribeiro:43.15,8:Baptiste Benali:57.23,9:Javier Brown:57.72,10:Mei Ali:38.20,11:Chau Weber:46.39,12:Sana Vo:48.50,13:Elena Richard:35.03,14:Leila Ndiaye:58.22,15:Maria Tran:37.82,16:Maria Torres:36.03,17:Jeanne Kovacs:39.79,18:Eloise Wilson:44.57,19:Paul Ahmed:56.54,20:Jackson Wang:55.48,21:Zane Suzuki:46.10,22:Hana Pereira:34.27,23:Margaux Chen:47.52,24:Aisha Ali:36.40,25:Rayan Rodriguez:52.20,26:Theo Le:50.16,27:Karim Faure:54.51,28:Li Oliveira:39.09,29:Elsa Martin:49.13,30:Lucia Mohamed:56.89,31:Akira Ferrari:34.62
2739,Paris,Strasbourg,14/03/2026,,0844,1:Amandine Haddad:56.94,2:Dylan Ouattara:46.72,3:Baptiste Benali:41.39,4:Taro Gallo:33.74,5:Ricardo Rodriguez:35.42,6:Willow Abebe:45.82,7:Kenji Khan:44.30,8:Zola Cherif:54.00,9:Romain Schulz:35.88,10:Nala Sanchez:38.96,11:Valentine Huang:56.36,12:Nicolas Greco:52.72,13:Nour Cruz:52.41,14:Olivia Ivanov:51.05,15:Pierre Thomas:47.13,16:Noah Ramirez:41.98,17:Igor Muller:37.49,18:Quentin Roux:47.74,19:Thao Moreau:53.29,20:Kenza Ferrari:43.78,21:Sara Petit:39.70,22:Taylor Moore:32.86,23:Ulysse Wang:43.02,24:Rose Perez:38.82,25:Quentin Wilson:45.15,26:Sekou Moreau:53.41,27:Malika Taylor:41.86,28:Chau Ivanov:54.72,29:Chloe Fernandez:37.48,30:Zola Williams:54.03,31:Sophie Gomez:45.13,32:Sana Kovacs:36.20,33:Ethan Liu:46.58,34:Elsa Kim:50.21,35:Olivia Wong:57.56,36:Sonia Michel:49.63,37:Lian Sokolov:53.92,38:Orion Simon:41.51,39:Taylor Wong:36.82,40:Samira Khelifi:32.56,41:David Gomez:56.75,42:Elena Liu:46.33,43:Mateo Novak:39.78,44:Hana Williams:37.53,45:Bjorn Sato:39.17
1071,Montpellier,Bordeaux,19/04/2026,1715,0206,1:Erica Sanchez:38.13,2:Clement Sato:36.95,3:Miguel Yamamoto:36.72,4:Camille Fahmi:58.18,5:Kenji Russo:35.71,6:Louis Sanchez:53.29,7:Isabella Novak:48.46,8:Emi Lee:41.45,9:Liam Santos:48.77,10:Lucas Suzuki:37.75,11:Minh Rizzo:34.80
7650,Perpignan,Toulouse,06/12/2026,1900,2246,1:Miguel Greco:28.71,2:Pierre Diallo:23.55,3:Karim Zhang:25.20,4:Farah Le:20.13,5:Bjorn Esposito:26.19,6:Samira Wong:19.24,7:Alessio Schulz:20.89,8:Simon Ahmed:19.04,9:Hugo Leroy:29.58,10:Karim Fahmi:22.63,11:Thao Ndiaye:26.47,12:Isabella Ziane:26.57,13:Brenda Robert:24.26,14:Kenza Chen:17.96,15:Santiago Robert:21.64,16:Kenji Zimmermann:20.02,17:Lea Wilson:25.50,18:Jian Ramirez:21.60,19:Celeste Park:27.32,20:Camille Tran:28.29,21:Elena Richard:27.03,22:Nour Wong:22.04,23:Sophie Clark:28.49,24:Tristan Diop:28.68,25:Pablo Garcia:17.82,26:Ricardo Alves:27.31,27:Gabriel Schmidt:21.05,28:Malika Moore:25.43,29:Chau Le:28.58,30:Natalia Klein:27.38,31:Felix Zimmermann:24.36,32:Taro Clark:18.33,33:Adrien Moore:28.62,34:Finn Wilson:25.85,35:Maria Traore:20.49,36:Tristan Ivanov:17.33,37:Ines Kovacs:22.80,38:Lian Lee:18.62,39:Chloe Traore:21.13,40:Olivia Lefevre:19.34,41:Samira Morozov:27.65,42:Ines Schulz:19.87,43:Pierre Moussa:27.62,44:Gabriel Rodrigues:18.10,45:Yara Kovacs:23.36,46:Erica Singh:20.14,47:Corey Taylor:24.40,48:Kenza Khelifi:20.55,49:Javier Sato:26.45
3728,Tours,Limoges,07/03/2026,1045,1443,1:Malika Robert:23.44,2:Samira Morozov:25.91,3:Elena Gomes:19.60,4:Liam Rodriguez:19.77,5:Wei Haddad:26.01,6:Wei Schulz:23.21,7:Ulysse Johnson:20.53,8:Hugo Tran:29.38,9:Ines Le:23.66,10:Hazel Singh:30.91,11:Miguel Pereira:25.57,12:Amandine Perez:31.70,13:Ryan Morozov:30.08,14:Oceane Boudjema:32.00,15:Aki Rodriguez:26.70,16:Maria Torres:30.21,17:Katya Bruno:27.13,18:Igor Alves:24.54,19:Jules Martin:24.55,20:Elena Ziane:22.23,21:Lea Sato:29.71,22:Kai Liu:23.87,23:Nour Morozov:18.88,24:Silas Moussa:30.46,25:Maria Sylla:18.14,26:Samira Bianchi:26.89,27:Harper Miller:19.05,28:Paul Pham:21.40,29:Amine Weber:18.48,30:Kenji Zimmermann:26.08,31:Alessio Oliveira:30.69
6416,Limoges,Montpellier,05/11/2026,1830,0013,1:Lucas Klein:38.95,2:Dylan Petrov:31.97,3:Sofia Ramirez:36.74,4:Jeanne Taylor:31.02,5:Eloise Miller:32.28,6:Sana Smith:40.06,7:Maria Roux:33.32,8:Nala Esposito:44.51,9:Taro Doan:42.44,10:Omar Lopez:27.59,11:Imani Moussa:30.39,12:Jackson Kuznetsov:43.28,13:Santiago Robert:35.76,14:Hassan Martin:29.92,15:Miguel Dupont:34.68,16:Skylar Ribeiro:42.10,17:Minh Rossi:45.77,18:Willow Rossi:26.40,19:Jian Lopez:29.21,20:Amine Rizzo:28.11,21:Juan Miller:41.54,22:Akira Petit:34.31,23:Celeste Fournier:37.38,24:Imani Diallo:41.94,25:Kenza Taylor:40.21
8688,Reims,Tours,19/03/2026,0930,1801,1:Mei Liu:38.04,2:Awa Doan:46.11,3:Amine Rossi:45.90,4:Alice Tanaka:56.12,5:Isabella Lopez:45.69,6:Yumi Russo:37.58,7:Brenda Le:47.76,8:Elsa Martin:35.73,9:Adrien Vo:34.18,10:Madison Zhang:51.53,11:Rayan Conti:38.48,12:Willow Cruz:50.98,13:Chen Pereira:46.45,14:Javier Davis:50.83,15:Baptiste Alves:45.39,16:Liam Yamamoto:44.11,17:Rayan Perez:34.50,18:Madison Santos:34.43,19:Yasmine Esposito:42.33,20:Manon Dupont:32.55,21:Isabella Clark:38.18,22:Mateo Huang:34.13,23:Yasmine Boudjema:47.71,24:Sara Martinez:39.39,25:Rose Miller:53.41,26:Simon Garnier:43.35,27:Isabella Popov:34.25,28:Louis Rossi:33.51,29:Elena Laurent:45.03,30:Amandine Perez:50.40,31:Harper Vasiliev:43.21,32:Karim Fahmi:38.33,33:Emma Cherif:52.22
3738,Limoges,Nice,06/11/2026,1345,2319,1:Mei Kovacs:42.25,2:Pierre Traore:58.06,3:Ethan Roux:36.71,4:Sophie Benali:34.86,5:Manon Dupont:44.75,6:Ricardo Martinez:36.27,7:Thao Moreau:37.24,8:Dylan Petrov:39.76,9:Corey Weber:36.61,10:Nicolas Gomes:47.06,11:Amandine Wilson:46.51,12:Margaux Garnier:50.24,13:Zane Zhang:38.60,14:Liam Alves:37.60,15:Jeanne Petrov:40.59,16:Jian Ramirez:33.49,17:Javier Petrov:48.05,18:Sora Garnier:43.59,19:Orion Russo:56.13,20:Arthur Gomes:43.22,21:Santiago Perez:48.74,22:Theo Ferrari:36.11,23:Aicha Robert:40.97,24:Aicha Garnier:56.19,25:Oceane Singh:55.88,26:Zoe Leroy:36.48,27:Sara Khan:57.90,28:Imani Fournier:43.62,29:Samira Gomes:57.52
5577,Grenoble,Saint-Etienne,01/02/2026,0900,1218,1:Sophie Vidal:21.96,2:Li Gomez:29.13,3:Li Gomes:30.46,4:Valentine Smith:25.17,5:Finn Miller:26.20,6:Ryan Benali:21.82,7:Miguel Clark:18.70,8:Minh Rizzo:17.47,9:Omar Doan:23.29,10:Kai Bianchi:27.21,11:Jules Liu:23.01,12:Driss Conti:21.10,13:Gabriel Rodrigues:24.96,14:Rayan Perez:20.01,15:Pierre Diallo:28.51,16:Lian Traore:22.49,17:Brenda Ouattara:25.95,18:Sophie Ouattara:29.01,19:Hazel Lefevre:20.75,20:Tristan Ivanov:24.40,21:Corey Ivanov:22.56,22:Silas Davis:28.16,23:Zachary Chung:25.40,24:Yumi Wilson:22.62,25:Carmen Fernandez:27.47,26:Aisha Park:21.22,27:Jason Yamamoto:25.14,28:Chloe Novak:23.06,29:Thao Ndiaye:18.44,30:Zachary Gomes:20.90,31:Nour Tran:23.86,32:Noah Hussein:23.49,33:Celeste Muller:26.40,34:Leila Khan:29.38,35:Oceane Lee:25.98,36:Nour Singh:27.75,37:Mateo Schulz:30.22,38:Harper Rizzo:29.41,39:Katya Gallo:31.05,40:Ethan Ouattara:27.44,41:Igor Chen:30.45
2185,Marseille,Limoges,02/03/2026,1945,0110,1:Sekou Fournier:25.54,2:Daiki Dubois:27.43,3:Nala Esposito:28.06,4:Jian Ali:23.19,5:Rayan Novak:35.66,6:Rayan Rodriguez:31.28,7:Finn Cisse:23.34,8:Chloe Ferrari:28.54,9:Sana Vo:28.34,10:Zane Johnson:30.88,11:Taro Wilson:34.49,12:Camille Ramirez:35.81,13:Imani Singh:40.23,14:Aki Rodriguez:38.28,15:Zoe Chen:32.63,16:Adrien Laurent:34.62,17:Hugo Russo:38.87,18:Driss Chung:27.31,19:Rayan Greco:31.23,20:Yara Kovacs:28.99,21:Mehdi Zhang:28.14,22:Liam Fernandez:36.56,23:Wei Moreau:28.29,24:Javier Haddad:36.60,25:Kofi Williams:32.09,26:Youssef Conti:27.94,27:Amandine Cisse:35.90,28:Omar Lopez:36.01,29:Pierre Rodriguez:34.38,30:Sana Martin:22.54,31:Leila Hussein:30.45,32:Ryan Sanchez:27.94,33:Kenza Ferrari:30.40,34:Dmitri Klein:39.88,35:Karim Petrov:32.69,36:Lea Sokolov:32.19,37:Rose Novak:29.62,38:Tristan Durand:26.09,39:Natalia Martinez:25.03,40:Emi Schulz:36.75,41:Corey Michel:26.08,42:Ulysse Lopez:22.76,43:Zoe Popov:37.44,44:Fode Faure:34.89,45:Harper Ndiaye:34.08,46:Fode Boudjema:31.42,47:Hassan Singh:30.65
3927,Nantes,Reims,17/12/2026,0745,1737,1:Nicolas Ouattara:46.19,2:Yumi Chen:55.42,3:Corey Laurent:50.36,4:Lea Wilson:32.67,5:Natalia Wong:35.72,6:Kimberly Diop:51.00,7:Juan Roux:42.60,8:Clement Fernandez:40.45,9:Lian Cherif:38.20,10:Mateo Huang:45.10,11:Santiago Sousa:50.36,12:Lucia Vo:38.55,13:Alessio Wong:33.21,14:Aki Cisse:49.58,15:Arthur Sousa:49.60,16:Pierre Garnier:53.34,17:Felix Cisse:41.24,18:Austin Chen:53.51,19:Lea Leroy:48.99,20:Jian Ramirez:46.27,21:Zola Clark:54.36,22:Kenza Taylor:54.09,23:Rose Yamamoto:56.19,24:Daiki Smith:46.29,25:Aicha Garnier:36.24,26:Samira Huang:41.73,27:Leila Ndiaye:37.57,28:Celeste Park:47.78,29:Romain Diallo:55.02,30:Elena Diop:43.61,31:Valentine Bianchi:40.49,32:Mei Liu:56.34,33:Mehdi Schmidt:35.20,34:Celeste Chung:57.29,35:Rose Moussa:33.97,36:David Cherif:38.62,37:Adrien Garnier:42.68,38:Pierre Moussa:35.97,39:Sonia Dupont:33.01,40:Juan Greco:50.61,41:Fiona Doan:56.93,42:Mei Ahmed:53.11
9702,Nice,Nantes,19/08/2026,2130,0953,1:Jeanne Taylor:38.05,2:Madison Tran:54.51,3:Chloe Lefevre:36.59,4:Chau Weber:44.68,5:Mehdi Benali:55.95,6:Ryan Sanchez:55.83,7:Rayan Pham:45.28,8:Amine Novak:35.78,9:Simon Yamamoto:37.45,10:Ryan Benali:44.04,11:Eloise Khan:34.92,12:Alessio Schulz:52.20,13:Simon Chen:45.41,14:Miguel Yamamoto:47.42,15:Rose Haddad:45.15,16:Li Faure:58.11,17:Rose Schmidt:38.03,18:Maria Petrov:33.17
8708,Saint-Etienne,Paris,09/03/2026,0900,1446,1:Juan Fernandez:42.69,2:Miguel Boudjema:35.48,3:Kenza Bernard:44.82,4:Mei Diallo:33.49,5:Igor Park:30.48,6:Elsa Kim:35.99,7:Nour Wong:43.59,8:Zola Martin:39.48,9:Baptiste Rodriguez:42.93,10:Felix Zimmermann:45.03,11:Wei Lopez:30.01,12:Santiago Huang:36.98,13:Ryan Vidal:33.12,14:Thao Lee:37.26,15:Zola Garcia:38.81,16:Jules Park:42.06,17:Sofia Pham:42.50,18:Fode Yamamoto:35.83,19:Fode Boudjema:27.20,20:Taylor Moore:37.93,21:Lian Cruz:27.23,22:Austin Haddad:29.39,23:Rose Miller:41.18,24:Amine Leroy:32.17,25:Kai Doan:34.17,26:Akira Petit:37.74
9915,Saint-Etienne,Strasbourg,02/04/2026,1515,2054,1:Miguel Diop:38.33,2:Romain Michel:41.97,3:Erica Morozov:31.95,4:Gabriel Cherif:23.92,5:Sekou Bianchi:30.26,6:Malika Martin:26.04,7:Bjorn Lefevre:27.71,8:Sana Durand:27.47,9:Nala Conti:28.71,10:Amandine Chung:29.91,11:Kenza Fahmi:29.56,12:Aicha Wong:24.61,13:Chloe Kim:27.31,14:Li Zhang:33.49,15:Li Le:26.42,16:Akira Wang:34.15,17:Nour Wong:34.62,18:Willow Tanaka:42.15,19:Mateo Brown:35.83,20:Katya Singh:31.42,21:Adrien Chung:33.92,22:Sonia Huang:27.07,23:Ulysse Dupont:33.17,24:Mei Ali:34.23,25:Rose Moussa:32.93,26:Rose Vasiliev:42.20,27:Ryo Simon:39.69,28:Sophie Nguyen:28.83,29:Kofi Dubois:29.05
8821,Le Mans,Metz,31/08/2026,2100,,1:Santiago Robert:56.74,2:Theo Silva:43.91,3:Nicolas Wong:45.08,4:Farah Thomas:43.72,5:Lucas Oliveira:55.66,6:Awa Kuznetsov:45.47,7:Juan Sokolov:51.15,8:Simon Fernandez:41.77,9:Leila Hussein:33.72,10:Li Benali:58.41,11:Felix Zimmermann:36.16,12:Nour Rodrigues:57.62,13:Kenza Vidal:46.15,14:Manon Nkosi:35.46,15:Taro Wilson:48.77,16:Lucia Diop:50.83,17:Aki Faure:42.00,18:Santiago Khan:46.17,19:Sana Lee:48.90,20:Quentin Roux:34.58,21:Katya Bianchi:33.18,22:Hugo Martin:56.23,23:Felix Taylor:33.37,24:Paul Ahmed:49.45,25:Ulysse Laurent:45.24,26:Leila Johnson:47.88,27:Manon Zimmermann:50.64,28:Sergei Ribeiro:33.32,29:Minh Ivanov:54.29,30:Zoe Greco:40.28,31:Ryo Simon:47.52,32:Sora Michel:40.13,33:Sora Wagner:54.13,34:Erica Vo:36.66
8833,Saint-Etienne,Dijon,09/08/2026,,1651,1:Lea Leroy:13.72,2:Maria Roux:16.87,3:Malika Suzuki:17.43,4:Karim Fahmi:20.75,5:Elena Lopez:15.30,6:Bilal Cruz:20.71,7:Jeanne Ahmed:22.23,8:Chloe Kim:18.40,9:Emi Schulz:13.15,10:Amandine Cisse:19.47,11:Santiago Clark:14.20,12:Malika Moore:20.98,13:Silas Miller:19.47,14:Miguel Diop:18.90,15:Emma Brown:16.62,16:Zane Morozov:19.38,17:Alessio Lopez:19.95,18:Manon Novak:18.10,19:Nour Smith:15.00,20:Sekou Yamamoto:15.76,21:Manon Nkosi:20.35,22:Hana Klein:15.64,23:Sofia Sousa:16.45,24:Brenda Rizzo:14.85,25:Igor Almeida:18.37,26:Corey Yamamoto:16.09,27:Aki Rodriguez:20.50,28:Gabriel Park:21.84,29:Dylan Petrov:12.81,30:Jeanne Clark:18.21,31:Rose Novak:20.96,32:Simon Brown:16.22,33:Nour Wong:21.32,34:Austin Greco:18.66,35:Kenza Garnier:16.63,36:Hugo Robert:20.93,37:Pierre Diallo:18.38,38:Lea Suzuki:20.94,39:Zachary Thomas:21.58,40:Samira Morozov:18.63,41:Yumi Zimmermann:22.17,42:Awa Suzuki:18.76,43:Skylar Popov:14.13,44:Chau Huang:21.29
6477,Le Mans,Caen,16/10/2026,1615,2008,1:Chau Ali:29.64,2:Jian Garcia:29.30,3:Celeste Bianchi:30.60,4:Harper Ferrari:30.71,5:Sekou Greco:24.99,6:Emi Johnson:25.19,7:Baptiste Johnson:27.66,8:Emma Vidal:32.95,9:Olivia Kuznetsov:29.38,10:Nicolas Sanchez:33.31,11:Driss Kuznetsov:26.44,12:Simon Ndiaye:29.41,13:Emi Wagner:31.40,14:Imani Chen:29.77,15:Chen Robert:20.51,16:Valentine Oliveira:30.72,17:Pierre Morozov:29.37,18:Corey Ramirez:18.53,19:Baptiste Schmidt:19.06,20:Mehdi Ali:20.82,21:Igor Almeida:33.30,22:Fiona Simon:29.19,23:Silas Ribeiro:29.08,24:Sophie Ali:25.10,25:Lucas Fernandez:21.34,26:Gabriel Fahmi:27.44,27:Chloe Laurent:22.70,28:Minh Rizzo:26.91,29:Nicolas Greco:29.68
8311,Metz,Tours,12/10/2026,1945,0522,1:Emma Almeida:49.33,2::,3:Chen Sanchez:,4:Hazel Morozov:49.64,5:Madison Sylla:40.19,6:Elsa Ali:33.32,7:Emma Taylor:53.47,8:Clement Moore:43.78,9:Liam Fernandez:48.02,10:Amandine Fahmi:,11:Theo Ferrari:48.73,12::,13:Romain Wong:45.55,14:Manon Gomez:39.08,15:Jackson Kuznetsov:51.58,16:Romain Haddad:43.11,17:Paul Sanchez:42.58,18::,19:Louis Ndiaye:36.78,20:Sofia Chen:47.87,21::,22:Chau Almeida:46.04,23:Sergei Sokolov:49.54,24:Chen Cherif:42.04,25:Miguel Yamamoto:40.06,26:Silas Klein:34.36,27:Lucia Klein:33.61,28:Pierre Lee:40.00,29:Celeste Ramirez:41.44,30:Kenji Khan:41.72,31::
4032,Dijon,La Rochelle,17/08/2026,2030,0425,1:Liam Rodriguez:49.41,2:Samira Russo:54.98,3:Pierre Traore:51.51,4:Sekou Ahmed:34.25,5:Katya Singh:50.56,6:Sergei Rossi:43.34,7:Romain Wong:43.96,8:Driss Almeida:36.55,9:Oceane Huang:33.31,10:Sara Tran:42.16,11:Hazel Fernandez:55.92,12:Jules Miller:47.37,13:Imani Fournier:36.02,14:Gabriel Ouattara:51.78,15:Nicolas Ouattara:42.00,16:Ines Kovacs:43.72,17:Hugo Novak:51.33,18:Zachary Moussa:36.36,19:Katya Almeida:33.42,20:Nicolas Khelifi:36.24,21:Celeste Taylor:46.80,22:Orion Laurent:40.22,23:Jackson Martinez:43.47,24:Gabriel Bernard:45.32,25:Madison Diop:57.14,26:Jules Lopez:51.76,27:Fode Perez:54.92,28:Corey Gallo:43.33,29:Quentin Fernandez:42.59,30:Willow Kim:50.01,31:Carmen Miller:50.11,32:Malika Richard:51.43,33:Louis Clark:56.36,34:Yara Kovacs:46.97
5249,Reims,Grenoble,26/06/2026,0745,1125,1:Imani Dupont:24.82,2:Alessio Boudjema:24.33,3:Oceane Almeida:22.72,4:Lucia Esposito:17.76,5:Javier Wang:24.29,6:Celeste Bianchi:23.97,7:Ryo Esposito:23.56,8:Theo Tanaka:24.08,9:Margaux Dupont:18.24,10:Ricardo Rodriguez:15.63,11:Aicha Vo:16.03,12:Santiago Perez:20.68,13:Fode Diallo:22.36,14:Nour Wong:17.88,15:Farah Almeida:25.72,16:Olivia Thomas:25.90,17:Erica Sanchez:15.98,18:Elsa Singh:23.10,19:Valentine Sato:25.18,20:Oceane Bruno:24.58,21:Madison Muller:17.00,22:Arthur Abebe:27.58,23:Ricardo Cisse:18.15,24:Dmitri Hussein:16.08,25:Amine Rizzo:23.75,26:Igor Cisse:20.61,27:Malika Moore:19.32,28:Alice Doan:21.52,29:Igor Cherif:16.02,30:Jules Mohamed:21.72,31:Daiki Moussa:24.43,32:Kenji Weber:25.68,33:Rose Garcia:22.81,34:Rose Miller:17.41
7385,Clermont-Ferrand,Angers,31/12/2026,1045,1621,1:Juan Roux:28.51,2:Lea Tran:30.22,3:Pierre Moussa:31.36,4:Paul Pereira:37.57,5:Yara Oliveira:43.49,6:Chau Bianchi:38.10,7:Sophie Taylor:31.66,8:Karim Zhang:43.76,9:Jeanne Petit:42.17,10:Skylar Richard:28.76,11:Brenda Kovacs:33.89,12:Madison Sylla:27.99,13:Ethan Ouattara:27.44,14:Kenji Zimmermann:44.98,15:Youssef Ziane:34.73,16:Leila Roux:27.67,17:Akira Torres:27.32,18:Gabriel Ouattara:44.09,19:Fode Doan:39.89,20:Ryan Khelifi:42.07,21:Olivia Ribeiro:38.78,22:Willow Ali:33.79,23:Celeste Bianchi:35.25,24:Zachary Thomas:33.73,25:Madison Santos:28.67,26:Quentin Ali:25.72
5507,Grenoble,Lyon,10/11/2026,1245,1602,1:Aisha Ali:24.63,2:Malika Martin:22.73,3:Amine Rossi:23.14,4:Ethan Brown:25.06,5:Quentin Greco:23.07,6:Jeanne Russo:19.28,7:Aki Ivanov:22.39,8:Willow Mohamed:25.20,9:Mei Ahmed:26.76,10:Arthur Wong:24.72,11:Zola Johnson:25.93,12:Imani Dupont:25.75,13:Driss Thomas:24.84,14:Elena Lopez:16.97,15:Hassan Rodriguez:25.24,16:Carmen Petrov:25.79,17:Hugo Wilson:21.18,18:Arthur Ivanov:22.46,19:Kai Bianchi:22.60,20:Maria Roux:19.65,21:Zoe Leroy:22.43,22:Zane Fernandez:24.90,23:Kwame Smith:24.87,24:Zola Smith:16.50,25:Karim Sanchez:17.07,26:Sophie Chung:18.68,27:Sara Rodrigues:17.29,28:Imani Ali:20.19,29:Valentine Rizzo:22.51,30:Dmitri Hussein:16.79,31:Youssef Ziane:17.36,32:Jeanne Clark:26.83
7322,Limoges,Dijon,21/12/2026,1545,2230,1:Simon Garcia:43.65,2:Sora Weber:49.13,3::,4:Kenji Leroy:40.30,5:Pablo Garcia:31.70,6:Bilal Clark:50.89,7:Imani Schmidt:54.66,8:Miguel Dupont:42.76,9:Miguel Sylla:34.94,10:Clement Sato:47.81,11:Alice Torres:,12:Natalia Davis:50.08,13:Hassan Pham:44.24,14:Bilal Sokolov:52.98,15:Yasmine Pereira:53.05,16:Elsa Martin:38.88,17:Mei Ali:49.57,18:Adrien Esposito:50.59,19:Hassan Singh:54.91,20:Eloise Suzuki:50.36,21:Fode Wang:36.27,22::,23:Sana Kovacs:48.33,24::,25:Ethan Bianchi:56.19,26:Elsa Conti:46.19,27:Hassan Liu:48.90,28:Emma Nguyen:54.56,29:Minh Gomes:48.86
4702,Nice,Nantes,09/12/2026,0830,2241,1:Minh Doan:47.86,2:Mateo Laurent:33.88,3:Maria Durand:40.29,4:Aki Tran:49.49,5:Farah Wilson:46.11,6:Pierre Gallo:56.29,7:Sophie Tran:52.59,8:Noah Vo:54.09,9:Youssef Simon:36.70,10:Romain Zimmermann:35.08,11:Romain Michel:36.25,12:Simon Le:35.84,13:Sergei Ribeiro:57.11,14:Dmitri Russo:39.40,15:Youssef Abebe:50.06,16:Bilal Thomas:38.75,17:Nala Le:42.09,18:Theo Gomes:55.63,19:Hugo Leroy:46.93,20:Amandine Robert:37.88,21:Sana Ali:34.78,22:Yumi Nkosi:40.77,23:Finn Weber:35.65,24:Youssef Ramirez:45.87,25:Minh Chen:48.53,26:Manon Popov:56.79,27:Driss Bernard:51.41,28:Nicolas Kowalski:43.01,29:Elsa Suzuki:56.03,30:Eloise Weber:51.74,31:Chau Almeida:34.80,32:Chloe Conti:47.59,33:Miguel Sylla:42.76,34:Samira Bianchi:39.30,35:Bjorn Thomas:53.70,36:Pablo Martinez:38.54,37:Chloe Ferrari:48.55,38:Hana Silva:54.15,39:Quentin Santos:57.96,40:Dylan Popov:56.46,41:Isabella Clark:48.20,42:Manon Perez:53.54
1119,Marseille,Lille,12/08/2026,0800,1746,1:Isabella Durand:53.26,2:Imani Ali:,3:Clement Ivanov:39.09,4:Zachary Zimmermann:37.14,5:Katya Gallo:53.84,6:Harper Ferrari:53.75,7:Noah Vo:53.25,8:Lucas Almeida:56.80,9::,10:Ethan Ouattara:42.23,11:Bilal Ivanov:41.62,12:Chloe Durand:,13:Adrien Vo:49.67,14:Kenji Rizzo:58.30,15:Felix Zimmermann:46.92,16:Erica Abebe:43.48,17:Ines Kovacs:49.47,18:Elena Laurent:39.37,19:Pablo Wang:43.58,20:Emma Pham:56.31,21:Brenda Robert:41.66,22:Jeanne Schmidt:48.82,23:Romain Sylla:44.66,24:Driss Greco:44.86,25:Jackson Kim:42.13,26:Pierre Cruz:44.90,27:Sora Garnier:49.22,28:Felix Ali:52.98,29:Karim Sanchez:35.34,30:Wei Chung:53.09,31:Lucia Rodriguez:52.61,32:Sekou Haddad:53.01,33:Zoe Dubois:51.47,34:Kofi Martin:44.66,35:Elsa Ali:,36:Dylan Popov:33.29,37:Pierre Traore:54.89,38:Chloe Traore:,39:Ryo Rizzo:57.46,40:Kenza Kim:33.23,41:Amandine Pham:33.00,42:Minh Novak:52.91,43:Emi Cisse:49.24,44:Jules Lopez:,45:Youssef Chung:46.67,46::,47:Malika Nguyen:57.02,48:Taro Pham:35.44,49:Baptiste Pham:56.71,50:Youssef Schmidt:39.55,51:Camille Ramirez:50.33,52:Youssef Conti:34.14,53:Sana Smith:35.12,54:Austin Doan:35.58,55:Mei Ferrari:49.69
9401,Rouen,Toulouse,09/07/2026,1615,0129,1:Awa Cisse:54.94,2:Tristan Santos:51.00,3:Felix Lefevre:48.19,4:Baptiste Alves:48.58,5:Taylor Wilson:37.47,6:Elena Richard:34.26,7:Sophie Popov:51.32,8:Driss Ziane:37.90,9:Lucas Suzuki:42.27,10:Emma Conti:41.25,11:Bilal Kuznetsov:54.31,12:Finn Vo:47.78,13:Chloe Fernandez:47.76,14:Igor Ali:44.83,15:Margaux Schmidt:47.07,16:Liam Santos:36.50,17:Madison Torres:45.55,18:Corey Nguyen:39.12,19:Amine Torres:49.15,20:Manon Gomes:46.08,21:Amandine Perez:55.68,22:Isabella Lefevre:47.03,23:Ulysse Vidal:38.61,24:Katya Gallo:32.64,25:Sergei Traore:56.71,26:Adrien Esposito:52.54,27:Hassan Klein:52.18,28:Igor Popov:54.67,29:Lucia Diop:53.50,30:Theo Le:37.78,31:Alice Hussein:54.98,32:Louis Kim:45.48
5312,Lyon,Nice,05/04/2026,2215,0654,1:Finn Tran:45.37,2:Ryo Williams:45.43,3:Jason Ferrari:52.75,4:Silas Tran:33.77,5:Mateo Huang:56.10,6:Camille Tran:48.33,7:Bjorn Lefevre:36.09,8:Mateo Wang:34.38,9:Liam Vasiliev:38.82,10:Sara Rodrigues:39.67,11:Sonia Kim:57.61,12:Mehdi Ali:49.18,13:Valentine Ndiaye:53.65,14:Louis Clark:33.56,15:Sonia Diallo:36.42,16:Isabella Sanchez:46.48,17:Nicolas Kowalski:42.73,18:Willow Khelifi:50.09,19:Emma Ziane:35.70,20:Samira Tran:55.81,21:Quentin Chen:50.44,22:Pierre Wagner:43.37,23:Mehdi Wilson:43.14,24:Camille Schmidt:43.97,25:Ricardo Liu:52.76,26:Omar Lee:49.19,27:Emma Sokolov:46.25,28:Felix Muller:49.25,29:Clement Zimmermann:40.71
9381,Nantes,Strasbourg,31/10/2026,1100,0002,1:Elsa Martin:47.50,2:Aisha Moussa:37.56,3:Li Gomes:54.30,4:Miguel Greco:51.25,5:Ryan Ivanov:47.37,6:Driss Laurent:37.29,7:Karim Bruno:40.57,8:Sora Durand:51.75,9:Jeanne Wang:48.30,10:Olivia Pereira:56.01,11:Mehdi Roux:38.07,12:Mehdi Wilson:43.04,13:Chau Torres:58.03,14:Bilal Le:36.01,15:Taro Doan:45.40,16:Chau Zimmermann:32.74,17:Zane Klein:51.99,18:Orion Laurent:38.93,19:Corey Robert:39.95,20:Li Oliveira:46.15,21:Silas Leroy:40.17,22:Ethan Liu:56.42,23:David Thomas:54.42,24:Felix Garcia:38.06,25:Amine Leroy:33.23,26:Skylar Nguyen:38.69,27:Emma Martin:51.28,28:Maria Petrov:52.15,29:Paul Davis:57.98,30:Hazel Ribeiro:32.82,31:Sofia Ribeiro:33.70
2967,Marseille,Bordeaux,28/10/2026,1345,2302,1:Youssef Schmidt:51.68,2:Jian Martinez:33.53,3:Liam Santos:34.42,4:Nala Dupont:40.65,5:Imani Ahmed:34.03,6:Kenza Bernard:51.87,7:Austin Schmidt:40.43,8:Brenda Simon:43.22,9:Farah Pereira:52.97
4949,Brest,Montpellier,06/06/2026,2200,0823,1:Li Gomez:49.07,2:Bilal Sokolov:32.73,3:Simon Vidal:56.44,4:Driss Ziane:39.99,5:Louis Park:51.60,6:Elsa Conti:45.56,7:Nala Simon:32.79,8:Willow Michel:37.58,9:Celeste Ramirez:45.39,10:Adrien Garnier:33.58,11:Youssef Abebe:49.01,12:Sofia Esposito:57.78,13:Pablo Garcia:48.53,14:Harper Boudjema:47.25,15:Juan Alves:56.69,16:Ricardo Wagner:34.77,17:Romain Gallo:57.18,18:Corey Yamamoto:56.52,19:Lea Weber:45.29,20:Dmitri Russo:49.69,21:Youssef Conti:43.61,22:Paul Cruz:47.81,23:Karim Petrov:42.33,24:Driss Almeida:54.18,25:Imani Alves:58.33,26:Baptiste Thomas:40.73,27:Taro Wilson:33.34,28:Romain Lopez:55.44,29:Zoe Novak:49.00
6675,Perpignan,Rouen,26/10/2026,1000,2118,1:Taylor Cruz:40.76,2:Chau Ivanov:33.27,3:Carmen Perez:55.87,4:Samira Gomes:52.39,5:Juan Lopez:37.43,6:Zoe Fahmi:57.60,7:Malika Moore:51.48,8:Lea Brown:55.79,9:Akira Torres:33.60,10:Oceane Wang:42.27,11:Sofia Esposito:33.95,12:Silas Davis:55.48,13:Baptiste Johnson:45.91,14:Ryan Morozov:36.09,15:Samira Tran:39.34,16:Sora Esposito:34.83,17:Elena Conti:58.03,18:Pierre Cruz:56.55,19:Jackson Wang:52.65,20:Celeste Lee:39.83,21:Valentine Ferrari:46.86,22:Katya Yamamoto:41.18,23:Samira Morozov:36.94,24:Miguel Sylla:56.27,25:Alice Leroy:55.86,26:Zane Bernard:34.76,27:Mei Dubois:50.41,28:Sekou Bernard:48.05,29:Karim Sousa:37.76,30:Elena Diallo:34.49,31:Quentin Leroy:49.39,32:Austin Thomas:47.74,33:Sophie Wang:58.37,34:Minh Rizzo:40.82,35:Zola Cherif:34.72,36:Harper Ziane:44.05,37:Elsa Kim:42.49,38:Simon Taylor:56.64,39:Gabriel Fahmi:45.59,40:Driss Cruz:40.25
2227,Metz,Reims,27/04/2026,0630,0924,1:Fiona Petit:17.62,2:Li Schmidt:21.31,3:Jackson Diop:20.89,4:Isabella Popov:18.82,5:Rayan Chen:19.41,6:Quentin Gomez:16.56,7:Willow Rossi:20.28,8:Dmitri Le:20.13,9:Nicolas Wong:16.42,10:Willow Simon:18.63,11:Isabella Lefevre:13.50,12:Minh Sanchez:20.75,13:Sophie Ouattara:20.89,14:Quentin Leroy:16.53,15:Silas Cherif:16.75,16:Rayan Davis:21.50,17:Isabella Le:20.10,18:Yara Brown:12.55,19:Zola Schmidt:15.39,20:Yara Laurent:15.76,21:Amandine Chung:18.33,22:Harper Rizzo:13.56,23:Daiki Gomez:14.85,24:Lucia Mohamed:21.59,25:Orion Laurent:21.16,26:Imani Chen:19.05,27:Ricardo Cruz:22.26,28:Taro Gallo:15.62,29:Fode Perez:12.73,30:Amandine Robert:16.03,31:Sofia Zhang:13.52
2968,Strasbourg,Bordeaux,02/03/2026,1730,0714,1:Yasmine Nguyen:56.60,2:Lucas Oliveira:48.60,3:Bjorn Gallo:41.80,4:Bilal Mohamed:36.77,5:Lea Michel:45.73,6:Hazel Fernandez:42.13,7:Jason Wang:46.71,8:Carmen Perez:43.74,9:Amandine Robert:50.69,10:Celeste Bianchi:50.06,11:Quentin Nkosi:43.12,12:Chen Wong:54.05,13:Daiki Kim:53.63,14:Noah Ramirez:33.37,15:Kofi Petit:33.04,16:Ryan Ouattara:40.50,17:Quentin Schulz:54.74,18:Louis Zimmermann:39.08,19:Silas Martin:42.17,20:Omar Lee:46.02
6106,Clermont-Ferrand,Dijon,04/07/2026,1800,2313,1:Taylor Gomes:28.53,2:Fode Park:24.12,3:Natalia Durand:25.03,4:Lucia Simon:39.78,5:Zola Chung:39.56,6:Madison Santos:36.10,7:Ryan Vidal:28.81,8:Chen Yamamoto:39.46,9:Jules Fernandez:33.86,10:Hugo Martin:33.93,11:Dylan Roux:27.77,12:Louis Huang:25.19,13:Sophie Schulz:28.50,14:Akira Martin:31.88,15:Thao Gallo:36.99,16:Emma Sokolov:32.12,17:Kofi Muller:36.88,18:Harper Ouattara:32.63,19:Aicha Laurent:24.18,20:Felix Ivanov:30.32,21:Sofia Pham:26.20,22:Sophie Clark:30.81,23:Camille Morozov:37.76,24:Olivia Wong:40.17,25:Ethan Ramirez:32.83,26:Felix Haddad:40.78,27:Zola Martin:30.46,28:Kimberly Abebe:26.22,29:Javier Haddad:25.77,30:Nour Rodrigues:36.32,31:Igor Doan:28.42
6391,Limoges,Saint-Etienne,17/03/2026,1515,2041,1:Youssef Wagner:43.25,2:Malika Richard:30.08,3:Miguel Yamamoto:38.38,4:Nala Mohamed:32.18,5:Taro Greco:34.48,6:Samira Bianchi:27.76,7:Jackson Kim:33.66,8:Zachary Laurent:29.81,9:Elena Oliveira:38.20,10:Pierre Lee:42.29,11:Simon Thomas:25.99,12:Rayan Rodrigues:43.86,13:Pierre Garnier:39.90,14:Aki Huang:46.28,15:Maria Sylla:39.19,16:Rayan Novak:44.64,17:Omar Martinez:45.21,18:Noah Vo:28.33,19:Corey Martin:42.73,20:Chloe Kovacs:26.81,21:Sara Petit:34.71,22:Mei Ferrari:29.45,23:Quentin Petrov:42.38,24:Elsa Ali:26.73,25:Elena Lopez:41.80,26:Alessio Lopez:36.98,27:Hugo Novak:32.09,28:Driss Perez:37.58,29:Ulysse Wang:45.17,30:Manon Novak:37.54,31:Willow Cisse:43.55,32:Felix Esposito:33.05,33:Ryo Klein:32.33,34:Kenji Khan:42.31,35:Clement Lee:28.94,36:Taro Wilson:29.71,37:Brenda Dubois:28.65,38:Sofia Klein:37.73,39:Skylar Ribeiro:42.20,40:Zane Zhang:33.95,41:Kenji Weber:31.27,42:Lian Traore:41.75,43:Zane Suzuki:37.83,44:Hana Gallo:38.05,45:Chau Khan:35.40,46:Javier Novak:36.48,47:Nala Wang:34.95,48:David Santos:31.61,49:Yara Kovacs:37.77,50:Kai Bianchi:28.65,51:Baptiste Suzuki:27.21
2850,Marseille,Brest,29/10/2026,2130,0935,1:Imani Rodriguez:50.96,2:Imani Williams:37.21,3:Alice Johnson:57.27,4:Igor Cisse:36.47,5:Imani Singh:46.41,6:Kenza Fahmi:32.99,7:Minh Schulz:41.28,8:Quentin Greco:56.92,9:Quentin Nkosi:42.42,10:Dylan Petit:55.10,11:Alessio Wong:34.04,12:Ethan Liu:45.38,13:Dylan Popov:54.75,14:Aisha Moussa:53.61,15:Aicha Wong:38.89,16:Kai Cisse:44.20,17:Harper Vasiliev:39.76,18:Mehdi Schmidt:58.44,19:Willow Smith:52.60,20:Rayan Garcia:50.44,21:Bjorn Richard:43.77,22:Baptiste Alves:48.62,23:Javier Brown:50.91,24:Hassan Liu:36.62,25:Samira Khelifi:40.88,26:Margaux Chen:44.30
2057,Clermont-Ferrand,Rennes,20/09/2026,1330,2034,1:Mei Dupont:58.43,2:Chen Sanchez:51.41,3:Chen Robert:54.80,4:Omar Martinez:42.95,5:Sergei Traore:36.85,6:Harper Cisse:38.92,7:Tristan Tran:56.05,8:Dylan Popov:53.76,9:Kenza Wang:57.98,10:Pierre Diallo:54.55,11:Baptiste Ribeiro:56.71,12:Willow Cruz:46.42,13:Liam Nkosi:53.04,14:Emi Nkosi:44.93,15:Kenza Pereira:53.41,16:Taro Greco:34.72,17:Mei Dubois:42.95,18:Nour Cruz:37.92,19:Malika Suzuki:51.86,20:Baptiste Roux:39.92,21:Driss Nguyen:42.97,22:Felix Wagner:49.38,23:Harper Ndiaye:58.37,24:Jules Martin:57.30,25:Zola Diop:42.86,26:Alessio Ziane:49.18,27:Sekou Santos:58.02,28:Mei Kovacs:42.32,29:Aicha Wong:52.21,30:Fiona Miller:45.68,31:Madison Moussa:52.07,32:Nour Brown:53.60,33:Orion Laurent:56.71,34:Jackson Kuznetsov:48.16,35:Lea Tran:35.18,36:Zoe Davis:39.43,37:Lucia Huang:37.28,38:Liam Rossi:34.63,39:Lucas Singh:41.97,40:Isabella Benali:52.21,41:Ryan Martin:56.37,42:Bilal Mohamed:40.52,43:Imani Alves:57.28,44:Malika Vasiliev:37.12,45:Isabella Lefevre:48.00
2938,Marseille,Lille,20/07/2026,1115,2013,1:Mehdi Benali:46.53,2:Sara Martinez:52.12,3:Silas Moussa:52.96,4:Samira Gomes:51.78,5:Alice Johnson:42.46,6:Samira Petit:57.21,7:Zoe Rodrigues:42.94,8:Baptiste Rodriguez:36.01,9:Mehdi Gomez:43.17,10:Zachary Cisse:49.92,11:Jeanne Clark:57.44,12:Zachary Chung:44.19,13:Harper Martin:44.28,14:Wei Leroy:40.00,15:Elena Ali:45.17,16:Alessio Lopez:41.90,17:Lian Kim:37.02,18:Harper Miller:43.26,19:Quentin Fernandez:53.46,20:Adrien Martin:39.90,21:Dylan Popov:41.77,22:Chau Almeida:42.20,23:Javier Zimmermann:40.63,24:Leila Dupont:34.95,25:Victor Diop:40.62,26:Celeste Boudjema:53.59,27:Samira Martin:56.18,28:Amandine Pham:52.00,29:Alice Huang:41.97,30:Minh Smith:52.81,31:Daiki Moussa:48.31,32:Hazel Brown:37.24,33:Hugo Wilson:43.46,34:Zoe Davis:38.91,35:Zoe Huang:50.45,36:Ryan Vidal:58.34,37:Ricardo Rodriguez:36.20,38:Felix Tanaka:39.75
5641,Le Mans,Limoges,24/11/2026,1030,1351,1:Ulysse Vidal:21.39,2:Chloe Fernandez:14.14,3:Austin Chen:21.05,4:Nicolas Bernard:13.58,5:Noah Suzuki:14.05,6:Felix Ferrari:16.90,7:Sonia Ahmed:20.38,8:Sara Greco:14.83,9:Gabriel Garnier:17.18,10:Finn Fernandez:15.33,11:Chloe Kuznetsov:15.82,12:Ryan Williams:23.40,13:Paul Muller:17.66,14:Akira Miller:22.30,15:Noah Ramirez:16.82,16:Mei Kovacs:15.74,17:Pierre Almeida:17.91,18:Kenza Weber:19.24,19:Sergei Sokolov:24.13,20:Malika Vasiliev:24.11,21:Sonia Huang:21.07,22:Sara Ferrari:15.70,23:Sofia Chen:15.13,24:Ryan Rossi:21.14,25:Yumi Liu:17.85,26:Rayan Dubois:22.12,27:Katya Santos:19.82,28:Ryan Benali:13.90
9088,Rennes,Bordeaux,03/03/2026,0630,1041,1:Louis Fernandez:23.64,2:Willow Sokolov:23.89,3:Taylor Moreau:34.85,4:Elsa Kim:27.19,5:Chloe Fernandez:26.72,6:Lian Sokolov:30.22,7:Amine Gomez:33.54,8:Louis Ouattara:27.55,9:Nala Garnier:36.85,10:Farah Rizzo:32.48,11:Manon Wong:25.31,12:Austin Liu:36.32
3921,Rennes,Clermont-Ferrand,26/06/2026,2245,0523,1:Orion Zhang:46.22,2:Amine Weber:43.47,3:Jian Torres:53.57,4:Rayan Novak:46.10,5:Youssef Almeida:34.79,6:Kwame Brown:43.14,7:Valentine Moreau:54.25,8:Carmen Simon:53.52,9:Aisha Sanchez:49.65,10:Oceane Robert:50.63,11:Jeanne Doan:43.07,12:Rayan Torres:39.17,13:Sophie Cherif:51.86,14:Finn Weber:52.15,15:Nala Conti:45.12,16:Orion Bernard:50.31,17:Quentin Ali:50.41,18:Malika Brown:53.03,19:Li Faure:36.50,20:Sekou Cherif:53.24,21:Mateo Laurent:38.83,22:Akira Park:53.38,23:Ryo Rizzo:43.41,24:Harper Ramirez:53.15,25:Farah Russo:38.21,26:Jian Fahmi:43.07,27:Imani Chen:44.76,28:Wei Chung:44.49,29:Jian Singh:45.72,30:Brenda Ouattara:50.29,31:Miguel Dupont:42.09,32:Ryo Michel:48.48,33:Sekou Pereira:45.43
5706,Dijon,Toulouse,04/10/2026,1645,0144,1:Miguel Dupont:35.78,2:Valentine Rizzo:51.97,3:Malika Sanchez:50.07,4:Brenda Mohamed:57.77,5:Natalia Mohamed:57.70,6:Zachary Cisse:37.61,7:Baptiste Alves:53.16,8:Karim Faure:48.07,9:Hassan Russo:39.53,10:Bilal Wilson:35.43,11:Dylan Petrov:39.02,12:Hugo Dubois:51.48,13:Baptiste Bianchi:45.53,14:Emi Cisse:42.37,15:Manon Nkosi:49.98,16:Hassan Bruno:34.16,17:Baptiste Roux:42.42,18:Driss Almeida:39.97,19:Miguel Boudjema:37.44,20:Kofi Ndiaye:46.17,21:Kenji Leroy:46.52,22:Hazel Khan:36.15,23:Baptiste Sanchez:48.43,24:Farah Thomas:37.78,25:Daiki Gomez:45.48,26:Ines Laurent:55.39,27:Alice Garnier:44.84,28:Jackson Kuznetsov:55.79
4419,Limoges,Caen,31/10/2026,1700,2249,1:Paul Durand:40.43,2:Corey Gallo:45.80,3:Alice Martin:39.68,4:Aicha Garnier:34.62,5:Corey Robert:36.52,6:Isabella Schmidt:37.70,7:Santiago Clark:31.74,8:Lian Oliveira:41.30,9:Chau Lee:34.35,10:Jeanne Fahmi:33.56,11:Amine Gomez:30.37,12:Orion Russo:49.17,13:Aicha Santos:42.99,14:Mateo Oliveira:49.41,15:Brenda Kovacs:31.45,16:Fode Moussa:31.61,17:Bilal Cruz:28.14,18:Bjorn Torres:49.92,19:Nicolas Khelifi:32.07,20:Javier Richard:38.88,21:Ricardo Dubois:30.21,22:Yasmine Alves:40.53,23:Zoe Diallo:48.45,24:Awa Sato:37.66,25:Jason Fournier:42.39,26:Chloe Conti:49.06,27:Sekou Yamamoto:37.80,28:Celeste Nkosi:47.70,29:Pierre Garnier:43.80,30:Natalia Durand:28.27,31:Samira Gomes:34.39,32:Paul Ahmed:45.37,33:Nala Mohamed:29.70
5533,Reims,Grenoble,18/10/2026,0645,1104,1:Romain Diallo:35.74,2:Austin Gomes:35.32,3:Adrien Vasiliev:31.35,4:Aki Tran:24.51,5:Aki Bianchi:23.25,6:Dylan Perez:20.68,7:Nicolas Zimmermann:23.15,8:Yumi Liu:22.69,9:Kenji Clark:22.59,10:Kenza Williams:29.42,11:Lucas Robert:21.25,12:Zane Abebe:30.70,13:Rayan Johnson:24.57,14:Amandine Ribeiro:21.83,15:Farah Almeida:36.25,16:Pablo Ziane:20.60,17:Felix Khan:26.14,18:Hassan Rodriguez:23.71,19:Elena Sousa:25.69,20:Austin Moore:26.69,21:Felix Yamamoto:27.28,22:Hugo Ribeiro:33.71,23:Samira Ouattara:30.81,24:Kwame Perez:35.25,25:Miguel Pereira:23.92,26:Hana Silva:27.92,27:Mehdi Wilson:27.88,28:Pablo Garcia:29.00,29:Zola Garcia:22.33,30:Karim Sanchez:21.83,31:Aisha Hussein:23.91,32:Liam Bernard:35.38
6238,Clermont-Ferrand,Limoges,21/06/2026,2200,0111,1:Nala Moore:15.93,2:Awa Klein:15.83,3:Margaux Durand:25.55,4:Kai Doan:23.65,5:Brenda Dubois:20.45,6:Zoe Leroy:21.60,7:Tristan Santos:22.32,8:Skylar Petit:21.67,9:Rose Vasiliev:20.35,10:Kofi Wilson:23.38,11:Willow Tanaka:17.04,12:Pablo Clark:17.43,13:Lucia Rodriguez:15.30,14:Lea Weber:26.56,15:Aicha Santos:22.20,16:Aki Muller:26.72,17:Camille Fahmi:15.68,18:Manon Clark:24.19,19:Rose Ramirez:24.22,20:Sofia Ribeiro:23.99,21:Harper Kuznetsov:20.61,22:Gabriel Diop:20.72,23:Akira Rossi:22.78,24:Sergei Bernard:25.10,25:Fiona Simon:21.12,26:Victor Tran:16.55,27:Isabella Dupont:18.62,28:Rose Moussa:23.42,29:Sophie Clark:24.16,30:Sora Haddad:23.71,31:Ethan Ouattara:26.41,32:Ethan Brown:20.51,33:Harper Martin:21.00
7687,Lille,Limoges,24/04/2026,0845,1457,1:Farah Gallo:48.55,2:Austin Haddad:44.71,3:Chloe Kuznetsov:49.53,4:Mei Dupont:44.69,5:Nour Singh:48.63,6:Juan Lopez:35.27,7:Omar Cisse:45.14,8:Chen Nguyen:34.62,9:Lucas Cherif:47.38,10:Li Kowalski:39.12,11:Madison Thomas:41.46,12:Felix Garnier:44.47,13:Hugo Fahmi:52.20,14:Youssef Doan:44.49,15:Nour Sousa:38.26,16:Sana Doan:33.90,17:Sara Khan:49.04,18:Yara Rodrigues:48.44,19:Sana Novak:29.45,20:Erica Lopez:47.00,21:Sophie Gomez:44.38,22:Karim Zhang:49.31,23:Hana Klein:34.24,24:Felix Wagner:29.87,25:Miguel Sylla:44.65,26:Jian Diop:40.16,27:Kenza Fahmi:51.66,28:Pierre Moussa:34.54,29:Ulysse Park:47.89,30:Elena Oliveira:35.78,31:Jeanne Russo:33.87,32:Willow Fernandez:44.65,33:Sofia Silva:30.41,34:Isabella Ziane:35.65
9701,Clermont-Ferrand,Paris,29/12/2026,1230,1924,1:Erica Sanchez:45.61,2:Igor Muller:34.22,3:Willow Cruz:40.14,4:Zoe Kowalski:32.93,5:Kimberly Schmidt:30.61,6:Tristan Chung:33.09,7:Carmen Liu:50.93,8:Victor Nkosi:46.93,9:Elsa Perez:30.35,10:Akira Wang:53.78,11:Paul Sanchez:35.49,12:Kai Michel:40.85,13:Igor Moussa:41.64,14:Taro Wilson:36.47,15:Kenza Fahmi:44.41,16:Sofia Kovacs:49.16,17:Hassan Diallo:49.64,18:Felix Zimmermann:38.52,19:Jules Tanaka:43.92,20:Carmen Sato:34.50,21:Zane Abebe:36.11,22:Olivia Wong:45.43,23:Sekou Yamamoto:46.81,24:Clement Fournier:51.84,25:Dylan Popov:37.09,26:Valentine Sato:49.38,27:Driss Suzuki:50.70,28:Taylor Smith:50.09,29:Kenza Chen:40.50,30:Pierre Doan:46.66,31:Hana Silva:45.63,32:Natalia Weber:43.18,33:Leila Vidal:52.78,34:Baptiste Alves:38.25
1190,Paris,Caen,20/02/2026,1900,2143,1:Yasmine Alves:13.20,2:Silas Tran:17.88,3:Pablo Clark:17.92,4:Sara Fahmi:15.22,5:Chloe Singh:21.64,6:Quentin Roux:17.47,7:Daiki Bianchi:13.25,8:Valentine Davis:17.02
2519,Perpignan,Limoges,20/06/2026,2100,0314,1:Javier Wang:46.78,2:Zane Almeida:32.66,3:Akira Torres:28.62,4:Bjorn Sato:41.66,5:Kimberly Abebe:44.85,6:Juan Miller:30.08,7:Chloe Traore:45.81,8:Orion Lefevre:29.13,9:Igor Popov:44.50,10:Arthur Gomes:46.37,11:Finn Miller:27.57,12:Austin Schmidt:34.88,13:Hassan Liu:27.73,14:Alice Dupont:31.04,15:Driss Williams:44.74,16:Thao Lee:37.31,17:Minh Ivanov:36.21,18:Paul Pham:35.22,19:Aisha Gallo:30.79,20:Silas Smith:30.32,21:Ines Doan:41.79,22:Gabriel Garnier:39.18,23:Jules Fernandez:45.09,24:Fode Doan:30.59,25:Kenza Schulz:44.05,26:Quentin Fernandez:31.12
8029,Rouen,Lille,23/10/2026,2215,0013,1:Jackson Ferrari:16.73,2:Aki Kovacs:15.39,3:Carmen Bruno:21.77,4:Leila Vidal:18.89,5:Nicolas Doan:15.60,6:Manon Nkosi:15.78,7:Jian Esposito:13.74,8:Ethan Zhang:13.68,9:Aki Novak:20.83,10:David Fernandez:18.88,11:Corey Robert:17.31,12:Chloe Lefevre:14.65,13:Brenda Zimmermann:21.66,14:Bjorn Torres:16.47,15:Akira Martin:19.23,16:Akira Park:13.28,17:Alice Leroy:21.01,18:Sergei Vasiliev:21.89,19:Chau Ivanov:17.47,20:Felix Zimmermann:13.81,21:Ulysse Vidal:22.02,22:Zane Abebe:21.78,23:Jackson Muller:15.99,24:Pierre Ziane:14.68,25:Miguel Yamamoto:14.07,26:Yumi Nkosi:13.85,27:Jeanne Petrov:20.28,28:Carmen Liu:20.33,29:Lucia Simon:17.93,30:Miguel Pereira:15.57,31:Isabella Durand:15.54,32:Theo Tanaka:17.26,33:Manon Rizzo:14.87,34:Ryan Cherif:19.17
5474,Metz,Reims,26/06/2026,1645,1835,1:Lian Kim:17.08,2:Quentin Pereira:17.93,3:Omar Ouattara:13.47,4:Taylor Klein:17.42,5:Pierre Moussa:18.84,6:Bjorn Richard:20.94,7:Nicolas Bernard:19.35,8:Sophie Nguyen:18.12,9:Sergei Perez:18.73,10:Clement Zimmermann:16.06,11:Aki Rodriguez:15.88,12:Igor Popov:19.90,13:Harper Nkosi:15.69,14:Lucia Traore:15.25,15:Karim Sousa:22.35,16:Rayan Garcia:19.27,17:Ethan Liu:18.33,18:Arthur Cherif:22.09,19:Elena Conti:16.75,20:Imani Laurent:16.89,21:Silas Klein:12.56,22:Natalia Wong:14.79,23:Clement Wilson:17.36,24:Brenda Mohamed:22.07,25:Mei Ziane:14.94,26:Sara Dubois:16.94,27:Baptiste Thomas:17.97,28:Celeste Muller:21.94,29:Victor Huang:13.24,30:Pierre Morozov:21.81,31:Chau Simon:22.21,32:Youssef Doan:12.51,33:Nala Simon:21.66
8914,Paris,Caen,22/11/2026,1730,2024,1:Sora Rodriguez:21.84,2:Skylar Gallo:19.41,3:Kofi Martin:19.44,4:Paul Pereira:14.90,5:Nicolas Doan:18.04,6:Pierre Yamamoto:14.22,7:Bjorn Moreau:18.60,8:Dylan Popov:,9:Lian Traore:19.59,10:Harper Nkosi:17.91,11:Ulysse Clark:17.57,12:Fode Moussa:17.78,13::,14:Minh Benali:19.50,15:Jules Lopez:17.33,16:Kwame Cherif:13.80,17:Ryo Michel:19.97,18:Lucas Khelifi:,19:Oceane Huang:12.83,20:Sekou Yamamoto:,21:Jeanne Haddad:17.59,22:Isabella Lopez:14.07,23:Leila Leroy:19.47,24:Baptiste Bianchi:21.41,25:Jeanne Doan:13.91,26:Fode Wang:16.48,27:Fode Yamamoto:15.54,28:Imani Ali:22.30,29:Isabella Schmidt:22.15,30:Driss Ziane:,31:Ines Dubois:13.88,32:Baptiste Sanchez:18.48,33:Quentin Nkosi:21.68
3664,Reims,Montpellier,07/10/2026,2045,0422,1:Kenza Fahmi:41.83,2:Jian Martinez:56.83,3:Gabriel Miller:32.35,4:Alice Tanaka:48.41,5:Aisha Haddad:38.46,6:Aicha Garnier:50.25,7:Isabella Park:32.25,8:Nicolas Esposito:37.24,9:Hugo Ribeiro:50.49,10:Elena Ziane:49.45,11:Tristan Chung:37.86,12:Emi Conti:55.26,13:Taro Zimmermann:37.89,14:Ricardo Nkosi:49.34,15:Yumi Nkosi:55.87,16:Kimberly Abebe:45.37,17:Zola Le:43.29,18:Skylar Laurent:52.51,19:Margaux Schmidt:38.39,20:Aki Vo:35.21,21:Chau Fournier:49.15,22:Taro Doan:42.94,23:Felix Cisse:43.36,24:Silas Novak:53.53,25:Hana Martinez:39.58,26:Arthur Ivanov:47.39,27:Lian Kim:32.51,28:Theo Tanaka:39.05,29:Taylor Durand:39.23,30:Hana Klein:37.51,31:Fiona Cruz:32.62,32:Sofia Zhang:52.49,33:Samira Ramirez:38.15,34:Sofia Lee:39.62
3092,Montpellier,Bordeaux,17/07/2026,1200,2005,1:Chau Kovacs:34.84,2:Willow Michel:56.16,3:Erica Vo:43.97,4:Leila Kuznetsov:34.12,5:Tristan Sousa:34.45,6:Silas Le:34.97,7:Sekou Cherif:43.09,8:Chen Cherif:58.32,9:Sergei Ramirez:34.16,10:Minh Schulz:58.22,11:Manon Nkosi:58.15,12:David Clark:48.86,13:Elsa Garnier:54.94,14:Chau Weber:42.89,15:Amandine Moore:39.19,16:Chloe Ferrari:41.57,17:Emma Petrov:43.57,18:Karim Haddad:52.46,19:Sara Greco:54.90,20:Sana Sousa:35.08,21:Lucia Kuznetsov:39.34,22:Hana Bianchi:33.04,23:Emma Moussa:32.53,24:Sonia Boudjema:43.37,25:Amandine Conti:40.45,26:Miguel Pereira:52.37,27:Theo Sousa:44.48
2964,Caen,Toulouse,22/11/2026,2230,0632,1:Felix Yamamoto:50.31,2:Juan Lopez:53.95,3:Arthur Durand:53.96,4:Yasmine Kuznetsov:38.86,5:Orion Tran:51.80,6:Margaux Schmidt:46.44,7:Kofi Novak:56.71,8:Erica Mohamed:45.63,9:Katya Doan:40.00,10:Rayan Pham:57.81,11:Baptiste Wong:46.84,12:Juan Rizzo:43.33,13:Aicha Wong:38.33,14:Manon Gomes:39.21,15:Minh Benali:41.33,16:Chau Kovacs:43.75,17:Youssef Ziane:44.14,18:Jason Yamamoto:52.54,19:Ulysse Liu:57.67,20:Carmen Simon:49.62,21:Zola Garcia:40.14,22:Wei Lee:46.51,23:Bjorn Esposito:45.04,24:Chau Ali:51.38,25:Alice Leroy:41.11,26:Bilal Clark:48.14,27:Skylar Almeida:37.16,28:Fode Faure:49.90,29:Elena Diallo:45.71,30:Nicolas Zimmermann:50.46,31:Paul Ahmed:56.30,32:Sergei Sokolov:36.84,33:Ethan Brown:41.27,34:Nicolas Bernard:34.23
1309,Nantes,Lyon,20/09/2026,0630,1454,1:Camille Morozov:33.43,2:Erica Ribeiro:51.19,3:Theo Dubois:48.46,4:Nour Singh:57.71,5:Orion Tran:36.28,6:Theo Tanaka:41.80,7:Rose Yamamoto:54.65,8:Margaux Fournier:45.80,9:Willow Simon:38.42,10:Ryan Khelifi:44.01,11:Igor Chen:35.03,12:Zachary Wong:48.47
6583,Metz,Saint-Etienne,14/10/2026,1330,1906,1:Willow Popov:40.32,2:Sergei Vasiliev:41.77,3:Harper Miller:38.27,4:Arthur Durand:46.12,5:Imani Diallo:39.76,6:Jason Ndiaye:30.86,7:Sofia Ramirez:38.49,8:Yara Hussein:45.28,9:Alice Johnson:35.61,10:Sekou Hussein:42.35,11:Katya Doan:41.68,12:Aki Rodriguez:29.57,13:Amandine Le:41.97,14:Manon Ouattara:37.03,15:Bjorn Tran:45.12,16:Sekou Ahmed:31.62,17:Silas Klein:46.17,18:Zachary Traore:39.46
4194,Bordeaux,Grenoble,19/04/2026,1900,0322,1:Lea Bianchi:44.56,2:Aicha Rizzo:46.96,3:Emi Wang:48.45,4:Jian Torres:52.51,5:Noah Khan:47.36,6:Baptiste Schmidt:49.80,7:Mei Wagner:32.54,8:Katya Singh:33.24,9:Jian Clark:36.34,10:Omar Esposito:46.82,11:Taylor Wong:44.91,12:Austin Moussa:48.61,13:Hugo Dubois:44.25,14:Lucas Novak:38.24,15:Rose Thomas:50.93,16:Malika Kowalski:45.98,17:Tristan Durand:40.13,18:Zane Zhang:52.23,19:Sekou Santos:36.17,20:Igor Muller:46.51,21:Clement Sato:51.53,22:Corey Faure:56.57,23:Karim Nguyen:47.06,24:Sora Durand:50.17,25:Liam Bernard:54.06,26:Rayan Singh:55.67,27:Brenda Robert:35.01,28:Daiki Clark:34.09,29:Nala Moore:43.83
4690,Nantes,Marseille,28/10/2026,1530,0147,1:Jackson Martinez:52.18,2:Pierre Diop:51.80,3:Mei Ahmed:41.68,4:Silas Almeida:43.45,5:Youssef Schmidt:33.50,6:Skylar Popov:34.93,7:Ryan Ouattara:36.56,8:Emi Wagner:37.57,9:Thao Khan:53.91,10:Ulysse Garnier:40.25,11:Austin Thomas:34.00,12:Lea Bianchi:51.75,13:Silas Klein:38.56,14:Ulysse Sokolov:50.57,15:Jason Ramirez:48.13,16:Silas Greco:48.07,17:Natalia Martinez:47.71,18:Hassan Kowalski:48.86,19:Erica Lopez:46.99,20:Fode Wang:38.36,21:Celeste Benali:38.65,22:Skylar Almeida:33.53,23:Harper Sato:52.37,24:Nour Wang:55.11,25:Pierre Bruno:56.23,26:Zachary Haddad:45.92,27:Rose Sato:45.15,28:Isabella Mohamed:44.97,29:Katya Wong:42.35,30:Emi Robert:39.94,31:Orion Tran:48.96,32:Felix Khan:53.02,33:Lucia Klein:42.80,34:Romain Michel:57.60,35:Jeanne Ahmed:38.72,36:Olivia Weber:37.24,37:Olivia Morozov:39.19,38:Taro Doan:45.54,39:Hazel Hussein:41.93,40:Awa Klein:35.57,41:Willow Smith:45.20,42:Sekou Ahmed:33.21,43:Austin Haddad:42.85,44:Sophie Popov:50.51,45:Silas Brown:39.24,46:Amine Torres:42.70,47:Amine Novak:33.45
7273,Lyon,Limoges,18/11/2026,1900,0014,1:Valentine Sato:34.15,2:Emma Greco:38.85,3:Santiago Huang:26.80,4:Corey Taylor:32.06,5:Yara Rodrigues:45.24,6:Arthur Wong:32.24,7:Amandine Perez:33.13,8:Alice Johnson:36.81,9:Brenda Garnier:32.95,10:Willow Cruz:44.56,11:Javier Petrov:37.18,12:Nicolas Vidal:34.83,13:Fiona Miller:34.01,14:Fiona Suzuki:40.23,15:Farah Wilson:42.69,16:Sara Rodrigues:39.10,17:Rose Miller:43.79,18:Ines Sokolov:45.38
6274,Nice,Tours,08/07/2026,1630,0455,1:Nicolas Miller:32.85,2:Thao Singh:55.79,3:Lea Tran:48.38,4:Harper Dupont:57.81,5:Sofia Lee:43.62,6:Leila Khan:36.11,7:Romain Lopez:37.47,8:Sofia Klein:57.35,9:Kenza Martinez:34.05,10:Ryan Sokolov:39.40,11:Nicolas Wong:43.27,12:Hassan Rizzo:49.30,13:Margaux Garnier:42.81,14:Liam Fernandez:35.13,15:Sophie Sousa:44.86,16:Sergei Sokolov:42.34,17:Quentin Roux:54.87,18:Arthur Robert:56.08,19:Hazel Lefevre:44.79,20:Rayan Garcia:37.98,21:Ryo Michel:41.81,22:Jian Zimmermann:53.26,23:Carmen Simon:44.31,24:Wei Ferrari:57.51,25:Brenda Robert:37.32,26:Willow Khelifi:35.58,27:Isabella Nkosi:38.20,28:Nicolas Gomes:44.54,29:Paul Chen:48.13
8496,Saint-Etienne,Lyon,13/03/2026,2115,2309,1:Mei Kovacs:15.06,2:Manon Gomez:19.70,3:Mehdi Ali:20.14,4:Simon Chen:21.09,5:Kofi Cruz:22.01,6:Camille Alves:12.97,7:Dylan Perez:18.45,8:Austin Moussa:18.61,9:Celeste Bianchi:19.46,10:Javier Bianchi:14.57,11:Kenza Traore:19.27
3665,Strasbourg,Brest,28/07/2026,1930,1110,1:Jules Bernard:57.74,2:Rose Schmidt:40.74,3:Felix Ferrari:50.76,4:Zane Davis:57.45,5:Nour Brown:38.66,6:Lucas Doan:35.33,7:Jules Cherif:42.99,8:Nicolas Wong:56.79,9:Ethan Torres:43.42,10:Omar Esposito:53.59,11:Bilal Le:35.96,12:Lea Tran:37.07,13:Bjorn Johnson:56.66,14:Sergei Dubois:38.70,15:David Santos:40.14,16:Jules Oliveira:46.59,17:Ulysse Laurent:34.08,18:Isabella Smith:53.94,19:Hassan Martin:42.77,20:Omar Doan:32.65,21:Nala Simon:51.56,22:Pierre Morozov:39.41,23:Skylar Richard:47.48,24:Amandine Ribeiro:35.53,25:Jeanne Petrov:47.63,26:Alessio Moreau:38.17,27:Finn Fernandez:48.32,28:Youssef Morozov:54.25,29:Taylor Moore:55.89,30:Finn Weber:32.81,31:Ryan Rodriguez:33.01,32:Olivia Pereira:35.05
5788,Bordeaux,La Rochelle,22/12/2026,1600,1936,1:Ricardo Diop:21.64,2:Ryan Ouattara:21.93,3:Ricardo Alves:24.33,4:Louis Ndiaye:23.38,5:Emma Greco:17.54,6:Romain Haddad:25.23,7:Jeanne Haddad:25.15,8:Karim Sanchez:17.86,9:Brenda Garnier:23.92,10:Igor Morozov:23.45,11:Amandine Conti:20.21,12:Igor Muller:21.41,13:Emi Johnson:23.22,14:Natalia Zhang:25.39,15:Bilal Mohamed:21.63,16:Lucas Diop:17.03,17:Lian Ferrari:25.39,18:Alessio Oliveira:17.98,19:Chloe Weber:19.15,20:Jackson Ramirez:23.00,21:Thao Moreau:19.66,22:Bjorn Schmidt:17.69,23:Santiago Robert:17.98,24:Lea Bianchi:16.39,25:David Faure:18.29,26:Li Le:15.68,27:Santiago Sanchez:16.66,28:Nour Rodrigues:18.98,29:Emma Moussa:25.50,30:Youssef Doan:24.75,31:Theo Bruno:20.06,32:Sara Ferrari:21.68,33:Kenji Rizzo:17.08,34:Adrien Vo:21.72,35:Emma Ziane:21.67,36:Emma Dupont:17.58,37:Nour Brown:19.56,38:Theo Gomes:25.43
2707,Metz,Rouen,22/05/2026,0930,1928,1:Victor Zimmermann:53.33,2:Sora Durand:40.80,3:Yara Doan:51.64,4:Malika Le:38.66,5:Arthur Ivanov:44.43,6:Chloe Kovacs:54.89,7:Romain Santos:56.19,8:Chau Almeida:38.81,9:Mehdi Gomez:47.12,10:Ines Schmidt:46.81,11:Skylar Davis:47.09,12:Paul Leroy:44.67,13:Nour Fernandez:45.44,14:David Rizzo:42.15,15:Baptiste Santos:41.13,16:Jeanne Haddad:39.07,17:Wei Haddad:53.30,18:Nicolas Wong:46.11,19:Fode Boudjema:46.39,20:Kofi Khan:53.35,21:David Clark:52.28,22:Imani Moussa:57.61,23:Taro Gallo:49.77,24:Ulysse Clark:49.08,25:Silas Greco:42.89,26:Oceane Vo:38.40
6357,Paris,Perpignan,12/05/2026,1300,0212,1::,2::,3:Silas Ziane:43.37,4:Amandine Moore:32.52,5:Awa Doan:39.02,6:David Le:38.40,7::,8:Taro Clark:53.30,9:Jeanne Doan:34.52,10:Felix Klein:32.70,11:Igor Moussa:44.58,12:Miguel Clark:51.53,13:Amandine Ziane:46.72,14:Kai Rodrigues:53.89,15:Willow Vo:46.82,16:Gabriel Bernard:43.53,17:Pablo Petrov:40.89,18:Kwame Khelifi:32.71,19:Hugo Leroy:40.59,20:Pablo Diop:44.69,21:Eloise Miller:50.74,22:Sara Greco:45.80,23:Manon Ouattara:51.40,24:Ryan Cherif:44.78,25:Ines Dubois:40.76,26:Sekou Bianchi:46.32,27:Felix Perez:52.46,28:Leila Wilson:40.71,29:Emma Taylor:45.60
5573,Saint-Etienne,Grenoble,15/09/2026,1400,1550,1:Alice Doan:20.40,2:Kimberly Diop:13.16,3:Oceane Ouattara:18.39,4:Brenda Mohamed:18.41,5:Ulysse Dupont:15.19,6:Zola Diop:20.23,7:Nicolas Doan:21.06,8:Taro Pham:15.09,9:Lucas Cherif:14.41,10:Fode Wilson:15.37,11:Madison Diop:13.72,12:Driss Thomas:18.89,13:Bjorn Tran:20.69,14:Alessio Oliveira:19.83,15:Farah Wilson:18.54,16:Amandine Faure:13.58,17:Juan Miller:20.21,18:Baptiste Kuznetsov:20.78
3032,Perpignan,Bordeaux,15/02/2026,0845,1811,1:Isabella Clark:35.31,2:Li Wilson:47.09,3:Minh Chen:52.50,4:Olivia Weber:56.72,5:Ulysse Torres:57.01,6:Quentin Santos:45.17,7:Valentine Smith:51.62,8:Sophie Wang:35.50,9:Imani Dupont:38.79,10:Leila Zhang:48.55,11:Willow Simon:56.51,12:Margaux Schmidt:49.74,13:Carmen Simon:54.06,14:Javier Haddad:56.77,15:Miguel Alves:32.84,16:Willow Michel:45.61,17:Nour Morozov:49.66,18:Sofia Lee:58.06,19:Jian Fahmi:38.05,20:Orion Lefevre:48.59,21:Zoe Nkosi:43.71,22:Ines Hussein:52.23,23:Theo Sousa:39.96,24:Minh Sato:39.58,25:Chau Fournier:53.45,26:Arthur Robert:39.79,27:Tristan Chen:54.35
5397,Rouen,Bordeaux,29/12/2026,1230,1926,1:Adrien Chung:47.45,2:Louis Rossi:47.66,3:Erica Ribeiro:38.26,4:Valentine Martinez:40.82,5:Simon Taylor:49.92,6:Igor Chen:31.25,7:Nour Brown:35.93,8:Nicolas Ferrari:47.53,9:Ines Dubois:41.66,10:Victor Huang:39.50,11:Noah Vo:31.62,12:Akira Wang:36.57,13:Alice Hussein:33.40,14:Jeanne Ahmed:48.00,15:Jason Cruz:34.57,16:Sekou Santos:32.51,17:Daiki Dupont:45.50,18:Leila Dupont:35.79,19:Austin Cisse:52.15,20:Felix Yamamoto:38.98,21:Ines Le:40.24,22:Ethan Ouattara:45.14,23:Felix Cisse:30.87,24:Camille Santos:35.96,25:Liam Rossi:43.00,26:Pierre Garnier:52.20,27:Austin Nkosi:37.18
5865,Tours,Caen,10/10/2026,1315,1539,1:Isabella Durand:22.44,2:Youssef Almeida:12.83,3:Katya Khelifi:17.64,4:Quentin Leroy:20.10,5:Leila Leroy:21.77,6:Imani Chung:21.66,7:Karim Sousa:13.84,8:Zoe Oliveira:15.69,9:Amandine Ziane:20.28,10:Katya Ahmed:21.55,11:Jules Bruno:15.47,12:Sofia Wang:18.24,13:Daiki Wang:14.39,14:Arthur Sousa:15.31,15:Manon Bianchi:12.89,16:Amine Weber:21.23,17:Isabella Ivanov:15.45,18:Amine Lefevre:22.40,19:Farah Russo:13.84,20:Sana Doan:20.78,21:Pierre Yamamoto:16.05,22:Sofia Lee:21.53,23:Kenza Wang:19.02,24:Fode Tanaka:14.21
3400,Tours,Le Mans,04/12/2026,0900,1149,1:Mateo Novak:14.12,2:Austin Moore:14.70,3:Yasmine Zhang:20.26,4:Hugo Diallo:22.27,5:Taylor Cruz:13.52,6:Hana Williams:20.02,7:Igor Park:15.08,8:Rayan Singh:18.63,9:Maria Durand:13.44,10:Yara Cisse:17.56,11:Baptiste Kuznetsov:17.92,12:Taro Gallo:14.52,13:Fode Almeida:13.66,14:Elsa Conti:19.93,15:Yara Wilson:19.15,16:Liam Vasiliev:13.49,17:Sofia Lee:15.13,18:Orion Tran:19.47,19:Kenji Clark:18.46,20:Nala Esposito:14.26,21:Sekou Bianchi:14.47,22:Chen Robert:14.21,23:Nicolas Doan:17.71,24:Hana Silva:12.79,25:Ricardo Cisse:14.64,26:Li Kowalski:15.19,27:Malika Moore:20.56
7925,Bordeaux,Saint-Etienne,27/03/2026,1315,2201,1:Austin Moussa:40.18,2:Felix Zimmermann:41.03,3:Yumi Russo:55.42,4:Sofia Lee:39.02,5:Isabella Ivanov:32.80,6:Jason Klein:49.81,7:Sophie Ouattara:50.77,8:Sergei Vasiliev:41.72,9:Zola Schmidt:50.24
5191,Lille,Bordeaux,24/08/2026,1200,2011,1:Rayan Moreau:47.27,2:Kenza Vidal:41.17,3:Paul Cruz:40.15,4:Louis Simon:51.25,5:David Santos:56.97,6:Aki Torres:35.27,7:Rayan Robert:53.03,8:Harper Miller:53.68,9:Awa Laurent:41.54,10:Bilal Gallo:58.02,11:Zachary Cisse:46.39,12:Quentin Chung:43.66,13:Harper Dupont:50.40,14:Paul Diop:40.08,15:Brenda Popov:36.53,16:Mei Dubois:43.87,17:Madison Gomes:44.03,18:Sofia Gomez:52.28,19:Valentine Moreau:43.88,20:Awa Sato:44.45,21:Lucia Kuznetsov:53.72,22:Karim Petrov:45.63,23:Carmen Fernandez:48.39,24:Daiki Clark:52.70,25:Clement Zimmermann:42.08,26:Alice Johnson:38.12,27:Aisha Bruno:52.93,28:Youssef Doan:40.51,29:Lucia Rizzo:41.44,30:Ethan Smith:38.47,31:Ryan Khelifi:36.10,32:Lian Sokolov:49.64,33:Camille Santos:40.17,34:Ethan Zhang:52.87
8719,Lille,Perpignan,05/12/2026,1915,0731,1:Hugo Martin:38.14,2:Felix Schmidt:33.45,3:Sergei Vasiliev:55.18,4:Samira Russo:51.95,5:Baptiste Pham:54.31,6:Manon Wong:42.36,7:Miguel Dupont:45.98,8:Bjorn Thomas:41.80,9:Quentin Leroy:48.24,10:Hassan Rodriguez:54.29,11:Alice Hussein:32.81,12:Yara Kovacs:33.81,13:Lucia Hussein:54.10,14:Igor Popov:35.37,15:Jules Tanaka:43.93,16:Brenda Kovacs:52.07,17:Kenji Rizzo:52.72,18:Pierre Gallo:48.65,19:Aicha Laurent:55.88,20:Valentine Sato:38.96,21:Miguel Ndiaye:50.54,22:Hazel Laurent:46.41,23:Quentin Gomez:35.90,24:Miguel Boudjema:33.54,25:Amandine Chung:40.50,26:Tristan Ivanov:53.41,27:Yara Cisse:40.82,28:Felix Garcia:52.47,29:Louis Kim:46.48,30:Felix Khan:56.84,31:Jian Ali:42.41,32:Bilal Sokolov:57.24
4203,Lyon,Rennes,24/12/2026,1545,2309,1:Sofia Silva:54.73,2:Willow Fernandez:53.78,3:Sora Haddad:36.79,4:Kofi Martin:49.32,5:Chloe Wong:49.83,6:Felix Haddad:44.90
3404,Rouen,Lille,27/06/2026,1600,1847,1:Alessio Schmidt:21.64,2:Quentin Nkosi:14.17,3:Malika Moore:17.59,4:Chau Diop:12.72,5:Tristan Durand:20.55,6:Kimberly Mohamed:16.33,7:Yumi Simon:18.31
6300,Limoges,Lille,04/04/2026,1345,2042,1:Kenza Traore:37.00,2:Hugo Wilson:33.82,3:Minh Novak:54.72,4:Arthur Perez:52.05,5:Minh Tran:48.85,6:Harper Ribeiro:51.32,7:Aicha Wang:54.99,8:Nour Smith:51.96,9:Lea Sato:35.22,10:Rose Vasiliev:44.29,11:Minh Gomes:53.18,12:Louis Fernandez:32.04,13:Sergei Traore:33.03,14:Aki Huang:34.48,15:Valentine Khelifi:46.19,16:Li Gomes:40.99,17:Felix Garcia:39.64,18:Margaux Weber:36.32,19:Madison Tran:43.95,20:Lucia Hussein:52.16,21:Carmen Wagner:39.60,22:Minh Rizzo:37.87,23:Harper Ziane:54.85,24:Ulysse Sokolov:34.44,25:Daiki Singh:47.54,26:Aki Bianchi:35.77,27:Quentin Gomez:54.06,28:Ulysse Laurent:41.64,29:Alice Zhang:54.12,30:Lucas Suzuki:50.85,31:Elena Diallo:47.48,32:Katya Ahmed:40.29,33:Isabella Mohamed:52.32
2338,Tours,Toulouse,17/06/2026,1345,2204,1:Ryan Cherif:57.04,2:Leila Dupont:42.12,3:Bjorn Tran:49.47,4:Jackson Ferrari:51.89,5:Noah Hussein:,6:Zachary Laurent:39.42,7:Finn Russo:45.27,8:Dylan Roux:33.26,9:Natalia Muller:36.34,10:Imani Alves:34.17,11:Silas Sokolov:,12:Minh Rossi:40.30,13:Leila Vo:40.00,14::,15:Alice Garnier:,16:Ulysse Schulz:56.56,17:Imani Fournier:51.04,18:Romain Gallo:48.06,19:David Fernandez:36.77,20::,21:Maria Petrov:35.53,22:Camille Chen:44.58,23:Valentine Rodrigues:45.79,24:Fode Boudjema:49.64,25:Quentin Nkosi:54.32,26:Sara Fahmi:56.54
7875,Grenoble,Marseille,23/07/2026,2215,0244,1:Mei Wagner:33.67,2:Alice Hussein:32.41,3:Madison Thomas:32.83,4:Awa Klein:30.76,5:Eloise Fahmi:19.55,6:Silas Klein:20.84,7:Clement Esposito:23.97,8:Rose Yamamoto:19.62,9:Taro Wilson:33.12,10:Jian Lopez:33.24,11:Theo Le:30.07,12:Hugo Dubois:19.18,13:Jeanne Moreau:32.16,14:Samira Rossi:23.30,15:Chen Pereira:22.31,16:Youssef Abebe:30.32,17:Ryan Vidal:24.40,18:Omar Liu:27.14,19:Sofia Suzuki:19.83,20:Ethan Zhang:29.59
5762,Reims,Toulouse,07/06/2026,1000,1810,1::,2:Sekou Yamamoto:40.14,3:Valentine Davis:42.77,4:Kenza Martinez:44.59,5:Kai Rossi:53.76,6:Madison Sylla:50.59,7:Manon Kim:35.89,8:Fode Diallo:57.09,9:Hugo Thomas:47.10,10:Zachary Popov:52.07,11:Sora Haddad:55.98,12:Sana Zhang:,13:Sekou Ahmed:44.28,14::,15:Minh Rossi:,16:Omar Kovacs:43.16,17:Kenza Pereira:49.84,18::,19:Liam Vasiliev:40.62,20:Kai Roux:,21:Finn Miller:47.02,22:Lucia Vo:33.01,23::,24:Skylar Gallo:40.51,25:Santiago Huang:44.93,26:Olivia Lefevre:,27:Lian Pereira:39.63,28::,29:Imani Alves:48.89,30::,31:Sonia Greco:56.89,32::,33:Alessio Ferrari:56.17,34:Miguel Dupont:33.68,35:Yasmine Pereira:46.77,36:Silas Moussa:45.53,37:Thao Moreau:44.83
9313,Angers,La Rochelle,08/03/2026,0615,0939,1:Alice Huang:23.34,2:Olivia Morozov:18.66,3:David Faure:20.76,4:Leila Ndiaye:20.56,5:Alessio Ziane:18.52,6:Sofia Davis:18.99,7:Emi Wagner:16.88,8:Driss Kuznetsov:18.80,9:Hassan Liu:23.88,10:Awa Laurent:22.59,11:Hana Bianchi:14.36,12:Harper Martin:22.50,13:Taylor Wilson:17.88,14:Camille Ramirez:17.45,15:Valentine Davis:19.36,16:Gabriel Fahmi:17.48,17:Paul Chen:14.20,18:Louis Singh:21.64,19:Felix Yamamoto:20.43,20:Kai Liu:17.66,21:Orion Bernard:22.20,22:Zoe Popov:18.85,23:Lucas Novak:18.03,24:Ricardo Alves:22.51,25:Farah Gallo:13.94,26:Baptiste Pham:16.38,27:Jason Traore:20.25,28:Natalia Lefevre:19.03,29:Karim Liu:22.58,30:Jules Cruz:20.92,31:Sara Greco:16.81,32:Lea Conti:19.50,33:Pablo Liu:16.79,34:Ulysse Schulz:21.04,35:Yara Brown:15.48,36:Ethan Bianchi:14.38,37:Imani Petrov:16.30,38:Akira Novak:17.29,39:Zola Johnson:17.36,40:Zoe Oliveira:20.79,41:Elsa Park:20.79,42:Miguel Diop:15.76,43:Willow Rossi:13.59,44:Chau Wang:22.39,45:Elena Lopez:16.80,46:Oceane Rodriguez:14.28,47:Felix Zimmermann:22.82,48:Jason Cruz:15.57,49:Manon Clark:17.35,50:Jules Bruno:13.91,51:Clement Lee:20.82
6122,Nantes,Angers,14/08/2026,1600,1730,1:Javier Sato:13.07,2:Rayan Perez:,3:Hana Wagner:19.80,4:Lea Wilson:13.17,5:Finn Weber:18.63,6:Natalia Faure:21.15,7:Jian Popov:22.29,8:Elena Ali:16.46,9:Harper Nkosi:21.48,10:Aki Ivanov:18.14,11:Silas Leroy:20.70,12:Zachary Thomas:16.48,13:Sofia Leroy:12.52,14:Nour Morozov:13.21,15:Valentine Singh:21.52,16:Celeste Taylor:15.95,17:Dylan Popov:14.51,18:Ryo Simon:18.69,19:Tristan Garnier:18.25,20:Imani Rodriguez:14.41,21:Sekou Cherif:22.11,22:Pierre Morozov:15.15,23:Harper Fahmi:,24:Bilal Kuznetsov:16.62,25:Aicha Wong:22.20,26:Harper Ferrari:16.80,27:Javier Dupont:13.97,28:Youssef Conti:16.53,29:Javier Zimmermann:21.92,30:Yasmine Esposito:20.90,31:Liam Bernard:19.69,32:Pierre Taylor:19.74,33:Bilal Clark:15.10,34::,35:Youssef Abebe:,36:Li Schmidt:21.60,37:Isabella Ivanov:14.82
7745,Marseille,Clermont-Ferrand,08/10/2026,1300,1744,1:Felix Zimmermann:33.71,2:Camille Wang:32.99,3:Zoe Bruno:20.14,4:Omar Lopez:20.00,5:Farah Gallo:23.21,6:Kenza Ferrari:32.84,7:Simon Garcia:19.18,8:Maria Garnier:20.54,9:Lucia Weber:23.63,10:Jian Michel:31.47,11:Baptiste Alves:24.10,12:Lucia Vo:31.18,13:Ryan Ziane:25.19,14:Taylor Khan:29.80,15:Ines Schulz:30.75,16:Orion Tran:29.49,17:Quentin Nkosi:26.17,18:Brenda Dubois:34.37,19:Katya Bianchi:27.72,20:Sora Durand:29.13,21:Brenda Popov:30.15,22:Zane Cherif:22.87,23:Rose Moussa:28.18,24:Hazel Khan:25.52,25:Brenda Zimmermann:22.58,26:Minh Sato:31.29,27:Sekou Yamamoto:26.21,28:Baptiste Benali:23.00,29:Fode Fournier:21.26,30:Tristan Durand:19.54,31:Katya Khelifi:19.24,32:Jason Mohamed:19.77,33:Samira Wong:29.76,34:Harper Rizzo:32.84,35:Isabella Smith:25.48,36:Daiki Singh:21.11
6579,Bordeaux,Tours,15/10/2026,1115,1609,1:Kwame Khelifi:24.47,2:Silas Clark:27.30,3:Chen Wong:25.71,4:Igor Chen:27.71,5:Clement Moussa:37.58,6::,7:Austin Moussa:29.95,8:Taro Gallo:41.10,9:Simon Brown:27.28,10:Hugo Thomas:24.82,11:Yara Rodrigues:38.68,12:Madison Gomes:24.92,13:Emma Sokolov:36.97,14:Bjorn Lefevre:26.02,15:Romain Zimmermann:25.99,16:Juan Greco:36.67,17:Alice Huang:38.71,18:Paul Cruz:35.57,19:Bjorn Gallo:37.63,20:Oceane Gomez:33.59,21:Romain Santos:39.35,22::,23:Celeste Chung:37.51,24:Celeste Benali:29.79,25:Theo Schmidt:40.02,26:Lucas Diop:32.27,27:Mateo Oliveira:29.76,28:Ines Hussein:28.28,29:Alessio Moreau:31.74,30:Kwame Schulz:34.95,31:Harper Dupont:,32:Corey Michel:29.51,33:Victor Mohamed:37.56,34:Camille Moreau:27.63,35:Elsa Rodriguez:33.05,36::,37:Imani Williams:34.15,38::,39:Nicolas Sanchez:35.36
3797,Nantes,Bordeaux,04/04/2026,1730,2018,1:Lian Cherif:16.50,2:Sonia Dupont:18.72,3:Ethan Smith:16.48,4:Dmitri Wagner:22.23,5:Skylar Richard:17.82,6:Fode Tran:23.87,7:Sora Wagner:21.78,8:Wei Schulz:24.58,9:Imani Rodriguez:21.56,10:Lea Leroy:15.84,11:Gabriel Park:18.46,12:Hassan Pham:23.41,13:Mei Vidal:17.74,14:Javier Novak:24.85,15:Paul Davis:23.26,16:Paul Sanchez:18.53,17:Sophie Benali:16.78,18:Daiki Singh:17.15,19:Kai Nguyen:20.17,20:Margaux Vasiliev:24.83
7139,Toulouse,La Rochelle,01/04/2026,0800,1357,1:Orion Faure:26.63,2:Jian Torres:42.83,3:David Robert:29.69,4:Emi Pham:43.69,5:Simon Vidal:39.28,6:Sofia Gomez:43.29,7:Jason Ramirez:38.20,8:Amandine Ziane:43.57,9:Celeste Benali:35.10
5545,Tours,Perpignan,01/04/2026,1000,1848,1:Sonia Tran:50.27,2::,3:Eloise Fahmi:48.23,4:Corey Nguyen:37.90,5:Zoe Davis:46.88,6:Miguel Alves:39.21,7:Nour Cruz:48.11,8:Chloe Conti:35.22,9::,10::,11:Samira Wagner:44.59,12:Camille Diallo:39.92,13:Natalia Morozov:57.34,14:Fode Wang:41.97,15:Emma Almeida:49.33,16:Oceane Boudjema:46.34,17:Zola Greco:51.01,18:Silas Novak:,19:Jeanne Petit:54.44,20:Alessio Schmidt:58.37,21::,22:Javier Sato:47.80,23:Nour Smith:43.02,24:Sara Kuznetsov:51.50,25:Kwame Perez:
3402,Grenoble,Rennes,05/08/2026,1645,0056,1:Sara Rodrigues:58.16,2:Olivia Wong:44.76,3:Sonia Greco:43.96,4:Imani Singh:51.32,5:Manon Taylor:53.30,6:Malika Sousa:35.59,7:Liam Nkosi:53.01,8:Chloe Brown:34.84,9:Silas Hussein:57.52,10:Brenda Ouattara:55.58,11:Romain Michel:37.63,12:Felix Schmidt:46.69,13:Kenza Khelifi:57.21,14:Thao Khan:55.63,15:Chau Wang:51.32,16:Gabriel Lee:36.55,17:Bilal Cruz:39.98,18:Elsa Park:52.90,19:Lian Garnier:35.83,20:Leila Kuznetsov:51.77,21:Nour Sousa:54.40,22:Rayan Perez:57.76,23:Erica Lopez:41.96,24:Javier Davis:48.13,25:Aisha Martinez:40.31,26:Jian Garcia:34.98,27:Zachary Gomes:36.07,28:Zola Cherif:44.07,29:Leila Pham:35.58,30:Zachary Moussa:57.83,31:Felix Garnier:53.30,32:Fode Yamamoto:48.71,33:Daiki Kim:54.11
3042,Caen,Tours,29/03/2026,2115,2334,1:Jian Torres:21.15,2:Karim Faure:16.64,3:Karim Novak:18.41,4:Celeste Benali:17.91,5:Alice Hussein:16.33,6:Bilal Mohamed:17.09,7:Samira Ouattara:18.76,8:Jason Greco:13.24,9:Gabriel Rodrigues:18.77,10:Manon Moreau:16.05,11:Willow Taylor:13.99,12:Rayan Perez:18.89,13:Hazel Laurent:17.29,14:Juan Sokolov:21.54,15:Akira Martin:17.87,16:Hugo Leroy:21.93,17:Elena Richard:13.08,18:Zoe Bruno:17.95,19:Taylor Cruz:14.53,20:Minh Benali:21.75,21:Mehdi Gomez:18.36,22:Liam Khelifi:20.86,23:Simon Vidal:15.24,24:Ryo Bruno:13.39,25:Gabriel Schmidt:13.79,26:Kenji Russo:16.68,27:Ryo Esposito:18.50,28:Yara Miller:22.31,29:Lea Diallo:19.30,30:Natalia Sylla:21.09,31:Amandine Wilson:20.27,32:Ulysse Weber:14.64,33:Jian Singh:15.53,34:Thao Tran:19.53
1125,Reims,Paris,30/10/2026,1245,2130,1:Chen Robert:52.16,2:Omar Doan:54.37,3:Katya Doan:43.13,4:Nicolas Ahmed:55.80,5:Elena Diallo:47.48,6:Aki Faure:45.55,7:Harper Martin:58.25,8:Carmen Miller:56.14,9:Brenda Dubois:42.21,10:Baptiste Kuznetsov:44.53,11:Kwame Cherif:52.47,12:Mei Dupont:58.13,13:Oceane Schmidt:53.46,14:Manon Gomez:48.28,15:Chau Bianchi:42.97,16:Simon Brown:54.39,17:Emma Taylor:45.00,18:Celeste Boudjema:54.46,19:Taro Wang:36.14,20:Natalia Klein:51.62,21:Bilal Clark:55.18,22:Carmen Liu:33.09,23:Sofia Esposito:42.48,24:Baptiste Thomas:44.40,25:Tristan Schmidt:58.38,26:Ines Laurent:53.53,27:Brenda Le:38.08,28:Nicolas Greco:52.35,29:Olivia Tanaka:55.71,30:Lucia Kovacs:42.09,31:Javier Kovacs:45.67
6714,Limoges,Rennes,30/05/2026,0630,1145,1:Olivia Pereira:23.97,2:Brenda Simon:36.99,3:Corey Martin:24.56,4:Nour Wong:29.75,5:Mateo Laurent:28.60,6:Silas Sylla:37.56,7:Rose Garcia:34.36,8:Harper Nkosi:30.74,9:Sophie Cruz:25.34,10:Zola Torres:33.61,11:Mei Tanaka:29.69,12:Manon Clark:24.28,13:Chau Lee:25.72,14:Sekou Fournier:28.94,15:Hana Silva:34.06,16:Bjorn Richard:25.18,17:Rayan Dubois:36.50,18:Taylor Moore:38.62,19:Nicolas Sanchez:36.16,20:Lucia Mohamed:38.59,21:Li Zhang:32.22,22:Aicha Robert:27.30,23:Ethan Liu:34.15,24:Liam Nkosi:37.63,25:Orion Tran:33.78,26:Jason Khelifi:39.29,27:Zachary Traore:38.89,28:Chau Khan:23.07,29:Gabriel Sanchez:38.36,30:Karim Novak:26.25,31:Alice Dupont:34.44,32:Carmen Sato:29.46,33:Liam Pereira:36.70,34:Camille Ramirez:26.63,35:Olivia Kim:34.19,36:Valentine Khelifi:37.36,37:Nicolas Kowalski:23.28,38:Kofi Suzuki:31.08,39:Ryo Hussein:27.96,40:Lian Pereira:28.48,41:Noah Khan:37.23,42:Harper Cisse:22.25,43:Noah Ramirez:37.85,44:Alessio Gomes:29.41,45:Elsa Park:27.84,46:Jeanne Wang:24.35,47:Sergei Boudjema:23.90,48:Jules Garcia:29.43,49:Corey Lefevre:30.87,50:Kenji Mohamed:35.85,51:Paul Pham:23.28,52:Madison Moussa:36.48,53:Zachary Zimmermann:36.69,54:Chloe Conti:26.97
8538,Limoges,Saint-Etienne,23/11/2026,0630,1108,1:Noah Khan:24.49,2:Sophie Vo:26.39,3:Skylar Richard:29.68,4:Pierre Almeida:21.72,5:Youssef Ramirez:28.64,6:Kenji Boudjema:19.13,7:Minh Fahmi:19.87,8:Liam Pham:26.64,9:Minh Ivanov:33.20,10:Fiona Greco:31.10,11:Driss Ziane:26.98,12:Nicolas Doan:33.39,13:Natalia Durand:24.88,14:Amine Lefevre:31.01,15:Theo Gomes:21.81,16:Theo Kim:25.67,17:Quentin Ali:24.21,18:Imani Rodriguez:26.52,19:Silas Greco:20.59,20:Kofi Dubois:22.03,21:Pierre Moussa:26.87,22:Zoe Huang:28.23,23:Skylar Nguyen:22.47,24:Liam Bernard:26.22,25:Nala Conti:22.69,26:Kwame Schulz:23.13,27:Manon Dubois:33.87,28:Fode Dubois:33.23
6320,Nantes,Clermont-Ferrand,05/09/2026,0630,1335,1:Theo Bruno:37.93,2:Finn Miller:30.16,3:Madison Torres:52.23,4:Jackson Kim:49.67,5:Kai Martinez:48.78,6:Sonia Greco:42.48,7:Taylor Durand:53.04,8:Emma Cherif:42.31,9:Camille Tran:33.78,10:Paul Chen:40.45,11:Omar Doan:36.99,12:Noah Hussein:32.92,13:Jian Garcia:30.28,14:Jian Esposito:38.15,15:Farah Gallo:43.51,16:Romain Sylla:48.39,17:Sora Davis:51.31,18:Bilal Torres:35.89,19:Isabella Popov:48.22,20:Austin Schmidt:33.98,21:Elsa Rodriguez:49.46,22:Celeste Taylor:40.09,23:Bilal Cruz:53.82,24:Zoe Huang:49.44,25:Madison Khan:36.81,26:Yara Brown:47.32,27:Brenda Kovacs:43.83,28:Yara Clark:35.62
1645,Le Mans,Limoges,24/10/2026,0730,1127,1:Madison Khan:25.25,2:Brenda Dubois:25.36,3:Lian Diallo:22.48,4:Minh Sato:24.45,5:Zoe Perez:21.77,6:Jeanne Ahmed:31.06,7:Elena Sousa:30.05,8:David Rizzo:27.09,9:Awa Kuznetsov:25.12,10:David Santos:28.49,11:Daiki Bianchi:23.54
3523,Marseille,Lyon,28/09/2026,1145,1628,1:Amandine Perez:29.87,2:Chloe Brown:23.09,3:Ethan Smith:30.37,4:Oceane Lee:34.62,5:Skylar Chung:21.53,6:Isabella Ziane:34.46,7:Rayan Garcia:21.49,8:Nicolas Wong:24.15,9:Jules Torres:21.48,10:Imani Perez:23.22,11:Valentine Oliveira:32.80,12:Yara Miller:28.83,13:Pierre Diallo:30.14,14:Jian Martinez:30.09,15:Rose Moussa:29.90,16:Yasmine Boudjema:29.86,17:Ines Pereira:33.75,18:Amandine Ali:26.75,19:Ulysse Petrov:34.65,20:Bjorn Moore:29.65,21:Gabriel Yamamoto:28.18,22:Samira Khelifi:30.45
6378,Tours,Bordeaux,28/11/2026,1245,1915,1:Felix Haddad:47.53,2:Nicolas Ahmed:34.71,3:Sara Ferrari:42.11,4:Yara Wilson:51.78,5:Kenza Martinez:40.50,6:Jason Ferrari:34.60,7:Finn Weber:45.87,8:Sophie Cherif:53.59,9:Lea Leroy:31.89,10:Erica Morozov:46.78,11:Sonia Boudjema:53.70,12:Margaux Dupont:47.07,13:Li Faure:52.47,14:Chloe Weber:36.05,15:Tristan Haddad:50.38,16:Aki Ribeiro:48.32,17:Liam Nkosi:41.73,18:Dylan Rizzo:50.26,19:Sophie Nguyen:38.54,20:Willow Cisse:47.51,21:Dmitri Le:52.96,22:Clement Sato:45.45,23:Austin Cisse:32.91,24:Lian Cruz:47.25,25:Igor Alves:52.93,26:Hugo Tran:51.72,27:Noah Gallo:48.36,28:Erica Sokolov:38.02,29:Rayan Rodriguez:42.90
9724,Lille,Lyon,10/05/2026,2245,0526,1:Kenza Weber:43.22,2:Nala Garnier:48.61,3:Kenza Martinez:,4:Malika Le:42.48,5:Madison Khan:34.62,6:Nour Cruz:,7:Madison Muller:53.34,8:Javier Richard:42.40,9:Eloise Sanchez:38.00,10:Ryo Simon:32.11,11:Fiona Miller:35.31,12:Mateo Abebe:33.07,13:Nicolas Yamamoto:38.13,14:Zane Almeida:43.49,15:Amine Durand:37.28,16:Aicha Ndiaye:49.26,17:Emi Wang:37.56,18:Rayan Moreau:42.75,19::,20:Minh Sato:33.72,21:Valentine Rodrigues:42.09,22:Awa Cisse:38.68,23:Igor Moussa:31.24,24:Zoe Bruno:,25:Yumi Liu:33.02,26:Zoe Greco:,27:Felix Perez:36.16,28:Jeanne Ahmed:47.31,29:Thao Laurent:39.16,30:Mei Dubois:43.08,31:Fiona Greco:32.40,32:Zachary Chung:46.53,33:Hazel Ribeiro:31.63
8641,Rouen,Rennes,16/10/2026,1345,1816,1:Valentine Smith:23.24,2:Sonia Ahmed:31.07,3:Karim Sanchez:40.13,4:Juan Miller:32.14,5:Jeanne Fahmi:36.65,6:Karim Sousa:35.62,7:Simon Le:30.80,8:Emma Ziane:28.86,9:Pierre Diallo:38.61,10:Elsa Ali:25.94,11:Olivia Kim:24.08,12:Camille Wang:26.69,13:Juan Russo:36.71,14:Valentine Rizzo:34.43,15:Chloe Ferrari:23.09,16:Miguel Diop:36.19,17:Orion Davis:40.74,18:Zola Williams:35.45,19:Olivia Kuznetsov:24.42,20:Kofi Dubois:37.21,21:Skylar Petit:25.09,22:Hassan Bruno:31.68,23:Noah Vo:33.38,24:Daiki Garcia:34.45,25:Nicolas Sanchez:32.35,26:Jason Mohamed:39.24,27:Quentin Chung:30.72,28:Ryan Liu:23.61,29:Felix Wagner:25.36,30:Oceane Vidal:33.75
1037,Perpignan,Angers,20/07/2026,1430,2224,1:Felix Klein:46.99,2:Felix Esposito:56.92,3:Margaux Diallo:56.40,4:Emma Petrov:47.99,5:Alessio Haddad:42.09,6:Nicolas Khelifi:49.24,7:Louis Sanchez:37.39,8:Imani Bernard:34.13,9:Jules Rizzo:35.21,10:Natalia Davis:39.14,11:Zoe Huang:41.01,12:Lucia Hussein:42.42,13:Jeanne Petit:38.79,14:Wei Schmidt:45.53,15:Celeste Nkosi:35.41,16:Victor Zimmermann:33.02,17:Driss Nguyen:39.65,18:Jules Oliveira:52.72,19:Sonia Boudjema:39.41,20:David Gomez:46.63,21:Ulysse Laurent:46.87,22:Lea Suzuki:47.71,23:Chau Ouattara:43.00,24:Nour Wang:35.41,25:Mehdi Sato:45.53,26:Theo Sousa:49.94,27:Sofia Silva:47.32,28:Willow Traore:44.25,29:Ryan Conti:37.90
8163,Toulouse,Rouen,12/08/2026,1300,2307,1:Oceane Bruno:50.17,2:Emi Conti:53.40,3:Maria Torres:39.57,4:Javier Wang:46.19,5:Isabella Mohamed:48.36,6:Minh Chen:49.55,7:Imani Fournier:50.32,8:Ricardo Cisse:54.93,9:Lian Sokolov:45.88,10:Igor Doan:35.47,11:Emma Conti:49.93,12:Silas Davis:57.20,13:Nala Conti:53.42,14:Isabella Clark:55.37,15:Ryan Vidal:51.49,16:Imani Kuznetsov:54.35,17:Youssef Ramirez:57.88,18:Brenda Le:41.23,19:Emma Nguyen:51.92,20:Jeanne Petit:45.34,21:Rose Miller:42.90,22:Silas Martin:38.36,23:Valentine Rizzo:41.57,24:Pierre Almeida:47.97,25:Elsa Garnier:34.06,26:Amandine Ali:50.75,27:Sara Rodrigues:34.18,28:Felix Haddad:43.40,29:Natalia Wong:54.34,30:Javier Bianchi:43.44,31:Malika Richard:53.77,32:Willow Ali:44.50,33:Sara Schmidt:41.78,34:Bjorn Richard:51.90,35:Omar Singh:52.16,36:Sekou Moreau:55.49,37:Dylan Ouattara:41.65,38:Bilal Ali:47.92,39:Sophie Vidal:36.85,40:Erica Mohamed:42.71
8926,Lille,Marseille,22/03/2026,1815,0325,1:Thao Ahmed:53.38,2:Sonia Dupont:35.33,3:Tristan Tran:33.66,4:Hazel Laurent:43.10,5:Nicolas Doan:54.46,6:Victor Singh:53.71,7:Margaux Schmidt:42.60,8:Manon Rizzo:55.32,9:Mei Vidal:54.62,10:Li Kowalski:40.52,11:Austin Chen:42.92,12:Sonia Boudjema:38.44,13:Natalia Nkosi:52.95,14:Nala Mohamed:40.36,15:Ryan Vidal:37.17,16:Harper Moreau:40.93,17:Maria Traore:51.80,18:Alessio Schulz:37.04,19:Zachary Wilson:38.13,20:Sekou Fournier:33.75,21:Felix Wagner:49.73,22:Hana Gallo:49.37,23:Elena Laurent:39.06,24:Amandine Ziane:34.13,25:Yara Clark:50.60,26:Chen Cherif:42.45,27:Sofia Suzuki:57.91,28:Rose Thomas:37.53,29:Sora Davis:50.06,30:Miguel Greco:51.68,31:Amandine Robert:54.07,32:Erica Sokolov:39.50,33:Orion Bernard:52.42,34:Baptiste Rodriguez:53.06,35:Omar Doan:58.05,36:Emma Moussa:53.03,37:Adrien Moore:40.57,38:Finn Davis:42.95,39:Finn Russo:49.82,40:Taro Gallo:43.23,41:Olivia Pereira:40.66,42:Madison Thomas:51.06,43:Ricardo Diop:34.02,44:Austin Liu:40.06,45:Nour Popov:56.00,46:Chen Robert:34.84,47:Fode Almeida:55.37,48:Nicolas Khelifi:37.94,49:Jackson Ramirez:48.39,50:Pablo Ndiaye:43.27,51:Yumi Russo:47.28,52:Sophie Vidal:44.48,53:Taylor Klein:41.20,54:Farah Boudjema:43.71,55:Fode Wilson:44.86
5598,Rouen,Strasbourg,25/04/2026,0730,1744,1:Lea Brown:53.55,2:Lucia Kuznetsov:48.55,3:Zoe Fahmi:43.64,4:Dylan Petrov:49.25,5:Paul Pham:56.92,6:Javier Dupont:52.01,7:Santiago Clark:42.84,8:Ulysse Clark:49.16,9:Emi Johnson:41.86,10:Ethan Durand:33.11,11:Aisha Park:33.87,12:Felix Esposito:50.69,13:Jackson Ferrari:57.85,14:Elena Oliveira:54.99,15:Theo Kim:52.20,16:Willow Traore:42.93,17:Imani Dupont:41.14,18:Fiona Garnier:57.61,19:Driss Perez:54.30,20:Youssef Lopez:57.31,21:Erica Sanchez:47.71,22:Katya Tran:52.24,23:Sara Khan:54.83,24:Kimberly Abebe:42.80,25:Kimberly Schmidt:43.15,26:Kenji Cherif:37.03,27:Manon Kim:57.95,28:Olivia Alves:56.90,29:Jeanne Petrov:57.49,30:Mateo Laurent:37.11,31:Corey Nguyen:40.64,32:Alessio Haddad:43.69,33:Alessio Ziane:39.37,34:Chau Torres:41.59,35:Nour Singh:45.70,36:Maria Roux:48.65,37:Javier Haddad:50.24,38:Liam Pham:45.62
3773,Toulouse,Paris,22/12/2026,1600,0320,1:Ryan Rossi:42.92,2:Austin Chen:50.83,3:Theo Sousa:55.47,4:Santiago Perez:46.34,5:Paul Muller:49.29,6:Yasmine Pereira:53.29,7:Gabriel Fahmi:56.28,8:Kai Liu:33.79,9:Aki Kovacs:37.73,10:Santiago Sousa:56.95,11:Celeste Bianchi:45.27,12:Nala Garnier:39.37,13:Pablo Liu:47.88,14:Alessio Wong:49.85,15:Jeanne Taylor:57.38,16:Arthur Abebe:34.39,17:Madison Santos:40.93,18:Liam Pham:47.61,19:Zola Clark:55.43,20:Bilal Cruz:39.77,21:Theo Tanaka:38.79,22:Pablo Petrov:32.72,23:Taylor Durand:36.46,24:Ethan Zhang:56.29,25:Pierre Moussa:50.48,26:Leila Vidal:37.10,27:Rose Robert:46.94,28:Sana Ali:54.61,29:Miguel Sylla:34.69,30:Santiago Robert:52.32,31:Oceane Robert:32.92,32:Yumi Wilson:41.01,33:Taro Wilson:39.39,34:Brenda Garnier:52.51,35:Ryo Sanchez:34.41,36:Jackson Popov:35.78,37:Ethan Cisse:41.55,38:Harper Rizzo:43.16,39:Louis Singh:43.68,40:Jackson Sanchez:50.00,41:Quentin Petrov:34.77,42:Ricardo Nkosi:39.02,43:Sergei Rossi:52.18
6254,Saint-Etienne,Tours,17/06/2026,1900,0005,1:Manon Taylor:33.71,2:Nala Moore:33.17,3:Isabella Lefevre:34.44,4:Sofia Suzuki:34.16,5:Arthur Khan:25.00,6:Clement Cherif:34.06,7:Nicolas Kowalski:20.69,8:Samira Ouattara:23.31,9:Kai Michel:21.09,10:Willow Simon:21.71,11:Hassan Liu:29.00,12:Maria Sylla:27.50,13:Amine Torres:28.42,14:Imani Rodriguez:24.43,15:David Le:28.40,16:Aicha Kowalski:28.82,17:Felix Garcia:23.16,18:Kai Rodrigues:32.52,19:Madison Torres:25.92,20:Kenji Leroy:35.98,21:Yumi Zimmermann:26.73,22:Igor Moussa:24.64,23:Camille Morozov:33.45,24:Dylan Ouattara:29.88,25:Austin Schmidt:20.87,26:Brenda Ouattara:35.27,27:Igor Cisse:24.64,28:Sergei Bernard:34.25,29:Willow Taylor:21.06
8028,Clermont-Ferrand,Tours,15/07/2026,1300,1831,1:Mei Garnier:42.58,2:Louis Park:34.57,3:Lucas Almeida:46.47,4:Silas Dubois:27.91,5:Felix Huang:34.40,6:Lea Sato:43.10,7:Nicolas Ouattara:33.31,8:Elena Laurent:36.56,9:Natalia Faure:38.91,10:Jules Martin:46.64,11:Rose Ramirez:37.87,12:Hana Miller:37.62,13:Chen Diallo:42.49,14:Dylan Perez:35.25,15:Simon Garcia:32.45,16:Sara Schmidt:31.75,17:Baptiste Sanchez:32.26,18:Skylar Popov:42.30,19:Manon Wong:31.39,20:Jian Pham:26.80,21:Finn Russo:37.35,22:Daiki Smith:32.11,23:Kenza Perez:33.74,24:Lucas Cherif:32.75,25:Yasmine Nguyen:36.46,26:Hugo Fahmi:31.20,27:Rose Sato:34.65
6748,Reims,Brest,27/12/2026,1100,0057,1:Pierre Doan:45.40,2:Mei Dubois:35.79,3:Zola Garcia:56.44,4:Nala Garnier:44.94,5:Oceane Vidal:45.67,6:Dmitri Klein:36.54,7:Camille Santos:41.16,8:Youssef Almeida:54.98,9:Daiki Smith:47.86,10:Lian Lee:51.01,11:Oceane Huang:46.42,12:Hana Gallo:48.93,13:Louis Ouattara:52.64,14:Sofia Gomez:34.18,15:Erica Mohamed:33.04,16:Amandine Perez:37.07,17:Madison Thomas:49.00,18:Nicolas Ali:53.85,19:Bjorn Tran:33.62,20:Kwame Weber:58.25,21:Jian Torres:49.17,22:Bjorn Torres:57.23,23:Sophie Gomez:48.18,24:Emi Schulz:36.51,25:Leila Roux:47.27,26:Oceane Boudjema:52.88,27:Silas Sylla:45.18,28:Mateo Schulz:51.57,29:Willow Popov:47.89,30:Mehdi Wilson:55.52,31:Ethan Klein:50.87,32:Kenji Weber:47.49,33:Silas Sokolov:39.33,34:Mateo Laurent:56.58,35:Kenza Bernard:55.51,36:Erica Singh:49.79,37:Mei Vidal:52.68,38:Alessio Oliveira:55.55,39:Ines Le:33.91,40:Zola Greco:48.26,41:Miguel Diop:39.63,42:Wei Moreau:34.20,43:Fode Moussa:33.50,44:Nala Miller:45.53,45:Alice Torres:54.01,46:Natalia Muller:41.29,47:Erica Cruz:39.48,48:Oceane Gomez:36.47,49:Willow Vo:32.95
7020,Lille,Reims,26/12/2026,0645,1503,1:Zola Cherif:54.92,2:Liam Rodriguez:51.73,3:Orion Russo:45.61,4:Alessio Moreau:51.16,5:Ryan Rodriguez:53.79,6:Fode Park:42.80,7:Harper Cisse:50.71,8:Bjorn Schmidt:57.41,9:Quentin Roux:41.28,10:Louis Ouattara:42.94,11:Miguel Wagner:34.42,12:Ryan Ivanov:55.66,13:Ines Sokolov:57.53,14:Samira Huang:51.12,15:Elena Laurent:53.89,16:Zane Wilson:52.60,17:Jeanne Moreau:37.70,18:Gabriel Yamamoto:48.65,19:Sara Fahmi:41.62,20:Olivia Lefevre:44.66,21:Romain Zimmermann:39.57,22:Sora Silva:52.15,23:Miguel Sylla:49.49,24:Akira Martin:37.94,25:Emi Wagner:50.66,26:Mateo Laurent:54.18,27:Natalia Weber:40.81,28:Skylar Richard:50.83,29:Ulysse Weber:45.67,30:Li Zhang:36.78,31:Igor Cherif:32.91,32:Aicha Garnier:54.47,33:Yara Miller:34.78
2319,Grenoble,Brest,02/12/2026,0915,1923,1:Chau Ivanov:54.54,2:Simon Garnier:47.50,3:Kenza Chen:50.79,4:Harper Kuznetsov:47.15,5:Theo Tanaka:53.83,6:Leila Leroy:53.18,7:Yumi Zimmermann:45.31,8:Quentin Chung:55.32,9:Amine Gomez:41.90,10:Chau Zimmermann:42.79,11:Sofia Wang:54.82,12:Ulysse Lopez:41.35,13:Elsa Martin:37.23,14:Elsa Kim:48.08,15:Ryo Hussein:36.27,16:Ulysse Garnier:52.02,17:Daiki Garcia:52.10,18:Driss Williams:43.17,19:Driss Greco:55.64,20:Hazel Traore:48.53,21:Nour Smith:50.59,22:Youssef Morozov:50.12,23:Zoe Tanaka:39.97,24:Leila Vidal:49.79
9128,Bordeaux,Nice,28/02/2026,2000,0924,1:Chau Fournier:48.70,2:Natalia Zhang:38.44,3:Isabella Dupont:34.63,4:Youssef Conti:40.46,5:Amandine Moore:34.42,6:Driss Kuznetsov:33.97,7:Li Martinez:40.89,8:Pablo Martinez:49.95,9:Tristan Santos:43.26,10:Ines Doan:50.70,11:Youssef Wagner:39.49,12:Adrien Laurent:46.79,13:Amandine Perez:50.93,14:Fode Perez:42.42,15:Ulysse Wang:51.84,16:Akira Novak:37.93,17:Gabriel Schmidt:35.77,18:Kofi Dubois:43.46,19:Harper Nkosi:34.33,20:Sophie Tran:42.08,21:Valentine Oliveira:38.37,22:Kai Rodrigues:39.81,23:Alessio Lopez:46.14,24:Celeste Muller:34.77,25:Samira Gomes:55.90,26:Chau Ivanov:43.21,27:Youssef Ramirez:52.62,28:Noah Khan:52.12,29:Jian Martinez:40.59,30:Quentin Gomez:55.27,31:Dmitri Russo:56.28,32:Lucia Mohamed:41.43
1700,Rennes,La Rochelle,09/11/2026,0800,1154,1:Isabella Durand:25.60,2:Emma Cisse:18.02,3:Zachary Wilson:16.78,4:Quentin Fernandez:24.64,5:Camille Morozov:27.35,6:Nour Cruz:23.68,7:Ulysse Vo:20.12,8:Aki Torres:20.78,9:Mehdi Bernard:26.86,10:Lucia Rodriguez:17.73,11:Sana Kovacs:27.54,12:Driss Yamamoto:19.88,13:Yara Cisse:28.34,14:Erica Singh:16.94,15:Sora Russo:16.41,16:Hugo Leroy:18.56,17:Gabriel Cherif:17.12,18:Kofi Pereira:19.99,19:Taylor Moore:23.77,20:Quentin Leroy:22.24,21:Lucas Almeida:23.46,22:Bjorn Lefevre:25.70,23:Harper Kuznetsov:29.39,24:Louis Moussa:17.43
7707,Rennes,Paris,01/08/2026,1415,2000,1:Sonia Ahmed:27.32,2:Tristan Diop:39.21,3:Ryan Morozov:37.62,4:Leila Pham:44.49,5:Kenji Leroy:28.86,6:Oceane Bernard:32.62,7:Kwame Vidal:36.75,8:Amandine Cisse:26.63,9:Jules Cruz:34.20,10:Kofi Pereira:34.06,11:Manon Wong:27.84,12:Elena Ali:41.30,13:Igor Muller:29.97,14:Miguel Novak:37.85,15:Thao Gallo:31.20,16:Jian Martinez:27.43,17:Skylar Laurent:35.05,18:Maria Smith:44.87,19:Driss Cisse:37.24,20:Amandine Robert:44.11,21:Willow Tanaka:45.69,22:Austin Haddad:35.43,23:Alessio Boudjema:27.30,24:Ricardo Vidal:33.40,25:Natalia Lefevre:40.01,26:Lucas Clark:34.09,27:Zane Morozov:38.93
1650,Grenoble,Lille,24/07/2026,2115,0453,1:Mateo Kuznetsov:46.61,2:Taro Gallo:49.30,3:Finn Vo:39.12,4:Fiona Doan:37.36,5:Javier Wilson:47.62,6:Gabriel Ouattara:55.06,7:Chloe Laurent:32.92,8:Carmen Wagner:50.22,9:Pierre Yamamoto:53.45,10:Manon Gomez:41.62,11:Ulysse Park:56.85,12:Thao Khan:37.40,13:David Faure:50.81,14:Sergei Bernard:47.54,15:Li Abebe:36.46,16:Driss Kuznetsov:39.97,17:Tristan Schmidt:33.86,18:Paul Durand:56.81,19:Mei Nkosi:49.55,20:Natalia Nkosi:41.58,21:Zane Suzuki:51.08,22:Kenza Bernard:47.21,23:Kai Bianchi:40.08,24:Leila Greco:42.63,25:Youssef Sousa:50.19,26:Jason Fournier:41.33,27:Hazel Schmidt:35.22,28:Emma Conti:40.41,29:Bjorn Sato:43.86,30:Sekou Haddad:38.72,31:Chen Sanchez:40.85,32:Aisha Traore:38.23,33:Sergei Perez:34.55
6575,Caen,Perpignan,05/04/2026,2215,0826,1:Amine Rizzo:51.62,2:Baptiste Santos:34.86,3:Zoe Kowalski:36.14,4:Ulysse Vidal:51.87,5:Sergei Gallo:33.91,6:Zachary Popov:56.11,7:Mei Vidal:35.69,8:Isabella Dupont:45.89,9:Louis Rossi:39.83,10:Chloe Traore:42.21,11:Jeanne Taylor:33.32,12:Isabella Ivanov:47.67,13:Hugo Wilson:42.34,14:Akira Miller:46.78,15:Kenza Vidal:34.99,16:Louis Simon:41.81,17:Baptiste Rizzo:46.18,18:Youssef Morozov:35.34,19:Carmen Cisse:50.11,20:Imani Laurent:49.36,21:Lea Suzuki:47.37,22:Carmen Faure:35.89,23:Willow Mohamed:51.27,24:Taro Gallo:33.62,25:Ryan Liu:38.26,26:Ethan Dupont:43.60,27:Sara Petit:47.63,28:Farah Wilson:34.83,29:Malika Richard:46.35,30:Pablo Richard:40.12,31:Juan Lefevre:41.60,32:Javier Novak:33.70,33:Sophie Nguyen:41.78,34:Yara Doan:49.27,35:Natalia Durand:40.37,36:Lucas Doan:37.84,37:Silas Novak:43.60,38:Chen Robert:47.78,39:Katya Lee:38.08,40:Sara Kuznetsov:32.55,41:Arthur Ivanov:46.08,42:Celeste Chung:40.95,43:Omar Kovacs:45.46
9600,Metz,Marseille,28/07/2026,0715,1219,1:Juan Lefevre:37.18,2:Kofi Dubois:39.07,3:Simon Vidal:27.43,4:Madison Diop:27.23,5:Jian Robert:29.51,6:Kenza Ferrari:40.76,7:Ricardo Martinez:30.31,8:Elena Liu:35.76,9:Hazel Morozov:39.48,10:Bilal Kuznetsov:37.71,11:Quentin Ali:24.80,12:Juan Petit:27.88,13:Alessio Oliveira:27.26,14:Igor Chen:26.51,15:Hugo Wilson:35.78,16:Orion Pereira:28.87,17:Carmen Wagner:27.85,18:Bjorn Lefevre:23.90,19:Amandine Perez:29.17,20:Valentine Yamamoto:24.11,21:Sana Sousa:28.34,22:Oceane Rodriguez:25.36,23:Minh Rizzo:36.94,24:Sara Martinez:34.33,25:Erica Mohamed:38.86,26:Emma Vidal:33.61,27:Louis Ndiaye:39.03,28:Jeanne Wagner:37.52
3623,Saint-Etienne,Marseille,24/05/2026,0645,1127,1:Javier Bianchi:26.39,2:Kai Michel:20.67,3:Elena Gomes:26.84,4:Olivia Weber:25.79,5:Juan Roux:26.05,6:Kenza Vidal:20.98,7:Hugo Nkosi:29.81,8:Austin Chen:29.50,9:Paul Chen:20.69,10:Felix Huang:23.72,11:Aisha Martinez:31.34,12:Lian Garnier:28.96,13:Lian Cherif:21.07,14:Kofi Novak:32.84,15:Chau Bianchi:27.76,16:Sara Khan:28.70
3571,Nice,Reims,01/03/2026,1930,0217,1:Nicolas Ali:43.15,2:Margaux Conti:43.28,3:Ryo Simon:36.10,4:Aicha Laurent:54.31,5:Bilal Le:45.49,6:Amandine Perez:38.44,7:Amandine Ziane:35.01,8:Li Martinez:50.78,9:Aki Muller:33.21,10:Santiago Clark:36.51,11:Simon Thomas:51.87,12:Ines Dubois:41.69,13:Finn Weber:48.08,14:Jian Robert:37.23,15:Orion Simon:43.31,16:Sergei Dubois:49.48,17:Kofi Ndiaye:51.53,18:Romain Zimmermann:57.82,19:Arthur Wong:55.09,20:Rayan Davis:47.31,21:Sora Haddad:35.23,22:Tristan Chen:37.57,23:Fiona Park:47.63,24:Akira Brown:49.57,25:Wei Moreau:46.61,26:Austin Thomas:50.02,27:Manon Zimmermann:48.92,28:Awa Laurent:46.05,29:Hana Wagner:39.58,30:Austin Pereira:44.12,31:Sana Vo:36.99,32:Malika Martin:42.08
8945,Clermont-Ferrand,Nice,21/10/2026,1915,0326,1:Sana Martin:39.75,2:Li Benali:47.45,3:Brenda Ouattara:37.81,4:Kai Cisse:38.63,5:Natalia Cruz:41.94,6:Elena Gomes:45.35,7:Felix Tanaka:57.28,8:Yasmine Esposito:54.75,9:Lucia Weber:55.82,10:Elena Laurent:52.46,11:Minh Fahmi:41.55,12:Thao Singh:43.85,13:Fode Tanaka:52.47,14:Clement Lopez:45.30,15:Jeanne Haddad:56.93,16:Akira Abebe:44.83,17:Bilal Le:37.05,18:Malika Martin:42.14,19:Kenza Williams:51.24,20:Taro Zimmermann:38.36,21:Quentin Leroy:34.03,22:Clement Esposito:44.51,23:Yumi Liu:46.93,24:Louis Kim:57.44,25:Manon Silva:47.78,26:Ryo Simon:32.96,27:Simon Chen:32.95,28:Carmen Miller:38.57,29:Sofia Kovacs:34.37,30:Hana Klein:50.66,31:Mehdi Bernard:44.73,32:Celeste Nkosi:54.97,33:Felix Yamamoto:48.24,34:Mehdi Richard:43.23
8866,Strasbourg,La Rochelle,06/11/2026,0815,1834,1:Jian Ali:36.67,2:Ryan Benali:57.22,3:Yasmine Boudjema:55.95,4:Emi Rizzo:41.60,5:Igor Ali:48.21,6:Quentin Fernandez:48.94,7:Celeste Muller:38.22,8::
7580,La Rochelle,Lille,04/06/2026,1930,0316,1:Chen Muller:45.58,2:Ryo Doan:41.14,3:Lian Traore:58.08,4:Skylar Chung:46.66,5:Mateo Huang:35.57,6:Pierre Garnier:56.70,7:Madison Moussa:32.59,8:Elsa Kim:40.87,9:Olivia Khelifi:37.68,10:Mehdi Conti:54.48,11:Liam Rodriguez:34.28,12:Kai Park:50.77,13:Valentine Huang:42.08,14:Natalia Cruz:45.95,15:Noah Lopez:48.85,16:Oceane Ouattara:43.72,17:Santiago Abebe:34.80,18:Rose Ramirez:51.25,19:David Ferrari:40.66,20:Eloise Popov:44.38,21:Sara Tran:34.85,22:Zola Sylla:57.71,23:Mateo Wang:35.85,24:Mehdi Gomez:56.76,25:Aicha Laurent:55.44,26:Madison Tanaka:58.05,27:Liam Khelifi:49.03,28:Pablo Wang:51.34,29:Aicha Muller:44.87,30:Amine Novak:48.28
5411,Saint-Etienne,Reims,13/07/2026,1630,1943,1:Camille Tran:24.64,2:Chau Wang:24.24,3:Alessio Alves:14.40,4:Zoe Perez:18.95,5:Pierre Ziane:23.16,6:Tristan Wang:18.67,7:Lucas Novak:14.97
3580,Paris,Strasbourg,18/07/2026,1115,2149,1:Miguel Clark:43.37,2:Orion Bernard:52.67,3:Erica Sato:56.47,4:Isabella Dupont:45.47,5:Imani Laurent:41.55,6:Jeanne Clark:44.12,7:Ryo Bruno:47.47,8:Jeanne Wagner:53.82,9:Camille Wang:44.91,10:Willow Tanaka:49.72,11:Jeanne Haddad:39.08,12:Baptiste Sanchez:43.51,13:Chloe Conti:46.19,14:Yumi Wilson:36.01,15:Liam Pereira:,16:Chloe Singh:45.82,17:Mehdi Schmidt:37.31,18:Zachary Popov:32.82,19::,20:Louis Haddad:36.03,21:Baptiste Rodriguez:57.25,22:Sergei Rossi:51.12,23:Ryan Rossi:45.48,24:Chloe Kuznetsov:37.62,25:Juan Lefevre:37.29,26:Miguel Sylla:44.73,27:Felix Vidal:56.07,28:Ethan Durand:50.62,29:Adrien Conti:,30:Oceane Gomez:46.75,31:Awa Suzuki:47.56
7327,La Rochelle,Toulouse,13/05/2026,0700,1221,1:Daiki Bianchi:31.25,2:Arthur Ivanov:43.62,3:Brenda Zimmermann:37.70,4:Skylar Nguyen:41.50,5:Chloe Kovacs:28.56,6:Mehdi Ali:41.73,7:Willow Cruz:37.46,8:Fode Yamamoto:41.40,9:Chloe Conti:38.90,10:Sergei Sokolov:27.42,11:Omar Singh:27.91,12:Igor Almeida:28.73,13:Sophie Cruz:29.09,14:Orion Laurent:26.12,15:Finn Weber:38.52,16:Samira Martin:30.94,17:Jeanne Taylor:37.82,18:Thao Michel:32.91,19:Jackson Wang:45.86,20:Skylar Rossi:30.23,21:Natalia Muller:25.95,22:Nour Wong:25.75,23:Chen Wong:32.37,24:Mei Nguyen:27.32,25:Juan Miller:40.78,26:Bjorn Schmidt:31.54,27:Aki Muller:34.90,28:Jeanne Kovacs:32.83,29:Yara Miller:40.10,30:Aki Torres:27.34,31:Bilal Thomas:26.82
1760,Perpignan,Strasbourg,22/02/2026,0745,1740,1:Hana Silva:37.76,2:Olivia Wong:46.78,3:Imani Fournier:33.44,4:Amandine Ali:39.21,5:Yara Cisse:51.82,6:Silas Martin:45.74,7:Ricardo Cruz:39.17,8:Igor Almeida:46.44,9:Rayan Rodriguez:55.84,10:Dylan Popov:35.68,11:Miguel Ndiaye:37.92,12:Sofia Lee:34.22,13:Miguel Diop:51.91,14:Lucia Mohamed:44.52,15:Sophie Cherif:35.34,16:Corey Ramirez:41.69,17:Nicolas Sanchez:33.13,18:Hassan Martin:56.48,19:Wei Benali:36.18,20:Kai Park:33.64,21:David Fernandez:40.99,22:Kofi Dubois:40.68,23:Felix Lefevre:43.47,24:Kofi Cruz:38.08,25:Li Schmidt:50.00,26:Elena Richard:47.38,27:Willow Rossi:52.03
