6398,Lyon,Grenoble,23/03/2026,0645,0955,1:Sekou Hussein:20.23,2:Akira Brown:18.63,3:Gabriel Muller:24.53,4:Nicolas Ouattara:23.82,5:Manon Ouattara:15.98,6:Manon Dupont:22.62,7:Felix Nguyen:24.28,8:Silas Torres:26.28,9:Kenza Garnier:27.63,10:Austin Schmidt:19.32,11:Sekou Haddad:22.26,12:Driss Yamamoto:22.12,13:Elsa Bianchi:18.83,14:Karim Sanchez:20.15,15:Jules Lopez:25.27
5063,Strasbourg,Saint-Etienne,20/07/2026,1230,1909,1:Baptiste Santos:40.79,2:Natalia Morozov:30.60,3:Clement Fournier:36.03,4:Jeanne Moreau:30.63,5:Katya Ahmed:45.04,6:Erica Tanaka:32.81,7:Jeanne Fahmi:39.23,8:Mei Ali:42.50,9:Alessio Boudjema:47.81,10:Maria Durand:30.90,11:Hazel Fournier:42.36,12:Sofia Davis:46.67,13:Dylan Rizzo:39.36,14:Sofia Thomas:34.95,15:Noah Vo:47.12,16:Yumi Wilson:38.25,17:Driss Thomas:50.52,18:Zoe Diallo:32.47,19:Tristan Diop:47.62,20:Santiago Ferrari:37.22,21:Madison Tanaka:35.20,22:Rose Mohamed:32.74,23:Jeanne Clark:39.93,24:Yumi Liu:52.19,25:Daiki Singh:39.46,26:Zoe Kowalski:35.94,27:Kenza Fahmi:52.95,28:Ryan Morozov:46.31,29:Zachary Traore:30.75
8766,Lille,Angers,21/04/2026,1745,2351,1:Taro Clark:33.11,2:Louis Moussa:43.87,3:Austin Moore:31.30,4:Gabriel Bernard:39.98,5:Wei Haddad:46.48,6:Zoe Perez:31.22,7:Yara Clark:44.35,8:Celeste Muller:36.92,9:Ethan Ouattara:44.43,10:Driss Almeida:35.59,11:Fiona Cruz:28.60,12:Sara Martinez:40.72,13:Maria Roux:32.85,14:Isabella Novak:42.35,15:Madison Kowalski:42.63,16:Ethan Ramirez:35.58,17:Liam Yamamoto:32.85,18:Zane Cherif:28.96,19:Hassan Gomez:45.10,20:Li Zhang:47.43,21:Kenza Williams:39.71,22:Hugo Diallo:47.29,23:Hassan Kowalski:28.23,24:Quentin Schulz:41.82,25:Zane Michel:46.98,26:Zoe Oliveira:42.67,27:Dylan Ouattara:47.73,28:Mei Ali:39.63,29:Pierre Bruno:38.75,30:Kenza Pereira:35.79,31:Erica Sato:44.92,32:Orion Zhang:43.74
6990,Montpellier,Nantes,04/07/2026,1500,2340,1:Ines Hussein:57.70,2:Emi Schulz:48.06,3:Brenda Dubois:40.33,4:Mei Garnier:56.17,5:Sophie Wang:36.39,6:Louis Fernandez:58.27,7:Clement Fernandez:48.88,8:Minh Benali:49.78,9:Juan Rizzo:56.06,10:Rose Perez:37.17,11:Zola Chung:53.18,12:Pablo Garcia:33.59,13:Skylar Rossi:55.92,14:Jules Bruno:32.64,15:Simon Wilson:38.68,16:Dmitri Klein:43.39,17:Zoe Diallo:42.03,18:Eloise Weber:40.54,19:Miguel Diop:43.10,20:Madison Santos:55.41,21:Sekou Fournier:57.81,22:Santiago Zimmermann:36.13,23:Silas Brown:57.15,24:Ryan Ouattara:56.52,25:Amandine Wilson:47.90,26:Ulysse Lopez:46.40,27:Kenza Schulz:42.20,28:Bjorn Thomas:50.38,29:David Bruno:57.18,30:Zola Clark:49.58,31:Zane Bernard:54.62,32:Sana Zhang:58.14,33:Manon Nkosi:56.03,34:Clement Esposito:37.29,35:Adrien Martin:34.46,36:Quentin Novak:35.97,37:Celeste Nkosi:56.95,38:Amine Lefevre:46.58,39:Javier Sato:53.05
4218,Montpellier,Lyon,30/12/2026,0700,1220,1:Pierre Yamamoto:28.61,2:Leila Johnson:32.16,3:Taro Wang:37.45,4:Natalia Durand:29.62,5:Driss Almeida:26.38,6:Hazel Morozov:40.46,7:Chen Wong:32.50,8:Sofia Ribeiro:36.45,9:Austin Haddad:30.72,10:Chloe Russo:25.74,11:Driss Greco:29.63,12:Aki Huang:36.20,13:Omar Esposito:32.01,14:Karim Fahmi:30.18,15:Eloise Moreau:28.58,16:Yumi Wang:31.95
1438,Strasbourg,Limoges,18/11/2026,1915,0436,1:Awa Klein:58.20,2:Elena Richard:45.14,3:Minh Benali:39.68,4:Hassan Klein:,5:Eloise Boudjema:55.90,6:Margaux Diallo:55.95,7:Sofia Leroy:38.11,8:Lucas Robert:56.43,9:Karim Zhang:42.22,10:Mei Ferrari:56.46,11:Manon Gomes:,12:Imani Rizzo:39.52,13:Emi Cisse:56.14,14:Harper Wagner:51.44,15:Jules Cherif:43.51,16:Juan Tran:44.30,17:Silas Clark:42.36,18::,19:Baptiste Benali:40.71,20:Liam Yamamoto:35.02,21:Kenza Bernard:37.86,22:Akira Martin:40.21,23:Daiki Bianchi:,24:Katya Singh:52.89,25:Javier Kovacs:44.78,26:Miguel Novak:43.99,27:Nour Fernandez:33.34,28::,29:Samira Wong:41.95,30:Lucia Simon:45.89,31:Arthur Cisse:40.17,32:Taro Wilson:34.74,33:Ricardo Alves:47.25
5899,Lyon,Caen,12/04/2026,1300,1921,1:Leila Doan:42.67,2:Margaux Durand:32.80,3:Nicolas Ahmed:33.68,4:Louis Rossi:34.48,5:Nicolas Bernard:41.15,6:Santiago Abebe:35.39,7:Manon Silva:44.11,8:Zane Suzuki:35.76,9:Gabriel Muller:45.15,10:Felix Ferrari:35.29,11:Aicha Vo:31.73,12:Zoe Tanaka:27.86,13:Theo Dubois:32.67,14:Harper Dupont:34.35,15:Romain Schulz:40.00,16:Maria Garnier:28.23,17:Katya Almeida:37.18,18:Omar Doan:37.48,19:Fode Tanaka:30.14,20:Pablo Garcia:45.93,21:Natalia Cruz:37.91,22:Kenza Wang:27.30,23:Finn Diallo:37.30,24:Chen Sanchez:36.46,25:Alessio Ferrari:28.25,26:Isabella Lefevre:38.72,27:Sekou Ahmed:39.41
4274,Rouen,Metz,16/03/2026,0615,1541,1:Dmitri Russo:52.76,2:Erica Ribeiro:42.61,3:Baptiste Suzuki:36.62,4:Pierre Taylor:45.54,5:Zane Almeida:45.52,6:Austin Santos:48.92,7:Bilal Ali:,8:Hazel Petrov:46.69,9:Romain Zimmermann:44.10,10:Wei Lefevre:49.44,11:Valentine Ndiaye:43.75,12:Daiki Smith:32.74,13:Yara Brown:44.54,14:Aicha Ndiaye:37.32,15:David Le:57.36,16:Ines Rodrigues:35.29,17:Amandine Moore:37.57,18:Mehdi Gomez:57.96,19:Mateo Huang:41.37,20:Oceane Robert:54.50,21:Yara Wong:46.70,22:Nour Russo:57.77,23:Liam Vasiliev:46.46,24:Miguel Clark:,25:Lea Leroy:48.62,26:Sergei Bernard:32.63,27:Sora Durand:52.10,28:Ulysse Wang:52.91,29:Mei Ahmed:37.20,30:Chau Ali:42.30,31:Harper Rizzo:46.51,32:Wei Ribeiro:34.81,33:Alice Garnier:39.94
8372,Bordeaux,Rouen,21/12/2026,1630,2302,1:Karim Novak:53.97,2:Corey Martin:39.86,3:David Le:36.42,4:Ethan Durand:38.89,5:Omar Cisse:40.75,6:Zachary Moussa:41.11,7:Dylan Popov:50.83,8:Sara Schmidt:56.23,9:Tristan Schmidt:33.86,10:Manon Ouattara:48.97,11:Skylar Nguyen:37.52,12:Sana Kovacs:38.79,13:Brenda Bianchi:36.47,14:Clement Zimmermann:34.85,15:Jeanne Doan:40.98,16:Farah Le:49.38,17:Kwame Rizzo:34.34
4611,Clermont-Ferrand,Strasbourg,10/06/2026,0845,,1:Ryo Sanchez:37.99,2:Juan Ziane:44.43,3:Sara Dubois:35.32,4:Gabriel Ouattara:42.15,5:Gabriel Lee:34.29,6:Clement Ivanov:46.35,7:Quentin Greco:33.75,8:Ulysse Nguyen:54.76,9:Camille Wang:36.33,10:Yara Clark:51.72,11:Arthur Abebe:34.44,12:Madison Lee:34.21,13:Sara Schmidt:45.95,14:Ines Doan:37.01,15:Willow Rossi:37.48,16:Nour Brown:48.42,17:Kenji Weber:47.16,18:Karim Leroy:38.88,19:Maria Smith:37.53,20:Jason Khelifi:47.79,21:Emma Conti:47.79,22:Erica Yamamoto:47.36,23:Yara Miller:52.22,24:Katya Lee:49.47,25:Hassan Singh:48.81,26:Lea Sato:36.95,27:Bjorn Moore:48.50,28:Sara Khelifi:41.72
3554,Caen,Nantes,28/10/2026,1545,1904,1:Kofi Martin:12.91,2:Yumi Wilson:20.42,3:David Gomez:13.04,4:Ines Haddad:21.86,5:Aicha Wang:21.28,6:Sophie Vo:16.66,7:Miguel Novak:20.35,8:Li Benali:19.27,9:Imani Moussa:18.34,10:Mateo Schulz:17.56,11:Valentine Huang:14.34,12:Nala Simon:17.55,13:Taro Zimmermann:13.10,14:Alice Zhang:15.34,15:Hugo Diallo:13.21,16:Zane Abebe:19.19,17:Amandine Faure:14.06,18:Silas Miller:13.37,19:Yara Doan:17.71,20:Natalia Mohamed:16.05,21:Jian Torres:17.41,22:Driss Bernard:18.57
7767,Rouen,Strasbourg,05/11/2026,2000,0531,1:Austin Cisse:37.81,2::,3:Driss Nguyen:44.16,4:Baptiste Santos:37.73,5::,6::,7:Zola Clark:34.50,8:Emma Cherif:51.68,9:Ulysse Vidal:49.67,10:Dylan Petrov:49.57,11:Manon Dupont:37.57,12:Fode Khelifi:43.01,13:Rose Thomas:39.37,14::,15:Louis Simon:41.84,16:Igor Alves:57.13,17:Adrien Santos:38.13,18::,19:Jules Martin:49.89,20:Camille Wang:34.99,21:Pierre Diallo:55.76,22:Sofia Klein:42.47,23::,24:Karim Nguyen:34.22,25:Austin Haddad:34.69,26:Zoe Chen:49.12,27:Kwame Rizzo:55.11
2598,Bordeaux,Paris,05/11/2026,1830,,1:Jian Martinez:45.40,2:Kenza Khelifi:47.54,3:Sekou Bianchi:35.43,4:Driss Cisse:43.80,5:Natalia Perez:37.98,6:Emma Ziane:33.87,7:Emi Cisse:34.38,8:Alessio Boudjema:49.58,9:Mateo Brown:48.31,10:Driss Ziane:38.46,11:Kenza Perez:50.11,12:Sergei Bernard:53.77,13:Liam Pereira:57.59,14:Samira Rossi:33.43,15:Lucas Klein:38.91,16:Igor Doan:43.18,17:Elsa Conti:35.42,18:Valentine Sato:37.25,19:Tristan Popov:56.84,20:Kai Ahmed:34.05,21:Driss Suzuki:56.35,22:Daiki Smith:56.76,23:Maria Garnier:56.49,24:Natalia Sylla:33.89,25:Hazel Tran:45.70,26:Emma Conti:50.80,27:Amine Dupont:37.66,28:Emi Conti:33.55,29:Chloe Laurent:32.63,30:Ryo Boudjema:49.38,31:Mateo Laurent:49.14,32:Kofi Novak:58.08,33:Aki Torres:46.90,34:Nicolas Ouattara:54.23
7320,Perpignan,Rennes,23/03/2026,1930,0544,1:Imani Laurent:58.31,2:Ulysse Lopez:55.86,3:Willow Simon:52.28,4::,5:Leila Kuznetsov:49.33,6:Pierre Gallo:43.89,7:Amine Lefevre:49.83,8:Lucas Greco:48.03,9:Paul Moreau:46.68,10:Noah Lopez:45.73,11:Paul Cruz:39.01,12:Juan Sokolov:46.48,13:Juan Russo:36.60,14:Rayan Chen:45.41,15:Ryan Sokolov:43.27,16::,17:Noah Gallo:55.52,18:Taylor Durand:56.97,19:Oceane Lee:51.06,20:Olivia Kuznetsov:35.75,21:Amine Gomez:42.36,22:Katya Ahmed:54.86,23:Ines Pereira:43.89,24:Minh Benali:49.38,25:Farah Almeida:53.39,26:Olivia Sousa:43.63,27:Nicolas Ouattara:36.12,28:Harper Nkosi:50.08,29:Manon Yamamoto:33.40,30:Alessio Schmidt:52.36,31:Louis Zimmermann:44.67,32:Jeanne Petrov:40.11,33:Pablo Liu:49.89,34:Paul Sanchez:,35:Orion Simon:48.72,36:Kofi Ndiaye:41.05,37:Corey Gallo:32.90,38:Mehdi Richard:40.39,39:Sonia Kim:43.88,40:Ricardo Cisse:40.50,41:Gabriel Park:45.63,42:Amandine Johnson:47.77,43:Zachary Wong:36.85,44:Lucia Simon:,45:Sora Klein:43.67,46:Katya Gallo:33.28,47:Noah Ramirez:33.89,48:Farah Boudjema:43.11,49:Oceane Wang:39.56,50:Driss Greco:48.12,51:Alessio Haddad:57.11,52:Santiago Sousa:,53:Paul Muller:36.04
4745,Grenoble,Dijon,07/08/2026,2145,0049,1:Leila Khan:26.02,2:Minh Gomes:19.74,3:Liam Alves:16.96,4:Hugo Novak:23.05,5:Elena Zhang:18.49,6:Natalia Cruz:25.99,7:Aki Ivanov:17.83,8:Theo Yamamoto:26.56,9:Romain Wong:22.53,10:Pierre Diop:26.42,11:Dylan Roux:17.02,12:Lucia Traore:24.77,13:Lucas Klein:25.28,14:Samira Gomes:22.92,15:Mateo Wang:27.32,16:Alice Vidal:22.34,17:Isabella Durand:22.98,18:Ricardo Liu:21.34,19:Zola Chung:23.30,20:Ryan Ouattara:17.46,21:Nala Wang:21.33,22:Fiona Davis:16.85,23:Jian Zimmermann:20.31,24:Malika Martin:20.76,25:Jeanne Doan:19.08,26:Orion Zhang:25.57,27:Madison Torres:21.73,28:Sana Martin:26.53
9458,Paris,Nantes,11/03/2026,1100,1819,1:Li Gomes:45.12,2:Karim Sousa:53.64,3:Igor Ali:55.89,4:Kai Bianchi:45.83,5:Bjorn Richard:48.92,6:Fiona Davis:43.64,7:Miguel Dupont:58.11,8:Elsa Rodriguez:51.34,9:Manon Ouattara:45.07,10:Pablo Liu:57.92,11:Jules Garcia:54.01,12:Emi Wang:46.98,13:Jeanne Fahmi:41.59,14:Rayan Torres:34.70,15:Eloise Popov:51.20,16:Lea Brown:54.38,17:Orion Tran:46.31,18:Thao Laurent:35.71,19:Yasmine Zhang:34.96,20:Mehdi Laurent:57.65,21:Miguel Diop:48.34,22:Olivia Morozov:50.53,23:Sergei Bernard:50.79,24:Jules Bruno:46.02,25:Yumi Wilson:44.87,26:Pierre Morozov:44.08,27:Ryan Conti:43.23,28:Arthur Ivanov:40.60,29:Daiki Garcia:50.91,30:Margaux Dupont:38.15,31:Ines Schulz:53.66,32:Chen Sanchez:50.00,33:Baptiste Bianchi:50.11,34:Gabriel Yamamoto:54.57,35:Skylar Popov:56.32,36:Zoe Oliveira:49.53,37:Dylan Petrov:56.19,38:Imani Williams:49.34,39:Ethan Liu:51.67,40:Oceane Greco:45.76,41:Bilal Clark:40.79,42:Valentine Rodrigues:41.61,43:Quentin Roux:47.77,44:Amine Torres:57.51,45:Nala Miller:45.17,46:Erica Mohamed:53.80,47:Corey Yamamoto:47.00
5982,Nantes,Rennes,10/08/2026,1130,1307,1:Elsa Greco:14.99,2:Baptiste Ribeiro:14.75,3:Manon Gomez:21.27,4:Maria Petrov:15.07,5:Omar Doan:15.13,6:Fode Wilson:16.06,7:Karim Sanchez:22.23,8:Victor Nkosi:20.68,9:Celeste Benali:19.05
5220,Marseille,Rouen,24/10/2026,1330,2246,1:Jules Liu:39.96,2:Rayan Rodrigues:57.16,3:Bjorn Lefevre:39.33,4:Nicolas Zimmermann:40.52,5:Li Dubois:57.53,6:Felix Muller:38.53,7:Skylar Bruno:44.58,8:Hassan Klein:43.25,9:Tristan Garnier:48.77,10:Miguel Dupont:48.83,11:Zoe Oliveira:53.45,12:Rose Mohamed:44.69,13:Sara Petit:40.04,14:Ulysse Sokolov:55.62,15:Amandine Faure:36.52,16:Jackson Martinez:32.70,17:Lucia Mohamed:45.44,18:Amandine Wilson:55.62,19:Noah Gallo:57.18,20:Alessio Wong:38.94
2879,Nantes,Tours,21/08/2026,1145,1626,1:Louis Kim:28.37,2:Akira Torres:23.73,3:Eloise Boudjema:30.64,4:Daiki Bianchi:30.44,5:Baptiste Kuznetsov:30.64,6:Romain Gallo:20.95,7:Nour Brown:28.04,8:Finn Tran:34.32,9:Dmitri Ferrari:32.89,10:Felix Schmidt:28.78,11:Aki Vo:30.63,12:Skylar Petit:30.03,13:Mei Sanchez:26.26,14:Farah Thomas:30.37,15:Chau Almeida:26.15,16:Kwame Khelifi:27.03,17:Hazel Brown:24.42,18:Malika Sanchez:28.87,19:Hugo Greco:21.38,20:Olivia Wong:25.90,21:Ulysse Clark:32.11,22:Brenda Bianchi:31.50,23:Finn Fernandez:24.49,24:Zoe Diallo:24.09,25:Celeste Taylor:34.96,26:Emma Almeida:30.68
4660,Rouen,Le Mans,05/08/2026,1730,2128,1:Leila Dupont:23.23,2:Valentine Durand:27.79,3:Awa Laurent:26.21,4:Sonia Dupont:30.32,5:Oceane Bruno:29.94,6:Sergei Vasiliev:24.98,7:Hassan Brown:30.83,8:Dmitri Hussein:23.81,9:Hassan Diallo:25.99,10:Pierre Moussa:29.17,11:Imani Rizzo:18.26,12:Santiago Abebe:27.85,13:Arthur Durand:28.77,14:Leila Vidal:18.58,15:Kofi Petit:27.11,16:Sekou Bianchi:21.52,17:Alessio Schmidt:24.80,18:Wei Schmidt:29.97,19:Louis Zimmermann:23.60,20:Amandine Conti:25.90,21:Theo Dubois:24.50,22:Imani Schmidt:24.72,23:Sophie Alves:31.34,24:Chen Sanchez:22.85,25:Elena Sousa:21.88,26:Ethan Ferrari:24.70,27:Javier Wang:19.01,28:Imani Petrov:29.36,29:Nour Popov:30.36,30:Elena Liu:20.16,31:Ethan Ouattara:30.58,32:Leila Greco:30.12,33:Felix Wagner:25.27,34:Valentine Ndiaye:20.98,35:Jackson Wang:18.27,36:Ricardo Nkosi:18.25,37:Mehdi Zhang:27.32,38:Katya Lee:31.50,39:Kenza Schulz:22.47,40:Silas Torres:24.85,41:Harper Vasiliev:29.33,42:Jules Bruno:23.80,43:Dmitri Wagner:30.08,44:Camille Morozov:21.87,45:Eloise Wilson:29.36,46:Leila Zhang:29.15,47:Fode Doan:22.43,48:Victor Huang:22.01
4576,Nice,Brest,16/09/2026,1030,0230,1:Taro Wilson:43.99,2:Kenza Fahmi:44.79,3:Margaux Muller:42.78,4:Oceane Vidal:56.32,5:Awa Sato:44.10,6:Sergei Boudjema:57.70,7:Ulysse Vo:46.11,8:Silas Martin:46.50,9:Nour Fernandez:57.36,10:Hugo Leroy:35.75,11:Karim Novak:35.65,12:Emi Conti:32.58,13:Jian Garcia:34.69,14:Silas Miller:46.01,15:Pablo Diop:43.37,16:Pierre Ziane:45.64,17:Amandine Wilson:36.18,18:Pablo Garcia:40.33,19:Nala Simon:43.56,20:Maria Tran:42.36,21:Jian Michel:39.33,22:Karim Zhang:40.93,23:Quentin Ali:42.79,24:Jason Mohamed:46.45,25:Nala Mohamed:48.26,26:Romain Wong:39.76,27:Camille Tran:33.97,28:Jackson Ferrari:36.48,29:Camille Morozov:40.09,30:Ulysse Vidal:46.20,31:Miguel Ndiaye:52.41,32:Aisha Gallo:50.45,33:Maria Petrov:49.02,34:Erica Sato:50.55,35:Rose Haddad:44.16,36:Amandine Cisse:41.08,37:Sana Smith:46.35,38:Felix Ferrari:40.45,39:Alessio Lopez:49.18,40:Zola Cherif:33.57,41:Zane Johnson:38.72,42:Malika Sousa:48.06,43:Ulysse Clark:37.09,44:Pierre Diop:46.20,45:Sonia Boudjema:56.78,46:Jeanne Kovacs:38.74,47:Emma Sokolov:50.82,48:Zane Fernandez:45.92,49:Jackson Silva:33.72
6205,Limoges,Saint-Etienne,28/07/2026,1415,1839,1:Adrien Kuznetsov:26.54,2::,3:Alice Martin:21.28,4:Gabriel Cherif:23.18,5:Gabriel Yamamoto:23.21,6:Ryan Morozov:31.45,7::,8:Lucia Mohamed:22.89,9:Ryo Sanchez:19.79,10:Yasmine Kuznetsov:19.48,11:Kenza Perez:31.40,12:Baptiste Alves:24.99,13:Olivia Kuznetsov:,14:Arthur Sousa:19.71,15:Oceane Rodriguez:21.51,16:Quentin Rossi:29.62,17:Rayan Perez:24.13,18:Natalia Morozov:23.78,19:Taro Clark:25.97,20:Aki Rodriguez:32.30,21:Katya Gallo:30.57,22:Yasmine Pereira:27.54,23:Hassan Liu:24.19
3942,Perpignan,Reims,01/03/2026,1945,0521,1:Carmen Bruno:38.84,2:Alessio Gomes:44.53,3:Zoe Ali:56.09,4:Aicha Vo:38.90,5:Quentin Chung:37.03,6:Victor Mohamed:34.21,7:Sophie Wang:33.88,8:Thao Moreau:49.02,9:Orion Pereira:33.69,10:Ryan Ivanov:47.50,11::,12:Taylor Silva:54.16,13:Sekou Greco:47.06,14:Sofia Chen:,15:Mehdi Ali:56.44,16:Bilal Ali:45.57,17:Celeste Muller:35.93,18:Silas Ziane:45.03,19:Malika Kowalski:43.88,20:Lucas Doan:57.77,21:Pablo Pereira:40.13,22:Chloe Kim:54.00,23:Baptiste Rizzo:33.56,24:Felix Suzuki:40.57,25:Chen Sanchez:35.07,26:Mei Kovacs:37.00,27::,28:Hugo Diallo:42.29,29:Amandine Le:49.38,30:Leila Pham:,31:Omar Cisse:52.22,32:Camille Morozov:45.20,33:Emi Lee:53.52
6731,Rennes,Brest,15/06/2026,1330,1709,1:Nour Russo:21.68,2:Carmen Wagner:18.39,3:Noah Suzuki:20.55,4:Thao Khan:21.85,5:Dmitri Hussein:22.86,6:Igor Muller:20.03,7:Sophie Popov:25.00,8:Noah Conti:14.92,9:Amandine Le:24.13,10:Nour Morozov:22.26,11:Sofia Gomez:20.15,12:Miguel Diop:16.01,13:Taylor Moore:17.39,14:Nour Singh:21.06,15:Minh Gomes:18.10,16:Ricardo Diop:25.03,17:Imani Zhang:19.14,18:Aicha Vidal:23.45,19:Margaux Khan:21.01,20:Thao Lee:25.53,21:Skylar Rossi:19.09,22:Sonia Kovacs:24.41,23:Manon Gomes:24.33,24:Imani Ramirez:14.46,25:Emma Cherif:24.42,26:Valentine Ndiaye:16.93,27:Emi Conti:18.98,28:Emma Sokolov:18.43,29:Ryan Ivanov:23.91,30:Aicha Wong:24.15,31:Arthur Sousa:17.34,32:Leila Kuznetsov:21.00
1318,Paris,Saint-Etienne,28/02/2026,1915,0215,1:Gabriel Miller:54.29,2:Zoe Huang:39.44,3:Carmen Bruno:52.30,4:Kai Bianchi:42.70,5:Adrien Esposito:46.28,6:Jules Park:31.79,7:Emma Dupont:49.57,8:Valentine Clark:36.95,9:Minh Rossi:48.68,10:Sora Weber:47.51,11:Jackson Ferrari:39.15,12:Emi Park:45.70,13:Jian Diop:52.56,14:Sonia Boudjema:38.90,15:Pablo Garcia:39.09,16:Oceane Wang:48.43,17:Kenza Nkosi:50.80,18:Alessio Schmidt:51.66,19:Hassan Rodriguez:49.92,20:Kimberly Schmidt:44.43,21:Gabriel Rodrigues:51.00,22:Kenza Pereira:42.58,23:Igor Alves:34.52,24:Chloe Fernandez:44.18,25:Victor Tran:35.38,26:Jeanne Taylor:40.95,27:Isabella Novak:46.84,28:Adrien Moore:36.82,29:Daiki Wang:48.09,30:Adrien Garnier:54.76,31:Zane Johnson:46.39,32:Taro Wang:36.31,33:Victor Diop:45.21,34:Kofi Martin:42.84
8997,Angers,Reims,25/08/2026,0600,1437,1:Baptiste Alves:35.20,2:Simon Wilson:50.69,3:Maria Durand:51.11,4:Zane Suzuki:41.35,5:Leila Roux:33.70,6:Natalia Durand:52.72,7:Dmitri Lee:41.25,8:Eloise Wilson:34.84,9:Sara Kuznetsov:54.85,10:Kwame Cherif:43.19,11:Simon Nkosi:48.77
1741,Paris,Reims,09/06/2026,1000,1939,1:Mehdi Richard:33.29,2:Farah Thomas:55.79,3:Adrien Vo:55.39,4:Willow Michel:39.18,5:Katya Doan:53.25,6:Erica Sokolov:36.76,7:Sana Kovacs:40.40,8:Willow Tanaka:51.30,9:Aki Cisse:35.84,10:Silas Greco:55.38,11:Celeste Benali:47.40,12:Celeste Nkosi:47.33,13:Daiki Gomez:54.37,14:Felix Khan:39.46,15:Brenda Rizzo:44.50,16:Quentin Pereira:33.34,17:Carmen Perez:48.82,18:Ryo Perez:48.16,19:Jian Clark:53.31,20:Youssef Abebe:53.87,21:Sofia Diop:50.80,22:Chau Kovacs:34.29,23:Mehdi Abebe:39.87,24:Ines Schulz:38.84,25:Clement Fournier:46.22,26:Elsa Ali:40.58,27:Mehdi Gomez:48.83,28:Bilal Mohamed:49.30,29:Yara Brown:40.04,30:Ryo Michel:37.89
6084,Nice,Metz,24/04/2026,1230,1854,1:Baptiste Schmidt:32.76,2:Akira Fournier:33.17,3:Kwame Cherif:43.65,4:Camille Tran:34.67,5:Noah Suzuki:48.17,6:Quentin Gomez:47.22,7:Ulysse Vidal:47.84,8:Clement Moussa:32.93,9:Manon Gomes:45.95,10:Celeste Bianchi:49.63,11:Noah Conti:42.00,12:Ulysse Kovacs:34.46,13:Hassan Diallo:41.08,14:Youssef Abebe:48.30,15:Ines Kovacs:49.85,16:Lian Garnier:40.70,17:Amine Gomez:35.26,18:Katya Wong:31.21,19:Aisha Khan:43.53,20:Margaux Vasiliev:43.68,21:Zachary Chung:31.98,22:Jason Fournier:40.58,23:Sophie Taylor:49.37,24:Lian Oliveira:31.92,25:Li Le:34.56,26:Oceane Lee:31.95,27:Baptiste Santos:37.96,28:Harper Miller:37.39,29:Tristan Tran:42.39,30:Yara Wilson:39.48,31:Nour Wong:30.69,32:Isabella Benali:47.93,33:Rayan Conti:40.34,34:Jules Cruz:45.10
7480,Rennes,Nantes,18/11/2026,1930,2145,1:Aicha Wang:20.15,2:Zoe Bruno:13.25,3:Driss Conti:19.37,4:Valentine Rodrigues:20.73,5:Aki Bianchi:19.33,6:Silas Sylla:20.97,7:Wei Benali:21.99,8:Ulysse Vidal:18.16
1572,Nice,Metz,01/03/2026,1415,1954,1:Skylar Rossi:29.84,2:Silas Tran:47.17,3:Fode Perez:48.84,4:Ryan Cherif:29.02,5:Aki Novak:40.94,6:Lian Kim:29.02,7:Taylor Cruz:31.67,8:Silas Novak:36.64,9:Thao Laurent:45.42,10:Bjorn Tran:47.21,11:Erica Sanchez:32.55,12:David Gomez:31.35,13:Felix Muller:31.67,14:Simon Wilson:34.61
7963,Lille,Rouen,21/03/2026,2115,2249,1:Amandine Faure:17.72,2:Lucas Khelifi:12.54,3:Jeanne Clark:22.06,4:Awa Suzuki:18.68,5:Kwame Khelifi:18.38,6:Amine Rossi:13.64,7:Driss Chung:19.23,8:Quentin Roux:19.03,9:Aisha Gallo:20.77,10:Pierre Diop:,11:Simon Garnier:13.87,12:Ricardo Nkosi:12.54,13:Miguel Ndiaye:13.33
1245,Dijon,Bordeaux,19/09/2026,0845,1937,1:Juan Tran:35.57,2:Daiki Dubois:52.92,3:Nour Smith:44.42,4:Hassan Martin:36.95,5:Leila Rizzo:52.19,6:Harper Miller:38.45,7:Felix Zimmermann:45.20,8:Jules Park:44.27,9:Alessio Oliveira:51.65,10:Aisha Park:35.17,11:Akira Novak:35.10,12:Zoe Dubois:54.61,13:Youssef Ziane:56.10,14:Minh Le:,15:Santiago Robert:,16:Adrien Garnier:36.22,17:Hassan Russo:51.07,18:Pierre Garnier:36.90,19:Ryo Hussein:34.75,20:Dylan Popov:45.83,21::,22:Hugo Ribeiro:57.38,23:Sora Durand:52.63,24:Kwame Khelifi:40.81,25:Driss Perez:41.37,26:Jeanne Doan:50.89,27:Imani Rizzo:57.23,28:Ines Hussein:38.06,29:Felix Khan:56.94,30:Emma Pham:36.62,31:Elena Richard:47.59,32:Baptiste Suzuki:39.76,33:Natalia Weber:34.96,34:Jian Pham:54.12,35:Igor Park:45.90,36:Yumi Wang:43.36,37:Isabella Novak:49.66,38:Zane Wilson:37.64,39:Louis Kim:43.07,40:Bilal Sokolov:35.58,41:Pablo Diop:53.35,42:Sana Kovacs:49.59,43:Quentin Greco:39.11,44:Zola Torres:44.85,45:Sofia Davis:48.01,46:Ryan Ziane:56.74,47:Bilal Thomas:40.02,48:Chloe Traore:45.37
1228,Strasbourg,Rouen,25/09/2026,0715,1745,1:Valentine Smith:45.33,2:Isabella Benali:,3:Silas Martin:34.86,4:Manon Bianchi:32.72,5:Chen Roux:,6:Ulysse Vidal:57.26,7:Chau Simon:41.06,8:Sora Rodriguez:45.68,9::,10:Mateo Fernandez:53.75,11:Juan Miller:54.05,12:Leila Pham:45.82,13:Romain Zimmermann:,14:Igor Alves:58.39,15::,16:Austin Liu:44.48,17:Driss Chung:47.09,18:Wei Chung:40.11,19:Li Gomez:39.17,20:Corey Robert:55.07,21:Fode Conti:55.58,22:Elsa Bianchi:49.40,23:Pierre Moussa:41.42,24:Harper Martin:44.49,25:Sana Durand:36.97,26:Lucas Singh:45.73,27:Taro Ziane:47.23,28:Maria Smith:42.20,29:Aicha Vo:40.39,30:Nicolas Ferrari:54.05,31:Yara Wong:57.44,32:Jules Rizzo:38.50,33:Minh Chen:44.51
8257,Rouen,Tours,13/03/2026,1145,1542,1:Simon Le:31.22,2:Ulysse Torres:19.66,3:Sonia Michel:25.69,4:Samira Huang:19.40,5::,6:Celeste Muller:
7458,La Rochelle,Caen,10/07/2026,0715,1256,1:Felix Khan:36.77,2:Daiki Dubois:37.29,3:Dmitri Klein:35.11,4:Thao Moreau:33.67,5:Camille Popov:48.41,6:Bjorn Lefevre:31.83,7:Silas Sylla:,8:Pierre Yamamoto:34.61,9::,10:Kai Liu:42.78,11:Lucas Oliveira:37.10,12:Zoe Greco:45.58,13:Theo Le:39.33,14:Jian Traore:34.06,15:Akira Zimmermann:28.70,16:Valentine Oliveira:36.56,17::,18:Brenda Rizzo:38.07,19:Camille Alves:35.91,20:Lea Wilson:,21:Miguel Wagner:36.46,22:Sana Novak:30.64,23:Javier Wilson:36.16,24::,25:Santiago Huang:44.97,26:Karim Sanchez:29.21,27:Theo Sousa:46.21
8591,Dijon,Toulouse,04/12/2026,2000,0403,1:Amandine Chung:52.89,2:Aicha Muller:50.66,3:Alice Zhang:35.04,4:Hazel Hussein:39.68,5:Ulysse Laurent:48.98,6:Zola Le:55.56,7:Ulysse Garnier:49.53,8:Driss Conti:53.64,9:Rose Yamamoto:57.32,10:Chau Torres:34.14,11:Natalia Zhang:33.69,12:Dmitri Lee:54.39,13:Clement Zimmermann:57.01,14:Miguel Alves:54.80,15:Mateo Brown:49.92,16:Fode Ferrari:50.11,17:Daiki Dubois:42.94,18:Simon Moore:37.82,19:Jackson Wang:34.04,20:Austin Chen:35.10,21:Zoe Fahmi:36.54,22:Nala Fournier:45.07,23:David Ferrari:39.17,24:Alessio Schmidt:51.07,25:Simon Wilson:51.05,26:Arthur Perez:55.34,27:Pierre Bruno:49.03
1295,Toulouse,Angers,19/06/2026,,2215,1:Kai Michel:30.45,2:Madison Diop:51.32,3:Rose Schmidt:53.38,4::,5:Li Martinez:34.37,6:Willow Simon:44.68,7:Fiona Vidal:38.19,8::,9:Adrien Santos:53.08,10:Noah Khan:44.61,11:Ryo Rizzo:33.41,12::,13:Sekou Moreau:46.27,14:Ulysse Dupont:44.84,15::,16:Corey Faure:47.51,17:Margaux Ribeiro:44.06,18:Aicha Muller:30.70,19::,20:Clement Moore:49.48,21:Nicolas Zimmermann:45.62,22:Simon Taylor:40.41,23:Gabriel Bernard:50.62,24:Yara Oliveira:48.88,25:Farah Almeida:40.80,26:Karim Weber:46.39,27:Emma Nguyen:32.60,28:Pierre Morozov:43.42,29:Rose Ramirez:31.50,30:Elsa Conti:33.28,31:Youssef Bianchi:48.01,32:Silas Davis:34.12,33:Amine Lefevre:,34:Adrien Kuznetsov:39.73,35:Camille Popov:53.34,36:Rayan Torres:53.19,37:Corey Ramirez:40.48,38:Silas Clark:30.75,39:Ryan Klein:49.49
3985,Reims,Dijon,20/05/2026,1100,1410,1:Manon Dubois:21.76,2:Ines Schmidt:15.79,3:Ulysse Kovacs:17.45,4:Alessio Gomes:25.60,5:Samira Petit:20.98,6:Silas Leroy:15.99,7:Willow Tanaka:15.56,8:Omar Ouattara:15.82,9:Maria Torres:25.32,10:Jeanne Petrov:25.23,11:Leila Greco:24.11,12:Nicolas Esposito:26.80,13:Malika Richard:15.57,14:Carmen Simon:27.33,15:Farah Boudjema:25.57,16:Erica Mohamed:23.63,17:Elena Ziane:21.45,18:Driss Dupont:20.19,19:Jason Yamamoto:17.22,20:Amandine Robert:19.53,21:Elsa Garnier:17.82,22:Willow Ramirez:27.50,23:Zachary Traore:27.21,24:Willow Simon:24.63,25:Gabriel Yamamoto:27.27,26:Li Wilson:26.39,27:Ines Hussein:22.02
3400,Tours,Le Mans,04/12/2026,0900,1149,1:Mateo Novak:14.12,2:Austin Moore:14.70,3:Yasmine Zhang:20.26,4:Hugo Diallo:22.27,5:Taylor Cruz:13.52,6:Hana Williams:20.02,7:Igor Park:15.08,8:Rayan Singh:18.63,9:Maria Durand:13.44,10:Yara Cisse:17.56,11:Baptiste Kuznetsov:17.92,12:Taro Gallo:14.52,13:Fode Almeida:13.66,14:Elsa Conti:19.93,15:Yara Wilson:19.15,16:Liam Vasiliev:13.49,17:Sofia Lee:15.13,18:Orion Tran:19.47,19:Kenji Clark:18.46,20:Nala Esposito:14.26,21:Sekou Bianchi:14.47,22:Chen Robert:14.21,23:Nicolas Doan:17.71,24:Hana Silva:12.79,25:Ricardo Cisse:14.64,26:Li Kowalski:15.19,27:Malika Moore:20.56
2617,Rennes,Brest,07/07/2026,1000,1400,1:Zola Chung:28.58,2:Sofia Sousa:27.40,3:Akira Martin:28.53,4:Simon Garcia:24.54,5:Valentine Clark:18.27,6:Javier Schmidt:30.03,7:Leila Ndiaye:24.04,8:Nour Popov:19.29,9:Noah Conti:26.53,10:Sophie Popov:28.47,11:Ines Sokolov:27.70,12:Nicolas Greco:26.00,13:Bjorn Moore:25.02,14:Manon Popov:17.67,15:Juan Rizzo:25.51,16:Paul Pham:29.58,17:Akira Park:23.53,18:Wei Leroy:24.76,19:Rayan Perez:24.94,20:Pierre Morozov:26.07,21:Kai Rossi:26.49,22:Amandine Johnson:19.32,23:Amandine Ziane:27.95,24:Brenda Dubois:25.49,25:Adrien Chung:24.72,26:Lucas Fernandez:20.82,27:Ryan Liu:22.57,28:Katya Gallo:29.10,29:Isabella Durand:17.97,30:Chau Torres:23.05,31:Kwame Wong:26.17
5611,Rennes,Marseille,30/10/2026,1900,0521,1:Emma Conti:47.97,2:Kwame Schulz:52.57,3:Victor Mohamed:35.57,4:Rayan Rodriguez:33.87,5:Lian Cruz:58.34,6:Pablo Diop:38.31,7:Emi Park:49.73,8:Kofi Roux:44.39,9:Thao Moreau:42.68,10:Skylar Novak:49.22,11:Zoe Fahmi:55.50,12:Sofia Davis:38.77,13:Tristan Chen:36.04,14:Yara Clark:46.13,15:Taro Greco:35.69,16:Jeanne Taylor:58.43,17:Skylar Ribeiro:46.41,18:Austin Pereira:51.24,19:Aki Cisse:35.58,20:Chau Diop:33.15,21:Lucia Ziane:56.99,22:Ines Schulz:45.45,23:Akira Park:51.73,24:Theo Sousa:49.75,25:Brenda Mohamed:48.74,26:Wei Ferrari:33.98,27:Malika Martin:53.48,28:Bilal Kuznetsov:50.38,29:Daiki Dubois:54.85,30:Sora Russo:52.54
5457,Toulouse,Brest,11/08/2026,2230,0840,1:Santiago Ferrari:57.05,2:Sara Cruz:52.34,3:Driss Chung:48.66,4:Ryo Simon:37.29,5:Akira Gomes:34.95,6:Pierre Garnier:52.12,7:Celeste Park:56.87,8:Santiago Perez:44.86,9:Karim Weber:40.35,10:Simon Nkosi:46.67,11:Javier Davis:52.30,12:Elena Zhang:55.44,13:Baptiste Wong:35.99,14:Yasmine Alves:52.73,15:Emi Wagner:37.53,16:Karim Novak:54.16,17:Ines Rodrigues:41.82,18:Santiago Khan:50.49,19:Mateo Huang:54.29,20:Mateo Vasiliev:54.89,21:Leila Greco:36.12,22:Felix Khan:54.10,23:Yumi Simon:38.26,24:Aicha Wang:57.85,25:Kwame Cherif:33.53,26:Aki Cisse:47.98,27:Lea Tran:40.97,28:Erica Mohamed:41.16,29:Romain Sylla:53.15,30:Skylar Richard:42.95
3406,Angers,Metz,27/09/2026,1000,1916,1:Felix Muller:57.03,2:Sana Durand:48.36,3:Youssef Abebe:46.98,4:Leila Khan:50.57,5:Ricardo Martinez:55.61,6:Minh Benali:51.94,7:Paul Chen:36.24,8:Driss Greco:51.85,9:Louis Rossi:45.97,10:Camille Tran:45.76,11:Hana Miller:37.06,12:Austin Greco:43.08,13:Sara Fahmi:43.85,14:Liam Ribeiro:52.54,15:Malika Brown:48.17,16:Felix Ali:54.75,17:Willow Traore:33.31,18:Pierre Rodriguez:57.20,19:Yara Cisse:50.93,20:Madison Santos:33.78,21:Akira Rossi:34.24,22:Youssef Sousa:50.24,23:Ryo Sanchez:47.55,24:Mateo Novak:50.81,25:Hassan Bruno:53.22,26:Mateo Benali:56.41
8302,Angers,Caen,22/09/2026,1415,1831,1::,2:Jackson Kim:25.55,3:Gabriel Park:,4:Nour Smith:29.40,5:Dmitri Klein:30.82,6:Oceane Rodriguez:24.23,7:Harper Martin:19.55,8:Samira Ouattara:18.96,9:Felix Khan:24.52,10:Nicolas Zimmermann:18.25,11:Fiona Garnier:31.18,12:Thao Moreau:25.62,13:Felix Ivanov:18.55,14:Youssef Morozov:24.99,15:Alessio Oliveira:30.15
9373,Nantes,Limoges,29/06/2026,1415,1927,1:Javier Haddad:35.50,2:Rose Robert:26.55,3:Ryan Ouattara:25.93,4:Imani Diallo:29.22,5:Brenda Rizzo:31.06,6:Chen Robert:36.70,7:Chen Diallo:25.86,8:Pablo Pereira:27.46,9:Aicha Garnier:37.22,10:Minh Chen:33.85,11:Juan Miller:38.39,12:Romain Zimmermann:29.86,13:Mehdi Rodriguez:37.95,14:Lian Traore:34.39,15:Emma Miller:23.56,16:Minh Benali:22.15,17:Akira Brown:27.08,18:Pablo Martinez:38.51,19:Harper Ferrari:27.78,20:Driss Greco:28.04,21:Sergei Ramirez:35.23,22:Eloise Boudjema:38.65,23:Camille Moreau:28.09
1004,Lyon,Tours,15/04/2026,0930,1405,1:Yumi Liu:24.58,2:Sara Greco:34.15,3:Chen Ziane:22.65,4:Leila Dupont:35.06,5:Harper Wagner:31.13,6:Nala Mohamed:32.85,7:Baptiste Roux:24.26,8:Jeanne Taylor:28.37,9:Nour Singh:21.88,10:Aisha Sanchez:22.59,11:Natalia Sylla:29.50,12:Paul Pereira:21.90,13:Tristan Durand:34.50,14:Kenza Weber:31.97,15:Ryan Sanchez:25.96,16:Zane Bernard:32.10,17:Sana Zhang:30.36,18:Karim Sousa:24.82,19:Elena Ziane:20.93,20:Sofia Thomas:28.19,21:Jason Mohamed:33.56,22:Harper Ndiaye:22.01,23:Karim Ouattara:22.69,24:Hassan Rizzo:20.44,25:Margaux Durand:34.27,26:Rose Smith:27.88,27:Elsa Greco:22.97,28:Chloe Singh:33.18,29:Willow Cruz:22.00,30:Silas Hussein:29.85,31:Yumi Simon:31.35,32:Jian Clark:31.90,33:Adrien Chung:33.36,34:Emma Greco:32.64,35:Celeste Taylor:25.20,36:Ryo Perez:23.93,37:Isabella Fahmi:24.23,38:Sora Garnier:20.93,39:Taro Wilson:23.07,40:Yumi Wang:25.86,41:Sekou Bianchi:33.62,42:Dmitri Ferrari:27.96,43:Sergei Dubois:20.13,44:Aicha Muller:27.69,45:Thao Moreau:32.80
3679,Perpignan,Rouen,27/11/2026,0915,2104,1:Maria Garnier:50.55,2:Liam Pereira:46.92,3:Minh Fahmi:34.92,4:Silas Cherif:57.65,5:Jian Pham:34.42,6:Maria Durand:44.42,7:Bilal Ali:34.51,8:Samira Lefevre:33.11,9:Tristan Garnier:54.09,10:Farah Nkosi:54.20,11:Ryan Rossi:54.78,12:Driss Perez:36.49,13:Kenza Davis:40.26,14:Gabriel Sanchez:51.03,15:Fode Conti:32.63,16:Hana Bianchi:49.32,17:Yasmine Kuznetsov:46.57,18:Elsa Ali:46.63,19:Victor Zimmermann:33.22,20:Willow Rossi:43.45,21:Ines Schulz:47.69,22:Louis Huang:52.27,23:Natalia Moore:57.48,24:Jackson Silva:54.80,25:Alessio Lopez:42.25,26:Chau Le:47.38,27:Nicolas Bernard:43.49,28:Paul Moreau:57.35,29:Sofia Leroy:51.49,30:Lian Cherif:54.47,31:Kwame Vidal:49.68,32:Chau Simon:35.91,33:Paul Pham:34.07,34:Alice Park:51.21,35:Miguel Diop:51.24,36:Fiona Doan:41.05,37:Alessio Moreau:36.16,38:Yara Kovacs:57.53,39:Alice Huang:54.67,40:Akira Chen:54.86,41:Brenda Zimmermann:47.85,42:Chen Cherif:35.04,43:Hugo Dubois:36.66,44:Rose Perez:39.56,45:Pablo Davis:53.05,46:Leila Vidal:33.46,47:Amandine Cisse:40.19,48:Noah Gallo:43.37,49:Bilal Thomas:53.19,50:David Faure:57.33,51:Clement Fernandez:52.48,52:Yara Miller:56.55,53:Mateo Wang:54.27
8363,Marseille,Strasbourg,02/02/2026,1330,1942,1:Wei Schulz:46.85,2:Jason Ramirez:45.56,3:Pablo Diop:42.12,4:Pablo Ndiaye:38.39,5:Zoe Novak:50.11,6:Ethan Zhang:37.19,7:Hugo Russo:44.82,8:Sergei Traore:39.70,9:Taylor Moore:32.31,10:Ryan Ziane:,11:Alice Leroy:42.02,12:Sekou Ziane:29.70,13:Yumi Chen:49.31,14:Manon Clark:36.09,15:Hugo Novak:48.43,16:Ryan Ouattara:47.48,17:Bjorn Lefevre:37.09
3003,Rouen,Reims,18/12/2026,1930,0405,1:Sofia Wang:38.63,2:Malika Martin:43.11,3:Jeanne Taylor:57.61,4:Hassan Rodriguez:48.78,5:Valentine Martinez:43.06,6:Juan Sokolov:56.95,7:Amine Gomez:34.87,8:Farah Pereira:44.01,9:Zoe Fahmi:57.05,10:Valentine Durand:48.30,11:Bilal Kovacs:55.76,12:Minh Ivanov:56.10,13:Camille Tran:33.03,14:Simon Vidal:46.82,15:Daiki Moussa:49.71,16:Ryan Sokolov:53.21,17:Leila Hussein:50.47,18:Valentine Huang:39.56,19:Amandine Conti:52.88,20:Margaux Vasiliev:50.65,21:Aki Rodriguez:46.91,22:Fode Dubois:40.51,23:Corey Gallo:53.00,24:Imani Kuznetsov:45.66,25:Aicha Garnier:56.51,26:Nour Cruz:55.06,27:Miguel Boudjema:51.57,28:Jules Cherif:49.78,29:Dmitri Bruno:38.60,30:Oceane Lee:32.67
3955,Angers,Toulouse,29/09/2026,2215,0531,1:Jackson Popov:54.93,2:Corey Moreau:42.31,3:Camille Chen:50.41,4:Arthur Cisse:44.01,5:Ryan Ziane:48.09,6:Farah Nkosi:54.00,7:Fiona Petit:49.76,8:Ryan Williams:31.32,9:Yumi Sanchez:35.01,10:Jian Michel:53.19,11:Jackson Kim:35.99,12:Ines Dubois:45.43,13:Kenza Traore:52.92,14:Sofia Chen:31.71,15:Katya Khelifi:54.66,16:Finn Kowalski:31.43,17:Ricardo Liu:50.29,18:Tristan Schmidt:36.30,19:Hazel Tran:45.25,20:Skylar Popov:32.71,21:Bilal Gallo:41.37,22:Yara Laurent:47.54,23:Margaux Diallo:36.20,24:Corey Laurent:45.13,25:Chau Weber:52.47,26:Zoe Vidal:48.83,27:Finn Vo:44.41,28:Carmen Perez:43.19,29:Isabella Durand:39.30,30:Silas Brown:39.85,31:Kofi Wilson:49.07,32:Aki Rodriguez:50.30
3722,Rouen,La Rochelle,08/07/2026,0945,1541,1:Theo Ferrari:26.83,2:Bilal Mohamed:45.80,3:Corey Faure:42.51,4:Ryan Rossi:33.24,5:Lucas Greco:31.82,6:Sara Ferrari:28.94,7:Clement Moore:42.46,8:Youssef Abebe:42.12,9:Jackson Kim:43.41,10:Jeanne Tanaka:27.91,11:Emi Rizzo:46.45,12:Kimberly Mohamed:44.00,13:Driss Cruz:31.59,14:Akira Gomes:41.45,15:Ryo Williams:31.19,16:Hana Garnier:41.00,17:Javier Novak:39.41,18:Aicha Muller:38.63,19:Isabella Clark:37.65,20:Celeste Lee:45.74,21:Zola Torres:41.54,22:Nala Le:33.33,23:Chau Torres:28.07,24:Sofia Suzuki:40.84,25:Kofi Williams:41.41,26:Amandine Pham:46.06,27:Olivia Lefevre:39.32
7107,Limoges,Bordeaux,18/11/2026,1030,1545,1:Daiki Clark:36.19,2:Felix Zimmermann:27.95,3:Nicolas Yamamoto:27.80,4:Mateo Kuznetsov:33.15,5:Simon Vidal:30.52,6:Sergei Ribeiro:,7:Margaux Schmidt:40.25,8:Karim Liu:33.27,9:Daiki Gomez:33.04,10:Igor Moussa:
2421,Montpellier,Reims,07/05/2026,2130,0457,1:Jian Diop:44.54,2:Lucas Diop:46.54,3:David Le:32.10,4:Nicolas Ferrari:34.34,5:Malika Richard:44.82,6:Kenji Russo:40.51,7:Miguel Diop:32.37,8:Pablo Garcia:55.95,9:Juan Tran:39.93,10:Sofia Pham:42.73,11:Isabella Le:32.06,12:Brenda Garnier:52.70,13:Amine Durand:55.01,14:Orion Russo:46.06,15:Skylar Chung:33.30,16:Nour Fernandez:34.63,17:Javier Wang:38.83,18:Mei Liu:40.99,19:Zane Morozov:55.98,20:Minh Ivanov:52.43,21:Awa Cisse:37.80,22:Willow Cruz:44.65,23:Natalia Zhang:52.55,24:Li Faure:47.21,25:Jackson Ramirez:48.91,26:Lucas Khelifi:45.86,27:Hazel Tran:34.48,28:Malika Le:47.24,29:Pierre Taylor:32.54,30:David Ferrari:54.98,31:Willow Popov:43.99,32:Skylar Popov:41.06,33:Sora Durand:49.73
5960,Strasbourg,Clermont-Ferrand,11/03/2026,2000,0307,1:Hassan Russo:51.67,2:Farah Boudjema:41.31,3:Mei Wagner:42.72,4:Kai Martinez:54.08,5:Zachary Wilson:32.91,6:Fode Tran:51.97,7:Amine Torres:51.08,8:Taro Ziane:51.04,9:Maria Garnier:39.38,10:Madison Zhang:45.16,11:Celeste Fournier:47.84,12:Camille Moreau:40.07,13:Camille Diallo:30.44,14:Zoe Diallo:47.02,15:Olivia Tanaka:40.02,16:Lian Lee:51.33,17:Ryan Sato:43.60,18:Ricardo Dubois:36.81,19:Amandine Haddad:38.78,20:Oceane Greco:30.10,21:Ricardo Cisse:36.40,22:Mei Nkosi:53.44,23:Elena Laurent:31.42,24:Jason Cruz:42.09,25:Felix Garcia:37.90,26:Jules Fernandez:38.09,27:Sofia Diop:40.45,28:Rose Nkosi:37.82
4278,Lille,Angers,18/03/2026,1745,0011,1:Amandine Le:31.05,2:Aki Bianchi:34.57,3:Alessio Alves:35.43,4:Harper Ndiaye:45.13,5:Alessio Ziane:38.90,6:Orion Laurent:43.71,7:Juan Greco:42.63,8:Zoe Huang:29.31,9:Baptiste Ribeiro:45.14,10:Elsa Park:46.34,11:Manon Yamamoto:31.57,12:Dmitri Le:44.83,13:Ines Haddad:43.92,14:Valentine Davis:42.37,15:Ethan Durand:27.96,16:Nala Fournier:35.28,17:Elena Zhang:48.43,18:Alessio Almeida:45.72,19:Chau Torres:38.54,20:Fiona Miller:28.44,21:Ulysse Kovacs:46.52,22:Baptiste Sousa:45.73,23:Jian Fahmi:33.42,24:Youssef Doan:30.07,25:Silas Novak:40.45,26:Ethan Brown:35.47,27:Isabella Popov:42.40,28:Paul Muller:43.67,29:Taylor Khan:37.68,30:Lian Traore:42.39,31:Fode Khelifi:29.28,32:Isabella Le:46.64,33:Harper Boudjema:32.63,34:Willow Sokolov:49.46,35:Brenda Popov:36.86,36:Akira Brown:39.33,37:Kofi Dubois:48.90,38:Kwame Weber:38.31,39:Kofi Ndiaye:44.40,40:Lucia Mohamed:28.08,41:Oceane Bruno:47.58,42:Oceane Ouattara:44.63,43:Pierre Cruz:48.70,44:Chau Wang:46.91,45:Rose Moussa:46.93,46:Isabella Park:41.93,47:Ethan Dupont:39.51,48:Clement Cherif:47.69,49:Natalia Martinez:35.79,50:Ines Hussein:41.34,51:Silas Hussein:42.97,52:Hazel Fournier:48.15,53:Isabella Fahmi:34.75
2171,Tours,Nantes,01/03/2026,1915,2308,1:Rayan Johnson:27.83,2:Yara Cisse:24.83,3:Ricardo Wagner:19.88,4:Louis Simon:16.67,5:Maria Garnier:27.79,6:Fode Boudjema:26.40,7:Kenji Zimmermann:20.68,8:Omar Lopez:29.39,9:Yara Rodrigues:26.48,10:Gabriel Yamamoto:23.68,11:Fode Wang:22.28,12:Jules Kim:18.17,13:Katya Gallo:26.75,14:Margaux Fournier:18.69,15:Minh Gomes:28.20,16:Tristan Durand:19.36,17:Mateo Laurent:27.12,18:Zane Fernandez:18.03,19:Kenza Schulz:26.67,20:Theo Dubois:17.05,21:Eloise Sanchez:17.36,22:Brenda Rizzo:19.67,23:Nicolas Greco:21.38,24:Ethan Bianchi:28.73,25:Nour Fernandez:20.11,26:Javier Leroy:25.87,27:Leila Pham:28.02,28:Jules Martin:26.17,29:Santiago Perez:18.92
1608,Perpignan,Brest,06/05/2026,2145,0815,1:Ines Rodrigues:47.88,2:Louis Singh:43.31,3:Li Faure:44.50,4:Elsa Martin:41.65,5:Adrien Moore:51.06,6:Jackson Muller:54.52,7:Taylor Zhang:48.19,8:Rose Martin:47.87,9:Baptiste Wong:37.80,10:Olivia Tanaka:50.14,11:Kenza Kim:50.05,12:Sofia Chen:54.23,13:Dylan Popov:34.13,14:Jackson Ramirez:53.28,15:Amandine Robert:44.94,16:Aisha Ali:35.78,17:Hugo Fahmi:35.08,18:Karim Sousa:50.88,19:Karim Leroy:41.83,20:Bilal Clark:43.55,21:Camille Ramirez:41.46,22:Valentine Martinez:54.99
6376,Lyon,Saint-Etienne,22/08/2026,1300,1508,1:Victor Mohamed:22.42,2:Taylor Zhang:17.41,3:Wei Ferrari:18.97,4:Ryo Michel:13.40,5:Zoe Huang:14.77,6:Bjorn Richard:14.00,7:Kwame Weber:20.35,8:Eloise Schulz:13.03,9:Mei Ali:12.89,10:Minh Sato:14.40,11:Chloe Novak:13.17,12:Miguel Sylla:15.17,13:Aicha Laurent:14.49,14:Farah Boudjema:12.76,15:Elsa Garnier:16.60,16:Youssef Schmidt:17.67,17:Jian Pham:12.94,18:Sophie Sousa:18.52,19:Imani Zhang:19.67,20:Sekou Santos:20.55,21:Fode Park:14.77,22:Ryan Conti:12.84,23:Amandine Le:12.94,24:Samira Khelifi:18.48,25:Alice Hussein:18.81,26:Emi Robert:18.64,27:Zane Lee:17.15,28:Pierre Diallo:13.86,29:Paul Durand:12.58,30:Rose Thomas:22.25,31:Theo Taylor:14.31,32:Rayan Garcia:14.94,33:Oceane Vidal:16.48,34:Imani Dupont:15.71,35:Zola Greco:14.43,36:Pierre Ribeiro:22.36,37:Dylan Popov:13.40,38:Felix Nguyen:22.03,39:Hazel Schmidt:22.26,40:Amandine Robert:22.47
5535,Montpellier,Marseille,16/09/2026,2045,2330,1:Silas Brown:16.56,2:Camille Moreau:18.86,3:Javier Wang:15.12,4:Silas Tran:16.23,5:Imani Kuznetsov:16.62,6:Nala Esposito:21.56,7:Jackson Silva:17.05,8:Paul Pham:19.99,9:Wei Schulz:16.29,10:Felix Esposito:
4781,Tours,Lyon,23/02/2026,1545,2118,1:Ryan Fernandez:34.57,2:Akira Abebe:27.86,3:Minh Doan:38.53,4:Santiago Perez:23.54,5:Yasmine Kuznetsov:39.35,6:Erica Mohamed:23.96,7:Alice Doan:36.23,8:Kenza Fahmi:38.72,9:Oceane Ouattara:35.08,10:Sophie Tran:30.19,11:Madison Tanaka:32.72,12:Taylor Fournier:37.15,13:Dmitri Lee:35.68,14:Sekou Santos:31.22,15:Leila Leroy:36.31,16:Amine Rizzo:35.75,17:Sana Lee:26.32,18:Miguel Clark:33.61,19:Isabella Lefevre:35.29,20:Amine Novak:39.69,21:Finn Cherif:38.79,22:Amandine Chung:36.67,23:Malika Nguyen:40.43,24:Rose Vasiliev:36.30,25:David Ferrari:32.65,26:Kai Cisse:35.48,27:Louis Sanchez:27.62,28:Lian Sokolov:38.52,29:Silas Ziane:32.49,30:Chloe Garcia:30.18,31:Nala Dupont:26.91
5483,Angers,Perpignan,15/06/2026,1300,2128,1:Amine Weber:49.39,2:Natalia Muller:43.46,3:Hassan Gomez:50.31,4:Mei Kovacs:33.03,5:Skylar Almeida:40.71,6:Harper Martin:32.82,7:Ethan Bianchi:57.14,8:Corey Faure:37.99,9:Amandine Fahmi:55.10,10:Madison Gomes:34.12,11:Zachary Popov:44.03,12:Erica Sokolov:55.23,13:Pierre Diop:42.66,14:Willow Simon:49.47,15:Rose Schmidt:44.95,16:Sana Liu:33.07,17:Sofia Diop:42.74,18:Sara Rodrigues:54.41,19:Skylar Rossi:37.18,20:Finn Diallo:46.01,21:Juan Roux:47.55,22:Ryan Martin:39.41,23:Finn Miller:53.04,24:Karim Petrov:53.05,25:Imani Dupont:52.44,26:Chau Torres:44.68,27:Eloise Oliveira:47.76,28:Emma Miller:57.34,29:Aicha Ziane:45.07,30:Li Faure:49.32
5469,Caen,Tours,14/10/2026,1615,1852,1:Madison Santos:19.10,2:Amandine Le:12.67,3:Karim Novak:19.06,4:Bjorn Moreau:21.49,5:Santiago Huang:22.38,6:Brenda Kovacs:20.29,7:Liam Khelifi:21.58,8:Ethan Torres:19.98,9:Lucas Khelifi:20.56,10:Corey Moreau:20.41,11:Chen Pereira:13.17,12:Hana Silva:15.23,13:Imani Moussa:19.31,14:Manon Lefevre:17.71,15:Minh Fahmi:14.41,16:Finn Cherif:14.06,17:Zane Bernard:14.84,18:Aicha Wong:14.12,19:Jeanne Russo:18.59,20:Omar Ouattara:14.94,21:Austin Nkosi:18.44,22:Samira Ramirez:22.01,23:Aki Cisse:13.06,24:Hassan Pham:16.76,25:Bilal Le:18.16,26:Skylar Popov:18.58,27:Li Dubois:20.94,28:Thao Ndiaye:12.72,29:Nour Cruz:19.95,30:Ethan Klein:15.20
5724,Rennes,Lille,02/04/2026,0815,1323,1:Pierre Cruz:29.60,2:Natalia Ali:35.43,3:Felix Huang:40.60,4:Natalia Davis:35.74,5:Ines Doan:25.63,6:Fode Khelifi:34.19,7:Alice Tanaka:42.18,8:Daiki Bianchi:40.94,9:Juan Lefevre:35.94,10:Awa Suzuki:36.09,11:Pablo Liu:36.72,12:Amandine Robert:29.29,13:Javier Petrov:35.07,14:Sekou Greco:37.83,15:Elsa Singh:35.22,16:Jules Torres:27.87,17:Farah Nkosi:30.10,18:Simon Garnier:41.20,19:Zane Almeida:32.68,20:Sekou Ziane:41.47,21:Thao Ndiaye:25.40,22:Kofi Ndiaye:28.85,23:Miguel Diop:31.82,24:Ryo Doan:24.96,25:Silas Sylla:42.17,26:Kofi Williams:32.00,27:Romain Diallo:28.90
2066,La Rochelle,Le Mans,04/08/2026,0900,1311,1:Emi Pham:25.12,2:Rayan Chen:24.16,3:Hassan Bruno:27.37,4:Kenza Bernard:31.05,5:Baptiste Suzuki:30.38,6:Noah Gallo:29.28,7:Juan Petit:20.00,8:Sergei Bernard:22.87,9:Akira Brown:18.24,10:Li Kowalski:28.38,11:Lea Conti:23.47,12:Madison Muller:24.27,13:Jeanne Doan:27.69,14:Lucia Weber:19.30,15:Jian Robert:28.10,16:Katya Khelifi:31.58,17:Mei Sanchez:24.76,18:Natalia Cruz:30.94,19:Noah Schulz:31.43,20:Karim Sanchez:28.82,21:Lucia Kovacs:22.60,22:Pablo Richard:24.35,23:Valentine Rizzo:25.31,24:Lucia Traore:26.24,25:Malika Vasiliev:30.77,26:Clement Moore:26.81,27:Zachary Cisse:24.57
3220,La Rochelle,Metz,30/11/2026,1630,0303,1:Chloe Morozov:43.53,2:Corey Lefevre:45.75,3:Rayan Novak:49.07,4:Sara Fahmi:44.59,5:Aki Muller:41.93,6:Youssef Popov:57.23,7:Lucia Kuznetsov:55.20,8:Sophie Taylor:51.55,9:Alessio Ouattara:34.91,10:Akira Brown:37.31,11:Manon Taylor:33.73,12:Sora Durand:37.50,13:Imani Schmidt:45.46,14:Theo Le:39.93,15:Louis Singh:56.22,16:Felix Ivanov:43.37,17:Maria Traore:39.84,18:Emma Conti:45.24,19:Santiago Ferrari:32.58,20:Lian Garnier:57.12,21:Yumi Nkosi:55.65,22:Natalia Morozov:46.74,23:Mehdi Bernard:38.00,24:Chau Zimmermann:34.43,25:Santiago Robert:56.71,26:Kenza Garnier:48.66,27:Liam Rossi:40.26,28:Lucas Cherif:45.38,29:Aki Kovacs:53.82,30:Margaux Garnier:47.67,31:Finn Cisse:46.24,32:Ryan Moreau:48.16
2024,Saint-Etienne,Lille,08/09/2026,1100,1735,1:Lucas Diop:32.11,2:Lian Oliveira:29.01,3:Clement Lopez:48.35,4:Bjorn Greco:49.43,5:Aicha Muller:48.01,6:Camille Fahmi:47.84,7:Chloe Weber:44.77,8:Ines Laurent:34.84,9:Zoe Rodrigues:46.46,10:Yara Cisse:48.06,11:Quentin Greco:42.69,12:Pierre Ribeiro:44.35,13:Daiki Smith:45.37,14:Paul Chen:35.92,15:Hugo Nkosi:45.85,16:Li Dubois:41.31,17:Aki Kovacs:44.68,18:Ryan Rossi:44.13,19:Amandine Faure:40.33,20:Dylan Roux:45.38,21:Amandine Conti:48.32,22:Baptiste Ribeiro:50.32,23:Alice Dupont:42.17,24:Igor Doan:34.94,25:Valentine Ndiaye:31.56,26:Orion Faure:30.25,27:Finn Davis:38.07,28:Zoe Fahmi:32.04,29:Austin Pereira:34.32
2156,Toulouse,Dijon,08/07/2026,1915,0243,1:Corey Robert:46.70,2:Lucia Rodriguez:44.35,3:Rayan Garcia:38.67,4:Eloise Khan:,5:Sofia Thomas:48.87,6:Minh Benali:52.71,7:Sofia Silva:53.95,8:Nala Esposito:53.89,9:Sora Weber:38.17,10:Isabella Nkosi:32.79,11:Lea Leroy:,12:Amandine Haddad:53.93,13::,14:Sophie Alves:54.32,15:David Bruno:54.49,16:Mehdi Laurent:,17:Elena Ziane:34.29,18:Bilal Sokolov:48.62,19::,20:Erica Tanaka:50.19,21:Eloise Miller:49.65,22:Oceane Kuznetsov:56.39,23:Jian Traore:40.38,24:Miguel Ndiaye:37.47,25:Tristan Garnier:34.24,26:Oceane Bruno:38.63,27::,28:Sara Petit:57.80,29:Zachary Thomas:50.06,30:Rose Novak:
1882,Brest,Lille,24/03/2026,1800,0210,1:Valentine Moreau:42.46,2:Theo Silva:51.67,3:Manon Dupont:53.86,4:Amandine Ribeiro:56.91,5:Hassan Kowalski:49.76,6:Elena Diallo:37.28,7:Margaux Garnier:39.82,8:Tristan Popov:49.52,9:Li Benali:37.12,10:Pierre Gallo:53.60,11:Silas Clark:40.90,12:Sonia Dupont:42.28,13:Youssef Abebe:47.73,14:Silas Greco:55.22,15:Ethan Liu:45.86,16:Amandine Wilson:37.94,17:Sergei Gallo:49.02,18:Aisha Haddad:39.02,19:Baptiste Sousa:57.94,20:Bilal Thomas:43.71,21:Rose Yamamoto:41.72,22:Sana Ali:49.57,23:Javier Leroy:52.82,24:Austin Chen:41.99,25:Theo Kim:40.79,26:Maria Traore:48.00,27:Minh Rizzo:57.15,28:Chloe Ferrari:47.14,29:Javier Dupont:46.88,30:Silas Martin:44.43,31:Pablo Robert:56.65,32:Yara Rodrigues:39.34,33:Kimberly Diop:43.87,34:Bjorn Gallo:36.89,35:Valentine Martinez:48.19,36:Paul Chen:58.27,37:Maria Garnier:40.96,38:Fode Wilson:57.24,39:Zachary Chung:38.93,40:Imani Zhang:44.72,41:Miguel Clark:48.70,42:Sofia Thomas:52.33
7679,La Rochelle,Montpellier,10/02/2026,1230,1919,1:Sara Rodrigues:34.27,2:Lucia Mohamed:50.58,3:Austin Moore:34.46,4:Malika Richard:42.80,5:Youssef Lopez:31.95,6:Leila Khan:44.53,7:Amandine Johnson:53.10,8:Theo Bruno:31.62,9:Liam Pham:47.44,10:Amine Dupont:36.84,11:Kai Bianchi:43.43,12:Akira Novak:32.05,13:Brenda Dubois:49.39,14:Finn Diallo:35.10,15:Celeste Lee:32.26,16:Theo Taylor:38.67,17:Skylar Petit:39.92,18:Ryan Sanchez:30.68,19:Driss Bernard:39.91,20:Victor Khelifi:30.17,21:Willow Fernandez:34.67,22:Ryo Simon:37.88,23:Farah Le:41.81,24:Natalia Durand:37.40,25:Corey Faure:50.49,26:Emi Pham:45.37,27:Chau Torres:35.93,28:Sofia Diop:41.32,29:Quentin Gomez:39.06,30:Sonia Huang:44.33,31:Wei Chung:44.47,32:Sergei Rossi:48.85,33:Simon Wilson:52.95,34:Kenza Taylor:40.36,35:David Bruno:31.10,36:Lian Sokolov:33.43,37:Nala Dupont:45.89,38:Willow Traore:43.05,39:Igor Ali:48.63,40:Romain Schulz:38.26,41:Elena Ziane:52.76,42:Pablo Richard:51.74
2464,Toulouse,Lille,09/07/2026,1515,0205,1:Corey Lefevre:40.45,2:Sophie Vo:43.33,3:Jeanne Haddad:39.42,4:Farah Pereira:48.64,5:Sekou Kim:38.58,6:Felix Ferrari:47.31,7:Tristan Chen:39.06,8:Javier Brown:56.12,9:Quentin Rossi:46.50,10:Mateo Kuznetsov:39.78,11:Samira Morozov:48.44,12:Tristan Sousa:37.82,13:Kofi Cruz:42.91,14:Felix Zimmermann:55.62,15:Clement Zimmermann:47.37,16:Yasmine Boudjema:42.41,17:Chloe Russo:48.29,18:Yara Oliveira:42.84,19:Baptiste Santos:51.16,20:Hazel Singh:46.15,21:Ryan Cherif:38.81,22:Kwame Brown:47.26,23:Valentine Rizzo:37.84,24:Zoe Greco:57.54,25:Ethan Weber:36.15,26:Rose Moussa:53.60,27:Pablo Ndiaye:35.53,28:Emma Sokolov:54.23,29:Katya Rodrigues:47.11,30:Ethan Klein:32.60,31:Willow Vo:37.97,32:Pierre Moussa:58.15,33:Aicha Garnier:34.09,34:Ricardo Alves:41.51
5758,Reims,Montpellier,05/10/2026,1815,0051,1:Sora Russo:36.18,2:Zoe Rodrigues:33.03,3:Kofi Wilson:54.64,4:Samira Ramirez:54.30,5:Fiona Greco:51.49,6:Emi Conti:42.64,7:Elena Diallo:54.40,8:Baptiste Benali:49.49,9:Skylar Popov:46.88,10:Eloise Oliveira:40.64,11:Santiago Perez:56.42,12:Rose Robert:41.43,13:Louis Singh:49.13,14:Natalia Sylla:37.53,15:Chloe Kuznetsov:42.89,16:Jason Ramirez:38.33,17:Finn Fernandez:32.85,18:Sonia Boudjema:50.46,19:Imani Schmidt:57.58,20:Awa Sokolov:45.27,21:Sekou Santos:49.13,22:Chau Ivanov:41.38,23:Igor Morozov:57.54,24:Paul Kowalski:55.85,25:Zoe Greco:37.47,26:Thao Ahmed:44.61,27:Emi Rizzo:55.12,28:Rose Garcia:48.83,29:Sofia Suzuki:49.05,30:Willow Ramirez:43.43,31:Eloise Fahmi:55.08,32:Malika Moore:51.31,33:Ines Haddad:34.76,34:Jeanne Ahmed:49.55
5350,Le Mans,Reims,08/08/2026,0830,1649,1:Jules Garcia:58.28,2:Brenda Kovacs:43.45,3:Farah Gallo:52.03,4:Akira Park:37.78,5:Jules Torres:39.37,6:Chen Wong:34.90
9989,La Rochelle,Angers,05/03/2026,1215,1522,1:Emi Rizzo:19.64,2:Pierre Diallo:20.74,3:Silas Simon:17.85,4:Paul Sanchez:19.73,5:Mei Garnier:19.73,6:Amandine Haddad:18.54,7:Leila Dupont:22.77,8:Jackson Ferrari:24.38,9:Silas Greco:21.15,10:Liam Pham:25.60,11:Ethan Roux:25.06,12:Arthur Abebe:24.12,13:Rayan Singh:20.45,14:Sergei Boudjema:21.77,15:Sergei Perez:23.37,16:Pablo Robert:21.05,17:Romain Gallo:18.05,18:Romain Lopez:23.30,19:Arthur Khan:21.50,20:Igor Popov:17.46,21:Gabriel Park:25.98,22:Chloe Conti:20.63,23:Emma Petrov:20.48,24:Samira Ramirez:23.94,25:Sofia Sousa:16.88,26:Pablo Ndiaye:17.61,27:Imani Kuznetsov:15.61,28:Victor Tran:26.87,29:Silas Leroy:21.91,30:Chloe Kovacs:19.83,31:David Gomez:25.70,32:Celeste Bianchi:16.09,33:Elsa Bianchi:20.29,34:Nicolas Khelifi:23.10,35:Simon Garcia:20.25,36:Kai Ahmed:21.76,37:Margaux Diallo:20.10,38:Ryo Boudjema:25.30,39:Manon Gomes:15.27,40:Aki Cisse:25.98,41:Youssef Simon:21.23
5930,Le Mans,Metz,08/11/2026,1115,1937,1:Taylor Zhang:54.86,2:Rose Moussa:44.45,3:Sara Greco:58.36,4:Kofi Cruz:39.82,5:Daiki Kim:56.50,6:Clement Lopez:34.53,7:Theo Kim:55.73,8:Karim Ouattara:56.66,9:Ulysse Dupont:39.12,10:Theo Tanaka:56.75
8352,Angers,Lille,21/06/2026,1815,0045,1:Minh Fahmi:52.37,2:Youssef Almeida:39.14,3:Tristan Chung:47.19,4:Omar Liu:53.18,5:Sonia Tran:53.78,6:Zola Clark:42.55,7:Elsa Park:35.31,8:Santiago Miller:36.74,9:Isabella Popov:42.58,10:Jules Moore:41.48,11:Chen Diallo:40.93,12:Jason Ramirez:39.58,13:Mateo Brown:53.83,14:Zachary Thomas:40.18,15:Lian Traore:38.75,16:Igor Cisse:37.96,17:Yara Clark:36.29,18:Lea Weber:47.23,19:Imani Bernard:39.28,20:Ryan Cherif:49.59,21:Zane Suzuki:38.35,22:Kofi Ndiaye:48.75,23:Orion Russo:33.13,24:Willow Tanaka:37.87,25:Orion Bernard:39.57,26:Olivia Ribeiro:32.95,27:Tristan Moreau:42.00,28:Lucia Vo:44.56,29:Kwame Perez:30.47,30:Alice Vidal:33.47,31:Fode Wilson:36.94,32:Yumi Simon:46.95,33:Ryo Klein:43.04,34:Pierre Moussa:38.89,35:Fiona Petrov:39.74,36:Maria Smith:45.90,37:Awa Cisse:50.90,38:Brenda Popov:46.82,39:Juan Petit:47.30,40:Tristan Wang:40.64,41:Willow Rossi:42.04,42:Samira Lefevre:53.80
4053,Toulouse,Nantes,30/10/2026,1030,1728,1:Baptiste Johnson:53.70,2:Malika Nguyen:31.55,3:Farah Boudjema:32.30,4:Thao Ahmed:33.81,5:Pierre Liu:39.31,6:Hugo Ribeiro:48.02,7:Jeanne Moreau:47.66,8:Austin Moussa:40.05,9:Corey Lefevre:51.07,10:Sekou Moreau:44.56,11:Alessio Oliveira:40.18,12:Jackson Sanchez:43.07,13:Aicha Vidal:44.99,14:Zachary Wilson:54.20,15:Chloe Conti:39.33,16:Lian Kim:46.83,17:Zane Cherif:49.20,18:Natalia Wong:31.62,19:Tristan Chung:53.50,20:Ines Hussein:33.62,21:Noah Hussein:43.26,22:Lucas Diop:35.20,23:Austin Doan:31.48,24:Ryan Williams:35.31,25:Hugo Greco:36.55,26:Sergei Gallo:35.67,27:Sekou Yamamoto:47.98,28:Hassan Gomez:50.63,29:Aisha Bruno:33.48,30:Ryo Klein:35.40,31:Olivia Lefevre:31.65,32:Thao Moreau:42.05,33:Ulysse Wang:39.41,34:Sekou Ahmed:34.88,35:Miguel Ndiaye:45.28,36:Malika Suzuki:51.46,37:Ryan Morozov:46.13,38:Farah Russo:54.86,39:Baptiste Benali:53.10,40:Awa Doan:42.37,41:Natalia Mohamed:34.42,42:David Clark:32.91,43:Daiki Clark:32.84
4316,Limoges,Lyon,02/09/2026,1200,1751,1:Aki Ribeiro:43.36,2:Lucas Novak:43.30,3:Isabella Popov:44.92,4:Felix Ali:32.09,5:Skylar Almeida:37.84,6:Santiago Abebe:28.19,7:Ryo Boudjema:42.82,8:Ryan Morozov:39.78,9:Olivia Kim:35.03,10:Mateo Abebe:43.54,11:Nala Simon:30.59,12:Amandine Faure:34.66,13:Jian Lopez:46.44,14:Zola Sylla:26.58,15:Zane Morozov:43.15,16:Baptiste Ribeiro:30.39,17:Hugo Nkosi:26.07,18:Eloise Fahmi:42.23,19:Aisha Sanchez:32.05,20:Chen Morozov:37.48,21:Nour Popov:39.21,22:Victor Zimmermann:41.99,23:Malika Taylor:29.65,24:Mehdi Abebe:27.37,25:Samira Ramirez:40.56,26:Clement Fournier:35.38,27:Lea Bianchi:46.14,28:Zane Cherif:38.60,29:Natalia Weber:42.95,30:Celeste Muller:34.43,31:Chen Nguyen:28.05,32:Wei Leroy:39.34
3106,Angers,Caen,05/03/2026,1130,1519,1:Sergei Boudjema:21.41,2:Miguel Diop:22.64,3:Sergei Dubois:19.83,4:Elena Liu:29.51,5:David Cherif:26.89,6:Louis Singh:19.87,7:Carmen Simon:29.07,8:Pierre Almeida:32.53,9:Kenji Russo:26.76,10:Rayan Dubois:29.90,11:Madison Muller:21.06,12:Bilal Ivanov:32.54,13:Chau Bianchi:21.11,14:Javier Brown:33.22,15:Mateo Oliveira:19.49,16:Louis Ndiaye:27.68,17:Nour Brown:31.14,18:Li Dubois:28.39,19:Madison Moussa:18.89,20:Sonia Diallo:32.65,21:Taylor Cruz:26.27,22:Brenda Simon:21.49,23:Isabella Ivanov:28.50,24:Manon Lefevre:24.30,25:Simon Yamamoto:33.22,26:Samira Khelifi:33.29,27:Valentine Oliveira:26.29,28:Lucas Robert:26.47,29:Emi Conti:24.15,30:Imani Petrov:27.98,31:Alessio Moreau:27.20,32:Paul Sanchez:32.52,33:Daiki Wang:20.96
5004,Brest,Lille,29/06/2026,2015,0436,1:Harper Ramirez:49.14,2:Isabella Durand:57.75,3:Samira Petit:41.51,4:Carmen Simon:41.87,5:Tristan Ivanov:55.87,6:Pierre Yamamoto:35.81,7:Nour Cruz:39.94,8:Youssef Doan:39.20,9:Wei Schmidt:43.39,10:Hugo Ribeiro:50.61,11:Manon Moreau:52.74,12:Sana Lefevre:52.93,13:Sana Ali:38.46,14:Mei Liu:35.40,15:Sara Ferrari:43.63,16:Katya Singh:42.10,17:Lucas Greco:52.08,18:Willow Cisse:39.61,19:Paul Moreau:43.94,20:Emma Almeida:47.88,21:Miguel Clark:47.67,22:Bjorn Johnson:47.57,23:Omar Singh:37.31,24:Dmitri Vidal:51.41,25:Aisha Traore:42.24,26:Sophie Ali:57.26,27:Youssef Conti:56.73,28:Theo Le:54.93,29:Jeanne Clark:48.34,30:Aisha Hussein:54.86,31:Pierre Thomas:46.09,32:Minh Benali:34.04,33:Jeanne Wagner:36.60,34:Malika Robert:38.86
2692,Metz,Marseille,25/11/2026,0615,1124,1:Sonia Bernard:35.78,2::,3::,4:Adrien Martin:32.18,5:Ines Hussein:37.74,6:Ryan Benali:33.21
9070,Montpellier,Reims,29/04/2026,2115,0430,1:Clement Fournier:46.64,2:Omar Moreau:53.45,3:Nicolas Yamamoto:49.62,4:Igor Doan:36.75,5:Oceane Huang:53.26,6:Pablo Richard:38.87,7:Elena Conti:47.15,8:Santiago Miller:49.81,9:Sofia Kovacs:53.38,10:Rayan Rodriguez:46.45,11:Baptiste Rizzo:39.35,12:Driss Oliveira:52.72,13:Harper Miller:35.69,14:Daiki Smith:56.93,15:Margaux Conti:50.02,16:Orion Bernard:49.40,17:Sekou Ziane:32.59,18:Fiona Park:46.32,19:Fode Diallo:55.35,20:Willow Kim:41.20,21:Emma Taylor:54.26,22:Ethan Ramirez:47.09,23:Valentine Ferrari:34.59,24:Harper Rizzo:36.37,25:Zoe Huang:53.45,26:Paul Muller:46.61,27:Madison Zhang:40.54,28:Carmen Cisse:43.84,29:Ricardo Nkosi:48.36
4566,Dijon,Metz,23/02/2026,1915,2206,1:Rose Robert:20.66,2:Ethan Smith:17.46,3:Fode Tanaka:13.03,4:Arthur Cisse:18.80,5:Fiona Greco:15.74,6:Imani Chung:19.51,7:Alessio Moreau:19.72,8:Ryan Cherif:21.05,9:Pierre Bruno:20.20,10:Chau Lee:14.26,11:Taylor Gomes:18.60,12:Valentine Yamamoto:13.80,13:Ryo Williams:16.66,14:Jules Liu:18.96,15:Amandine Cisse:17.85,16:Noah Ramirez:17.97,17:Emma Brown:20.66,18:Nicolas Greco:16.82,19:Lea Weber:21.06,20:Bjorn Sato:21.08,21:Valentine Clark:14.58,22:Silas Dubois:13.18,23:Fode Faure:14.95,24:Jules Cherif:16.49,25:Nour Tran:13.41,26:Paul Muller:14.71,27:Katya Wong:13.60,28:Eloise Wilson:21.50
2827,Perpignan,Strasbourg,06/02/2026,0730,1742,1:Tristan Sousa:35.18,2:Paul Sanchez:53.20,3:Driss Chung:57.13,4:Alice Huang:40.44,5:Rose Ramirez:49.11,6:Ryan Fernandez:33.15,7:Elsa Kuznetsov:54.94,8:Thao Ndiaye:37.39,9:Taro Gallo:42.01,10:Leila Ndiaye:36.53,11:Zane Bernard:52.51,12:Driss Thomas:33.49,13:Willow Smith:49.05,14:Rose Smith:46.51,15:Leila Hussein:36.14,16:Yara Kovacs:36.03,17:Austin Cisse:38.11,18:Karim Sanchez:54.02,19:Wei Chung:50.97,20:Juan Petit:39.13,21:Wei Lee:47.77,22:Chau Huang:51.18,23:Ryan Ivanov:42.38,24:Isabella Lopez:51.93,25:Pierre Rodriguez:49.92,26:Fode Conti:52.16,27:Youssef Lopez:44.25,28:Kofi Khan:41.62
8184,Tours,Clermont-Ferrand,23/07/2026,1000,1349,1:Camille Alves:27.21,2:Nala Simon:17.65,3:Arthur Sousa:18.54,4:Dylan Roux:30.39,5:Nicolas Esposito:30.68,6:Noah Gallo:24.26,7:Kai Doan:22.64,8:Zane Kowalski:27.94,9:Tristan Haddad:24.74,10:Ryo Bruno:24.82,11:Mei Garnier:30.87,12:Jeanne Haddad:23.06,13:Emi Pham:18.36,14:Akira Park:27.32,15:Baptiste Richard:18.02,16:Skylar Ribeiro:22.02
3991,Perpignan,Angers,09/06/2026,0700,1606,1:Minh Doan:,2:Pablo Diop:54.92,3:Felix Ali:50.51,4:Gabriel Cisse:41.32,5::,6:Driss Dupont:32.93,7:Lucas Cherif:41.85,8:Sora Davis:52.36,9:Pierre Doan:50.64,10:Natalia Durand:43.32,11:Alessio Schmidt:,12:Kenza Martinez:50.81,13:Gabriel Schmidt:45.73,14:Yasmine Nguyen:46.50,15:Yara Brown:39.32,16::,17:Hana Williams:38.29,18:Youssef Ziane:34.90,19:Zane Michel:,20:Karim Fahmi:40.01,21:Santiago Perez:41.26,22:Katya Bianchi:38.83,23:Tristan Diop:44.31,24::,25:Amine Cherif:,26:Taylor Khan:34.16,27:Tristan Sousa:40.67,28:Chau Diop:40.39,29:Lian Garnier:37.09,30:Minh Rossi:40.33,31:Karim Bruno:53.02,32:Gabriel Fahmi:33.74
2972,Nice,Lyon,10/09/2026,1645,0005,1:Aisha Sanchez:54.25,2:Minh Sanchez:57.69,3:Lucia Simon:34.12,4:Lucas Novak:45.39,5:Arthur Cisse:32.91,6:Victor Diop:34.46,7:Arthur Gomes:52.47,8:Zane Lee:44.35,9:Igor Doan:43.29,10:Omar Lee:42.32,11:Bilal Ivanov:46.07,12:Baptiste Roux:50.23,13:Akira Park:56.61,14:Mateo Oliveira:52.91,15:Baptiste Santos:35.43,16:Ryan Sato:38.80,17:Willow Tanaka:40.14,18:Akira Abebe:41.73,19:Fode Wilson:38.12,20:Ethan Weber:47.44,21:Adrien Laurent:40.43,22:Jackson Muller:53.76,23:Isabella Le:37.78,24:Austin Haddad:51.41,25:Amine Weber:51.70,26:Kenza Schulz:32.81,27:Hugo Nkosi:52.89,28:Sara Ferrari:52.61,29:Alice Hussein:44.15,30:Dylan Moreau:37.84,31:Ryan Rossi:56.13,32:Silas Ribeiro:40.51,33:Manon Dupont:48.13
9774,Tours,Limoges,04/11/2026,1900,2248,1:Zola Garcia:23.41,2:Malika Nguyen:31.16,3:Dylan Popov:,4:Liam Bernard:29.18,5:Sara Martinez:24.23,6::,7:Kenza Fahmi:25.81,8:Kenji Leroy:29.95,9:Yara Brown:25.47,10:Ryan Morozov:19.63,11:Jian Pham:28.03,12:Miguel Pereira:18.14,13:Kofi Khan:28.65,14:Daiki Gomez:20.71,15:Harper Kuznetsov:22.81,16:Willow Abebe:27.61,17:Sofia Davis:22.26,18:Amine Cherif:26.13,19:Minh Rossi:20.57,20:Gabriel Cherif:19.26,21:Wei Benali:25.00,22:Ricardo Rodriguez:27.87,23:Baptiste Suzuki:,24:Chau Ali:32.40,25:Willow Michel:20.34,26::,27:Lea Bianchi:18.30,28:Liam Nkosi:30.72,29:Celeste Lopez:22.84,30:Madison Torres:,31:Kofi Cruz:22.28,32::,33:Zachary Zimmermann:
7136,Paris,Dijon,13/02/2026,1800,0120,1:Olivia Kuznetsov:55.67,2:Daiki Kim:38.30,3:Zane Cherif:50.52,4:Jason Ramirez:33.63,5:Wei Kim:37.79,6:Simon Wilson:54.73,7:Thao Lee:51.52,8:Theo Tanaka:56.22,9:Karim Liu:52.08,10:Erica Sanchez:,11:Elsa Park:41.82,12:Felix Lefevre:58.14,13:Emi Johnson:50.38,14:Sara Khan:40.84,15:Silas Greco:49.03,16:Karim Sanchez:49.00
7448,Lille,Paris,13/09/2026,0730,1009,1:Zachary Moussa:20.42,2:Elena Diallo:24.15,3:Baptiste Alves:16.54,4:Nicolas Khelifi:23.59,5:Willow Cisse:18.17,6:Camille Moreau:23.51,7:Karim Leroy:16.15,8:Imani Alves:19.32,9:Chloe Traore:20.06,10:Rose Rodriguez:15.70,11:Ulysse Vidal:24.08,12:Lucas Khelifi:17.80,13:Taylor Wong:17.79,14:Ryo Chen:,15:Rayan Torres:21.17,16:Margaux Vasiliev:16.84,17:Dmitri Lee:15.91,18:Silas Greco:15.14,19::,20:Gabriel Yamamoto:,21:Willow Michel:17.54,22:Leila Leroy:18.38,23:Farah Rizzo:23.33,24:Kenza Weber:18.27,25:Chen Roux:18.15,26:Ethan Durand:18.34,27:Santiago Abebe:20.33,28:Mateo Wang:,29::,30:Natalia Durand:16.58,31:Zane Zhang:19.61,32::,33:Zoe Bruno:23.48
6169,Nice,Dijon,16/03/2026,2215,0605,1:Chloe Durand:34.43,2:Amine Lefevre:32.60,3::,4:Noah Schulz:43.22,5:Akira Novak:51.04,6:Ines Sokolov:42.51,7:Pablo Petrov:,8:Hana Ali:49.11,9:Ryo Simon:56.32,10:Nicolas Ahmed:44.64,11:Nala Conti:57.52,12:Sophie Cruz:57.17,13::,14:Taylor Kim:53.76,15:Noah Gallo:,16:Isabella Durand:48.26,17:Kenji Russo:37.41,18:Zane Bernard:33.88,19:Mehdi Sato:46.47,20:Quentin Roux:54.93,21:Fode Faure:34.92,22:Miguel Diop:38.64,23:Rose Smith:51.04,24:Emma Moussa:54.09,25:Silas Martin:40.04,26:Zane Morozov:45.02
7786,Dijon,Nantes,03/11/2026,1900,0331,1:Alice Huang:55.26,2:Yumi Liu:39.11,3:Sora Haddad:39.93,4:Lucia Simon:52.17,5:Pierre Rodriguez:49.32,6:Jackson Sanchez:50.86,7:Fode Faure:40.95,8:Minh Doan:35.44,9:Mateo Brown:41.13,10:Nicolas Ahmed:35.97,11:Oceane Boudjema:36.79,12:Wei Lefevre:54.24,13:Thao Ahmed:50.54
6115,La Rochelle,Perpignan,28/07/2026,1415,2145,1:Oceane Boudjema:51.99,2:Karim Bruno:53.01,3:Lian Sokolov:46.04,4:Daiki Kim:46.97,5:Simon Ndiaye:55.77,6:Sana Ali:34.95,7:Samira Rossi:56.10,8:Nala Mohamed:47.60,9:Alice Torres:47.24,10:Minh Sato:36.36,11:Theo Le:43.08,12:Kenza Martinez:57.53,13:Gabriel Schmidt:40.26,14:Taylor Conti:56.35,15:Aisha Traore:44.76,16:Youssef Abebe:32.86,17:Lucia Huang:51.67,18:David Esposito:51.41,19:Theo Kim:51.09,20:Fode Moussa:57.91,21:Austin Santos:44.45,22:Jeanne Wang:44.69,23:Ryo Bruno:44.72,24:Yara Wong:40.48,25:Hassan Martin:55.89,26:Chloe Singh:39.30,27:Arthur Khan:43.66
4675,Clermont-Ferrand,Tours,25/08/2026,2230,0208,1:Dmitri Wagner:32.56,2:Jeanne Tanaka:26.50,3:Chen Cherif:33.16,4:Adrien Vasiliev:21.17,5:Javier Novak:30.00,6:Simon Taylor:31.10,7:Austin Nkosi:24.31,8:Quentin Fernandez:29.89,9:Ryan Fernandez:23.39,10:Manon Novak:32.60
5912,Rennes,Clermont-Ferrand,15/12/2026,1445,2118,1:Juan Roux:48.18,2:Ines Hussein:32.95,3:Thao Ahmed:34.64,4:Isabella Benali:39.61,5:Margaux Ribeiro:32.31,6:Chen Nguyen:43.23,7:Emma Moussa:50.80,8:Margaux Weber:43.23,9:Nour Smith:42.36,10:Amine Lefevre:37.97,11:Mehdi Zhang:40.35,12:Victor Khelifi:49.44,13:Sora Rodriguez:32.43,14:Hugo Martin:48.83
2227,Metz,Reims,27/04/2026,0630,0924,1:Fiona Petit:17.62,2:Li Schmidt:21.31,3:Jackson Diop:20.89,4:Isabella Popov:18.82,5:Rayan Chen:19.41,6:Quentin Gomez:16.56,7:Willow Rossi:20.28,8:Dmitri Le:20.13,9:Nicolas Wong:16.42,10:Willow Simon:18.63,11:Isabella Lefevre:13.50,12:Minh Sanchez:20.75,13:Sophie Ouattara:20.89,14:Quentin Leroy:16.53,15:Silas Cherif:16.75,16:Rayan Davis:21.50,17:Isabella Le:20.10,18:Yara Brown:12.55,19:Zola Schmidt:15.39,20:Yara Laurent:15.76,21:Amandine Chung:18.33,22:Harper Rizzo:13.56,23:Daiki Gomez:14.85,24:Lucia Mohamed:21.59,25:Orion Laurent:21.16,26:Imani Chen:19.05,27:Ricardo Cruz:22.26,28:Taro Gallo:15.62,29:Fode Perez:12.73,30:Amandine Robert:16.03,31:Sofia Zhang:13.52
8983,Bordeaux,Saint-Etienne,03/07/2026,1800,0108,1:Tristan Garnier:49.92,2:Youssef Morozov:47.62,3:Awa Cisse:57.06,4:Celeste Lee:41.29,5:Hazel Laurent:39.63,6:Awa Kuznetsov:48.12,7:Sana Lee:48.31,8:Natalia Wong:53.19,9:Natalia Weber:45.68,10:Aicha Vo:43.25,11:Jian Popov:45.72,12:Amandine Fahmi:56.81,13:Paul Durand:53.07,14:Taro Wilson:55.73,15:Carmen Bruno:51.78,16:Corey Nguyen:46.35,17:Rayan Chen:48.37,18:Brenda Popov:45.10,19:Sora Garnier:41.65,20:Chloe Morozov:47.62,21:Rayan Torres:46.63,22:Thao Gallo:47.93,23:Lea Leroy:33.91,24:Miguel Sylla:53.46,25:Awa Suzuki:34.43,26:Zane Durand:41.63,27:Driss Yamamoto:34.58,28:Jackson Martinez:33.39
3262,Tours,Caen,29/12/2026,1300,1633,1:Clement Sato:18.93,2:Daiki Moussa:29.18,3:Pablo Liu:30.05,4:Baptiste Sousa:26.84,5:Valentine Durand:17.65,6:Jian Ramirez:30.37,7:Sora Garnier:29.61,8:Silas Leroy:22.83,9:Silas Hussein:24.00,10:Hassan Rodriguez:17.37,11:Zane Wilson:29.60,12:Elsa Suzuki:27.94,13:Yara Clark:21.17,14:Kwame Rizzo:19.60,15:Skylar Davis:27.15,16:Wei Lee:20.92,17:Karim Sanchez:24.91,18:Nour Rodrigues:23.11,19:Emi Conti:20.52,20:Amine Dupont:23.34,21:Katya Lee:21.13,22:Akira Brown:18.04,23:Hana Pereira:28.26,24:Baptiste Ribeiro:18.64,25:Zoe Diallo:21.94,26:Hugo Wilson:28.96,27:Ryan Liu:24.94,28:Skylar Chung:26.23,29:Arthur Sousa:24.51,30:Karim Sanchez:25.53,31:Youssef Abebe:30.66,32:Alice Vidal:30.77,33:Paul Durand:21.70
8624,Dijon,Paris,02/11/2026,2245,0645,1:Bjorn Tran:53.99,2:Oceane Lee:46.49,3:Erica Sanchez:43.97,4:Austin Cisse:39.70,5:Karim Liu:51.94,6:Amandine Moore:45.41,7:Finn Cisse:35.93,8:Wei Lee:53.12,9:Maria Petrov:39.74,10:Jules Garcia:45.13,11:Akira Chen:51.67,12:Wei Schmidt:47.75,13:Kai Doan:34.53,14:Kofi Petit:48.28,15:Lian Sokolov:42.79,16:Aicha Rizzo:49.51,17:Minh Sanchez:34.98,18::,19:Sophie Benali:51.80,20:Natalia Fournier:,21:Lucia Esposito:49.66,22:Rayan Garcia:,23:Daiki Singh:40.62
9868,Brest,Clermont-Ferrand,03/05/2026,2145,0604,1::,2:Minh Smith:45.35,3:Skylar Ribeiro:57.49,4:Silas Le:50.81,5:Sekou Moreau:35.63,6:Yara Oliveira:42.57,7:Kenza Williams:,8::,9:Pierre Rodriguez:56.55,10:Zachary Gomes:50.57,11:Chen Muller:55.71,12:Elena Sousa:36.32,13:Skylar Gallo:35.42,14:Natalia Weber:55.61,15:Rose Martin:40.97,16:Daiki Wang:57.97,17:Simon Nkosi:51.34,18:Wei Ferrari:47.11,19:Taylor Smith:57.50,20:Emma Cisse:46.80,21:Noah Schulz:55.92,22::,23:Natalia Faure:42.56,24:Zola Torres:38.79,25:Li Gomes:33.27,26:Hassan Martin:44.25,27:Zane Almeida:51.86,28::,29:Harper Dupont:38.02,30:Miguel Clark:47.45,31:Chau Weber:52.00,32:Ricardo Alves:33.45,33:Ulysse Park:52.68,34::
8764,Bordeaux,Reims,30/06/2026,0800,2002,1:Elsa Ali:35.45,2:Chen Muller:43.85,3:Samira Wagner:50.88,4:Harper Ouattara:44.40,5:Elsa Perez:39.02,6:Olivia Kim:51.33,7:Carmen Miller:40.64,8:Finn Johnson:45.25,9:Simon Chen:50.53,10:Alessio Moreau:58.45,11:Karim Nguyen:43.18,12:Quentin Santos:46.48,13:Carmen Simon:33.73,14:Arthur Khan:36.03,15:Kenza Garnier:35.37,16:Zane Wilson:45.71,17:Noah Gallo:49.40,18:Mateo Wang:51.20,19:Ryo Sanchez:56.39,20:Nicolas Wong:33.97,21:Driss Perez:48.90,22:Lucia Kovacs:58.04,23:Willow Michel:40.46,24:Driss Bernard:50.33,25:Daiki Singh:42.22,26:Valentine Rodrigues:36.45,27:Rose Thomas:52.09,28:Silas Simon:32.58,29:Eloise Miller:45.30,30:Alice Alves:46.68,31:Elena Conti:54.34,32:Jeanne Petrov:41.94,33:Aki Rodriguez:52.86
3581,Metz,La Rochelle,28/06/2026,1800,0453,1:Yasmine Kuznetsov:45.00,2:Emma Petrov:36.20,3:Omar Cisse:50.26,4:Javier Sato:47.22,5:Jian Popov:44.91,6:Carmen Wagner:55.88,7:Lucia Diop:33.09,8:Driss Kuznetsov:57.24,9:Aisha Sanchez:47.43,10:Sophie Tran:40.87,11:Yara Oliveira:56.63,12:Elena Ziane:49.26,13:Hazel Lefevre:37.35,14:Bilal Cruz:39.69,15:Quentin Chen:38.11,16:Simon Yamamoto:37.79,17:Madison Torres:54.84,18:Lian Pereira:47.70,19:Javier Leroy:43.59,20:Hugo Miller:53.06,21:Ines Sokolov:54.29,22:Miguel Dupont:47.63,23:Jeanne Taylor:34.57,24:Aki Huang:55.48,25:Juan Roux:44.80,26:Arthur Ivanov:45.53,27:Mei Diallo:54.96,28:Akira Petit:32.61,29:Nicolas Yamamoto:41.64,30:Ulysse Nguyen:46.98
5932,Rennes,Lille,10/02/2026,2145,0400,1:Lucas Cherif:29.16,2:Li Abebe:45.75,3:Jason Yamamoto:40.12,4:Dmitri Bruno:47.62,5:Bjorn Torres:49.79,6:Maria Tran:44.42,7:Louis Singh:39.39,8:Sara Petit:37.78,9:Paul Ahmed:44.41,10:Nala Dupont:35.34,11:Jason Klein:33.15,12:Manon Dubois:39.79,13:Jules Fernandez:29.59,14:Chloe Kuznetsov:36.93,15:Silas Moussa:50.27,16:Felix Muller:41.90,17:Zoe Huang:50.64,18:Margaux Fournier:38.68,19:Clement Zimmermann:30.94,20:Karim Sousa:37.29,21:Javier Sato:42.84,22:Jian Zimmermann:43.27,23:Kofi Cruz:35.68,24:Zoe Bruno:34.08,25:Pierre Moussa:36.06,26:Kimberly Mohamed:35.10,27:Maria Garnier:44.96,28:Chloe Fernandez:41.64,29:Jackson Ferrari:29.36,30:Zoe Tanaka:36.35
7625,Lille,Tours,29/11/2026,1930,0050,1:Kenza Chen:39.41,2:Chloe Singh:28.05,3:Oceane Wang:43.93,4:Bilal Wilson:30.82,5:Paul Leroy:32.63,6:Camille Diallo:34.56,7:Sophie Nguyen:36.01,8:Zane Cherif:39.78,9:Elsa Martin:44.52,10:Driss Kuznetsov:27.58,11:Louis Zimmermann:38.91,12:Mehdi Laurent:32.27,13:Simon Taylor:29.47,14:Fiona Simon:41.01,15:Daiki Martinez:27.17,16::,17:Manon Dupont:33.56,18:Rose Vasiliev:28.19,19::,20:Felix Klein:28.00,21:Li Faure:29.34,22:Sofia Davis:28.33,23:Elena Russo:,24:Madison Kowalski:31.67,25:Corey Taylor:27.03,26:Jules Mohamed:37.91,27:Lian Oliveira:43.62,28:Fode Wang:27.89,29:Ryan Klein:42.70,30:Amandine Robert:43.33,31::,32:Felix Haddad:40.74,33:Manon Kim:35.31,34:Sophie Schulz:27.04
8471,Nice,Toulouse,19/11/2026,1030,1801,1:Oceane Greco:40.78,2:Manon Gomez:47.68,3:Miguel Dupont:57.74,4:Zane Morozov:46.88,5:Amandine Pham:52.68,6:Silas Le:40.57,7:Sana Vo:34.57,8:Zoe Dubois:37.07,9:Kenza Weber:38.73,10:Romain Diallo:39.93,11:Sonia Kim:44.21,12:Sergei Ribeiro:36.71,13:Margaux Schmidt:51.75,14:Sergei Vasiliev:37.43,15:Eloise Wilson:53.20,16:Natalia Muller:56.47,17:Ricardo Cisse:54.60,18:Celeste Ramirez:39.75,19:Kwame Brown:49.30,20:Maria Smith:39.61,21:Hugo Wilson:44.21,22:Liam Vasiliev:58.15,23:Sofia Diop:54.25,24:Minh Doan:53.40,25:Alice Dupont:36.61,26:Nala Dupont:42.41,27:Dmitri Klein:49.64,28:Yumi Sanchez:33.14,29:Igor Almeida:46.08,30:Santiago Robert:55.96,31:Ethan Ferrari:54.80,32:Yara Brown:54.53,33:Hugo Greco:55.53,34:Zane Fernandez:43.55,35:Jackson Martinez:33.38,36:Jeanne Smith:35.60,37:Kenji Simon:43.11,38:Romain Michel:42.02,39:Lucia Ziane:55.21
5206,Tours,Limoges,10/06/2026,0945,1304,1:Emma Conti:24.09,2:Felix Wagner:21.19,3::,4:Kwame Schulz:26.63,5:Finn Fernandez:25.51,6:Fode Wilson:23.68,7:Sophie Gomez:25.53,8:Zane Davis:20.88,9:Sonia Dupont:16.18,10::,11:Valentine Martinez:20.96,12:Nicolas Ouattara:15.39,13:Aicha Garnier:27.16,14:Kimberly Diop:,15:Wei Lee:19.93,16:Chau Torres:23.47,17::,18:Bjorn Thomas:23.12,19:Ryan Moreau:24.64,20:Silas Miller:20.09,21:Samira Martin:19.48,22:Sekou Yamamoto:27.09,23::,24::,25:Nour Cruz:22.68,26::,27:Taro Wilson:19.32,28:Lucas Klein:26.61,29:Javier Zimmermann:26.23,30:Nour Singh:21.19,31:Aisha Traore:21.46,32:Sora Petrov:16.27,33:Taro Wang:26.51
9072,Lyon,Rouen,27/10/2026,0800,1330,1:Taro Wilson:33.62,2:Sofia Wang:24.13,3:Manon Rizzo:41.59,4:Kai Doan:39.62,5:Valentine Khelifi:33.18,6:Isabella Lefevre:42.64,7:Tristan Garnier:33.51,8:Yumi Simon:29.63,9:Zane Durand:29.33,10:Corey Faure:29.78,11:Erica Sato:42.63,12:Karim Leroy:36.77,13:Jackson Silva:25.78,14:Chloe Durand:35.15,15:Celeste Park:42.20,16:Fode Moussa:28.36,17:Gabriel Cisse:34.26,18:Paul Pham:31.17,19:Tristan Schmidt:25.40,20:Victor Singh:36.91,21:Amine Rossi:30.10,22:Imani Williams:25.38,23:Nala Simon:31.68,24:Ethan Smith:31.67,25:Clement Zimmermann:25.69,26:Emma Petrov:34.66,27:Gabriel Cherif:35.97,28:Felix Suzuki:29.47
7431,La Rochelle,Montpellier,30/05/2026,2145,0517,1:Sekou Fournier:55.90,2:Corey Gallo:44.34,3:Yara Cisse:38.03,4:Carmen Faure:38.02,5:Alessio Moreau:50.21,6:Rayan Moreau:33.92,7:Kofi Muller:56.38,8:Baptiste Roux:55.15,9:Maria Roux:55.59,10:Lucas Suzuki:54.50,11::,12:Fode Tran:,13:Manon Yamamoto:54.52,14:Nala Simon:39.81,15:Louis Park:52.86,16::,17:Lea Leroy:51.37,18:Driss Yamamoto:39.06,19:Ryo Simon:38.82,20:Pablo Liu:44.28,21:Alice Leroy:37.94,22:Rose Yamamoto:33.99,23:Margaux Garnier:37.83,24:Arthur Gomes:48.18,25:Emi Cisse:55.75,26:Fode Fournier:54.63,27:Felix Khan:56.87,28:Ryan Conti:56.59,29::,30:Brenda Ouattara:33.85,31:Samira Huang:52.68,32:Yara Moore:,33:Baptiste Alves:53.10,34:Liam Khelifi:51.76,35:Zoe Nkosi:44.74,36:Juan Fernandez:55.95,37:Camille Popov:54.44,38:Lucia Klein:50.98,39:Katya Bianchi:54.34,40:Driss Conti:42.46,41:Minh Sato:,42:Imani Dupont:54.70,43:Quentin Pereira:37.87,44:Noah Vo:33.01,45:Valentine Yamamoto:51.79,46:Carmen Perez:39.59,47:Mateo Oliveira:58.03,48:Quentin Fernandez:46.85,49:Skylar Bruno:43.34,50:Thao Ndiaye:51.41
9119,Lyon,Dijon,14/05/2026,1945,2129,1:Sekou Ahmed:15.90,2:Mehdi Benali:15.85,3:Gabriel Schmidt:14.67,4:Ricardo Rodriguez:20.05,5:Leila Hussein:19.57,6:Minh Rizzo:20.82,7:Manon Perez:15.79,8:Ryan Fernandez:20.46,9:Hana Wagner:15.14,10:Miguel Boudjema:15.06,11:Bjorn Greco:13.70,12:Minh Rizzo:14.65,13:Lucia Traore:19.64,14:Hassan Liu:12.91,15:Bjorn Lefevre:18.34,16:Paul Kowalski:21.50,17:Aisha Sanchez:21.86,18:Sara Khelifi:19.27,19:Zola Greco:15.89,20:Hana Gallo:14.39,21:Jackson Ferrari:13.77,22:Noah Brown:17.70,23:Alice Alves:21.83,24:Hana Martinez:13.07,25:Minh Gomes:20.73,26:Harper Ribeiro:17.26,27:Aisha Gallo:13.69,28:Brenda Dubois:14.27,29:Noah Gallo:21.67
7392,Saint-Etienne,Rennes,12/04/2026,1215,1848,1:Pierre Yamamoto:38.64,2:Simon Ndiaye:48.50,3:Theo Le:47.19,4:Louis Kim:40.21,5:Ryo Doan:46.98,6:Rose Yamamoto:51.92,7:Sonia Tran:33.00,8:Alessio Moreau:39.36,9:Santiago Ferrari:31.22,10:Rose Moussa:32.23,11:Chloe Kim:37.81,12:Zane Kowalski:49.32,13:Bilal Gallo:34.33,14:Youssef Doan:41.69,15:Baptiste Bianchi:37.89,16:Daiki Martinez:52.15,17:Romain Diallo:39.06,18:Minh Benali:39.29,19:Romain Lopez:32.81,20:Fiona Park:29.49
4437,Montpellier,Clermont-Ferrand,05/11/2026,1445,2008,1:Louis Huang:33.83,2:Zola Garcia:40.42,3:Jules Bruno:27.53,4:Farah Thomas:31.45,5:Kai Doan:45.05,6:Kai Ahmed:36.99,7:Katya Singh:26.68,8:Jeanne Russo:36.33,9:Sofia Chen:32.25,10:Quentin Fernandez:45.13,11:Jian Clark:31.35,12:Zane Bernard:38.75,13:Akira Zimmermann:45.32,14:Amine Torres:42.61,15:Mehdi Ali:35.30,16:Clement Sato:38.25,17:Minh Schulz:36.42,18:Emma Conti:43.76,19:Imani Ramirez:40.16,20:Li Schmidt:36.88
2766,Angers,Lille,24/03/2026,2230,0438,1:Austin Moore:33.01,2:Olivia Tanaka:31.35,3:Austin Haddad:43.06,4:Victor Tran:30.21,5:Rayan Novak:43.76,6:Jian Torres:39.20,7:Margaux Fournier:46.67,8:Aicha Kowalski:42.56,9:Bjorn Moreau:48.54,10:Brenda Popov:41.12,11:Dmitri Vidal:41.25,12:Kwame Conti:45.31,13:Thao Tran:36.75,14:Ryan Martin:32.09,15:Ulysse Torres:37.00,16:Lea Conti:41.88,17:Igor Almeida:48.20,18:David Faure:39.02,19:Corey Yamamoto:35.71,20:Sara Fahmi:37.66,21:Romain Michel:41.58,22:Bilal Sokolov:40.66,23:Ethan Durand:30.58,24:Elsa Bianchi:37.27,25:Camille Rizzo:47.42,26:Jeanne Doan:50.85,27:Jules Rizzo:44.37,28:Willow Cruz:36.76,29:Tristan Popov:31.55,30:Leila Kuznetsov:39.20,31:Felix Huang:51.40,32:Isabella Schmidt:35.97,33:Imani Alves:51.72
4469,Limoges,Brest,08/12/2026,1930,0136,1:Valentine Clark:40.15,2:Wei Lopez:47.69,3:Samira Wong:27.92,4:Olivia Ribeiro:27.95,5:Sophie Ouattara:32.74,6:Yasmine Boudjema:30.34,7:Juan Petit:35.94,8:Alice Huang:27.76,9:Dmitri Ferrari:29.60,10:Erica Ribeiro:38.55,11:Karim Zhang:36.78,12:Pierre Liu:33.24,13:Sofia Davis:28.93,14:Sana Kovacs:42.11,15:Alice Leroy:33.73,16:Mehdi Gomez:37.34,17:Hana Silva:40.64,18:Adrien Vo:30.43,19:Kai Bianchi:43.13,20:Mei Garnier:49.45,21:Fode Park:48.99,22:Driss Oliveira:44.66,23:Daiki Clark:47.05,24:Clement Moussa:40.69,25:Sergei Perez:35.39,26:Taylor Smith:46.20,27:Jason Ndiaye:41.52,28:Austin Cisse:45.51,29:Liam Pham:34.98,30:Harper Sato:47.37,31:Kenza Davis:41.82,32:Imani Kuznetsov:36.00,33:Clement Cherif:34.25,34:Jian Esposito:28.07,35:Katya Wong:31.73,36:Oceane Almeida:46.27,37:Kimberly Abebe:37.76,38:Imani Chung:49.22,39:Mateo Abebe:49.29,40:Hana Ali:37.95,41:Zoe Perez:46.32,42:Hana Williams:44.02,43:Awa Sokolov:28.55,44:Chloe Ferrari:44.06,45:Dylan Rizzo:39.50,46:Willow Simon:28.42,47:Ines Schmidt:48.25,48:Emma Vidal:31.97,49:Mei Dubois:47.39
9658,Reims,Perpignan,04/08/2026,2130,0738,1:Katya Singh:43.44,2:Imani Singh:57.05,3:Youssef Abebe:46.43,4:Lian Kim:55.67,5:Farah Russo:56.24,6:Oceane Rodriguez:54.56,7:Simon Moore:41.80,8:Ines Le:41.15,9:Clement Kuznetsov:32.96,10:Zoe Novak:33.89,11:Rayan Garcia:57.82,12:Ricardo Rodriguez:39.23,13:Taylor Khan:44.79,14:Ines Haddad:54.76,15:Brenda Rizzo:44.08,16:Hugo Nkosi:54.13,17:Daiki Dupont:38.81
7562,Bordeaux,Clermont-Ferrand,05/03/2026,,2205,1:Kenza Fahmi:45.98,2:Fode Wilson:41.54,3::,4:Amandine Fahmi:51.10,5:Corey Ivanov:43.89,6:Louis Kim:38.08,7:Victor Singh:51.74,8:Amandine Conti:30.99,9:Amine Gomez:41.95,10:Eloise Schulz:48.71,11:Louis Simon:32.52
1767,Caen,La Rochelle,14/03/2026,1000,1522,1:Adrien Santos:25.96,2:Minh Sato:42.91,3:Emi Park:33.76,4:Pablo Pereira:29.98,5:Kenza Williams:33.47,6:Sophie Taylor:40.65,7:Isabella Dupont:35.03,8:Fode Conti:28.65,9:Finn Cherif:33.10,10:Samira Wong:26.48,11:Alessio Oliveira:32.29,12:Igor Park:36.68,13:Li Wilson:25.55,14:Aicha Wong:43.69,15:Willow Traore:28.49,16:Sofia Leroy:40.50,17:Aicha Vo:39.58,18:Li Dubois:28.61,19:Awa Sato:33.26,20:Jian Lopez:40.86,21:Jason Greco:29.27,22:Eloise Wilson:38.99,23:Jackson Wang:31.33,24:Sana Ali:44.99,25:Chen Roux:38.14,26:Isabella Ivanov:45.15,27:Driss Chung:34.55,28:Mateo Laurent:27.92,29:Chau Lee:35.83
3901,Montpellier,Saint-Etienne,24/03/2026,1315,1828,1:Margaux Khan:34.89,2:Bjorn Gallo:30.52,3:Skylar Bruno:24.19,4:Victor Zimmermann:38.26,5:Chloe Durand:29.31,6:Willow Kim:38.75,7:Aki Kovacs:31.13,8:Aki Rodriguez:22.00,9:Jeanne Kovacs:30.89,10:Felix Ivanov:24.53,11:Alessio Ziane:30.32,12:Chloe Smith:26.78,13:Jeanne Petrov:34.32,14:Rayan Garcia:23.02,15:Jeanne Schmidt:27.86,16:Valentine Yamamoto:28.53,17:Sophie Chung:30.89,18:Zoe Novak:38.86,19:Zane Kowalski:36.33,20:Adrien Esposito:27.23,21:Ricardo Dubois:27.19,22:Karim Petrov:28.96,23:Chau Torres:36.42,24:Jian Diop:26.64,25:Bjorn Thomas:27.44,26:Minh Chen:22.27,27:Kimberly Diop:38.19,28:Hassan Rodriguez:33.37,29:Igor Cisse:26.16,30:Ryo Klein:31.01,31:Celeste Boudjema:24.90,32:Austin Chen:27.07,33:Ethan Liu:22.76,34:Li Benali:23.74,35:Kenza Chen:38.21,36:Adrien Martin:37.44,37:Ricardo Rodriguez:24.07,38:Jian Zimmermann:34.89,39:Rose Garcia:30.33,40:Willow Popov:30.20,41:Pablo Martinez:24.07,42:Jian Robert:35.67,43:Taro Gallo:24.48,44:Nala Garnier:38.90,45:Kai Doan:34.07,46:Harper Sato:29.37,47:Liam Alves:37.95,48:Chau Lee:22.83,49:Jeanne Fahmi:38.49,50:Jason Klein:24.54,51:Camille Santos:24.16,52:Kai Ahmed:25.65
5382,Clermont-Ferrand,Toulouse,15/11/2026,1015,,1:Leila Doan:,2:Bilal Thomas:40.50,3:Sora Michel:29.09,4:Paul Leroy:,5:Jules Tanaka:39.96,6:Elsa Conti:30.81,7::
3365,Le Mans,Brest,06/12/2026,1115,1647,1:Alessio Haddad:35.82,2:Lucia Rizzo:41.06,3:Santiago Sanchez:39.18,4:Taylor Moore:28.45,5:Dmitri Bruno:23.87,6:Javier Wilson:33.25,7:Lucas Oliveira:26.77,8:Kimberly Huang:,9:Driss Cruz:23.84,10:Jeanne Russo:34.20,11:Simon Yamamoto:31.76,12:Olivia Kuznetsov:34.14,13:Driss Williams:41.85,14:Sana Smith:27.05,15:Isabella Fahmi:36.55,16:Katya Ahmed:32.94,17:Hana Ali:29.51,18::,19:Elsa Kuznetsov:33.01,20:Zane Durand:40.05,21:Arthur Abebe:33.41,22:Elena Liu:,23:Leila Leroy:23.86,24:Mei Wagner:35.35,25:Elsa Perez:36.96,26:Sekou Cherif:25.40,27:Fiona Miller:39.54,28:Alice Zhang:27.95,29:Bilal Thomas:27.10,30:Lian Oliveira:41.36,31:Yara Clark:35.90,32:Li Dubois:25.65,33:Simon Ndiaye:38.81,34:Mateo Schulz:,35:Lian Le:36.30,36:Emma Moussa:41.14,37:Pierre Bruno:30.51,38:Gabriel Cherif:41.11,39:Awa Sokolov:31.27,40:Aki Ivanov:31.72,41:Rose Miller:36.95,42:Noah Ramirez:33.14,43:Sofia Davis:40.42
9036,Bordeaux,Marseille,22/07/2026,1715,0315,1:Lian Oliveira:42.52,2:Louis Sanchez:47.25,3:Mateo Brown:44.27,4:Kai Bianchi:56.30,5:Mei Ali:42.30,6:Akira Petit:37.40,7:Yara Clark:36.12,8:Gabriel Cisse:53.72,9:Mei Liu:35.55,10:Natalia Martinez:34.75,11:Alessio Ali:38.20,12:Akira Rossi:58.40,13:Taro Pham:46.91,14:Farah Boudjema:33.58,15:Sophie Ouattara:53.82,16:Zachary Wong:35.34,17:David Robert:47.88,18:Santiago Sanchez:50.59,19:Youssef Almeida:47.17,20:Baptiste Schmidt:55.44
4599,La Rochelle,Nantes,08/08/2026,1300,1639,1:Imani Perez:18.62,2:Gabriel Diop:18.85,3:Celeste Muller:22.83,4:Mateo Vasiliev:16.50,5:Austin Santos:15.34,6:Bilal Le:22.00,7:Clement Fournier:27.06,8:Sofia Kovacs:15.40,9:Jian Diop:17.66,10:Kenji Zimmermann:19.39,11:Chloe Singh:22.92,12:Hazel Morozov:18.30,13:Wei Lopez:25.88,14:Farah Rizzo:25.70,15:Zola Martin:25.30,16:Javier Novak:26.60,17:Willow Michel:20.99,18:Katya Bruno:19.58,19:Jian Michel:15.89,20:Bilal Thomas:18.00,21:Youssef Doan:24.18,22:Imani Moussa:24.38,23:Emi Wang:19.96,24:Finn Tran:20.46,25:Aki Rodriguez:17.26,26:Isabella Dupont:17.36,27:Jeanne Wang:15.58,28:Fiona Suzuki:24.84
4619,Reims,Nice,17/09/2026,2215,0346,1:Liam Rossi:35.33,2:Fode Faure:38.01,3:Emi Wagner:31.86,4:Silas Clark:32.48,5:Sergei Dubois:29.80,6:Ricardo Nkosi:26.89,7:Lian Ferrari:,8:Ricardo Diop:39.15,9:Sora Klein:33.59,10:Mehdi Gomez:38.63,11:Hugo Novak:39.47,12:Zane Suzuki:30.98,13:Javier Petrov:29.44,14:Sergei Vasiliev:31.84,15::,16:Ryo Perez:34.41,17:Omar Esposito:29.83,18:Pierre Almeida:39.44,19:Noah Tanaka:40.42,20:Bjorn Richard:32.12,21:Chau Weber:35.90,22:Aisha Traore:41.50,23:Zane Morozov:28.81,24:Kenza Bernard:34.21,25:Sofia Esposito:23.59,26:David Le:39.72,27:Ryan Fournier:31.98,28:Gabriel Yamamoto:38.94,29:Zachary Thomas:37.99
2286,Nice,Tours,11/04/2026,0930,2015,1:Ricardo Rodriguez:35.90,2:Hazel Schmidt:45.43,3:Skylar Davis:33.07,4:Alessio Silva:33.15,5:Silas Sylla:54.16,6:Ryo Sanchez:53.63,7:Lucas Singh:35.28,8:Chau Ouattara:47.78,9:Awa Klein:45.18,10:Katya Rodrigues:36.00,11:Minh Rizzo:47.12,12:Juan Greco:40.07
3343,Rouen,Nice,07/10/2026,2215,1142,1:Rose Moussa:51.16,2:Mateo Vasiliev:46.99,3:Oceane Schmidt:42.50,4:Celeste Ramirez:43.38,5:Valentine Huang:53.34,6:Igor Ali:37.40,7:Zane Bernard:48.18,8:Farah Pereira:38.57,9:Maria Tran:33.90,10:Baptiste Roux:35.29,11:Thao Michel:56.30,12:Amine Leroy:49.21,13:Liam Pereira:50.48,14:Madison Kowalski:48.12,15:Yumi Liu:44.15,16:Felix Esposito:34.31,17:Arthur Ivanov:50.40,18:Finn Johnson:34.50,19:Bjorn Moore:51.39,20:Natalia Cruz:47.67,21:Elena Lopez:55.16,22:Thao Gallo:44.18,23:Lucia Simon:47.50,24:Gabriel Ouattara:44.97,25:Juan Roux:51.88,26:Sora Haddad:38.79,27:Brenda Popov:51.75,28:Kenji Leroy:34.52,29:Zola Schmidt:,30:Liam Pereira:43.09,31:Noah Brown:47.16,32:Liam Alves:56.95,33:Youssef Popov:34.93,34:Lucia Vo:41.98,35:Lian Pereira:55.93,36:Erica Ribeiro:33.96,37:Rayan Singh:34.93,38::,39:Arthur Gomes:41.09,40:Santiago Ferrari:47.46,41:Ulysse Johnson:57.86,42:Fiona Petrov:49.00,43:Sofia Davis:,44:Ethan Durand:44.59,45:Lea Wilson:54.79,46:Camille Schmidt:,47:Harper Nkosi:,48:Amandine Ribeiro:50.24,49:Ines Schmidt:45.35,50:Hugo Fahmi:51.08,51:Tristan Diop:44.99
6484,Bordeaux,Marseille,27/04/2026,0815,1750,1:Fiona Davis:46.58,2:Bilal Ivanov:55.67,3:Sana Kovacs:57.92,4:Dmitri Lee:37.19,5:Daiki Dubois:41.29,6:Arthur Sousa:47.06,7:Dmitri Vidal:42.02,8:Dylan Roux:47.04,9:Manon Gomez:35.76,10:Javier Leroy:57.76,11:Liam Alves:52.53,12:Ulysse Liu:50.69,13:Lian Kim:43.70,14:Akira Brown:35.23,15:Margaux Schmidt:50.09,16:Margaux Fournier:57.64,17:Omar Liu:37.45,18:Amine Weber:36.01,19:Tristan Tran:44.44,20:Ethan Zhang:47.33,21:Hazel Schmidt:55.21,22:Natalia Nkosi:55.51,23:Hazel Morozov:35.48,24:Sana Lee:48.00,25:Jeanne Kovacs:44.18,26:Bilal Le:58.28,27:Alessio Ziane:42.25,28:Alessio Almeida:37.59,29:Daiki Moussa:55.56,30:Simon Brown:55.95,31:Celeste Bianchi:57.25,32:Carmen Sato:43.46,33:Lian Oliveira:53.40,34:Omar Lee:34.27,35:Zane Durand:40.28,36:Dmitri Russo:44.08,37:Aki Muller:42.83,38:Nour Smith:52.09,39:Clement Lee:41.94,40:Ulysse Dupont:47.91,41:Awa Laurent:49.34,42:Elena Zhang:51.29,43:Tristan Popov:57.71,44:Taylor Fournier:44.72,45:Sophie Clark:57.73
9702,Nice,Nantes,19/08/2026,2130,0953,1:Jeanne Taylor:38.05,2:Madison Tran:54.51,3:Chloe Lefevre:36.59,4:Chau Weber:44.68,5:Mehdi Benali:55.95,6:Ryan Sanchez:55.83,7:Rayan Pham:45.28,8:Amine Novak:35.78,9:Simon Yamamoto:37.45,10:Ryan Benali:44.04,11:Eloise Khan:34.92,12:Alessio Schulz:52.20,13:Simon Chen:45.41,14:Miguel Yamamoto:47.42,15:Rose Haddad:45.15,16:Li Faure:58.11,17:Rose Schmidt:38.03,18:Maria Petrov:33.17
9006,Angers,Nice,07/09/2026,2245,1123,1:Kenza Chen:52.60,2:Chloe Fernandez:42.12,3:Sofia Davis:58.28,4:Willow Ali:52.76,5:Sofia Zhang:46.92,6:Fiona Cruz:56.89,7:Daiki Wang:36.99,8:Tristan Diop:46.10,9:Silas Sylla:53.47,10:Dmitri Hussein:37.23,11:Valentine Clark:51.99,12:Zane Klein:45.85,13:Jeanne Russo:55.05,14:Ines Doan:53.82,15:Driss Chung:45.59,16:Bilal Torres:45.90,17:Taro Gallo:45.54,18:Miguel Clark:53.92,19:Rayan Davis:54.00,20:Ethan Torres:41.67,21:Youssef Almeida:56.86,22:Lucas Clark:46.35,23:Adrien Laurent:40.58,24:Ryan Conti:52.79,25:Sekou Kim:48.86,26:Rose Perez:47.07,27:Alice Huang:50.48,28:Sergei Boudjema:43.78,29:Gabriel Miller:34.90,30:Louis Ndiaye:36.92,31:Kenza Vidal:40.04,32:Quentin Novak:34.26
7123,Bordeaux,Grenoble,22/03/2026,1600,0002,1:Kenji Simon:52.02,2:Alessio Wong:32.87,3:Taylor Durand:44.42,4:Lian Kim:50.10,5:Imani Dupont:43.24,6:Natalia Morozov:57.18,7:Jackson Diop:40.54,8:Arthur Ivanov:43.07,9:Igor Park:33.93,10:Celeste Chung:49.25,11:Lucia Simon:41.99,12:Malika Brown:46.86,13:Juan Lefevre:52.56,14:Erica Sokolov:49.76,15:Tristan Popov:53.01,16:Rayan Rodriguez:40.45,17:Taylor Moore:47.79
5540,Rouen,Strasbourg,22/10/2026,1745,0442,1:Igor Doan:45.73,2:Pablo Ziane:38.76,3:Jules Miller:39.96,4:Igor Cisse:45.52,5:Erica Singh:49.21,6:Sofia Wang:47.90,7:Madison Khan:42.77,8:Emi Schulz:46.35,9:Hazel Lefevre:33.88,10:Zoe Rodrigues:33.74,11:Imani Singh:40.49,12:Noah Conti:42.65,13:Rose Smith:34.57,14:Maria Sylla:52.63,15:Adrien Santos:45.00,16:Nala Wang:41.97,17:Romain Lopez:37.24,18:Lea Sokolov:44.56,19:Valentine Moreau:44.05,20:Mei Vidal:38.68,21:Nicolas Esposito:55.72,22:Igor Park:33.66,23:Awa Sokolov:33.02,24:Sekou Santos:49.51,25:Liam Santos:43.65,26:Aicha Laurent:45.07,27:Sara Khan:51.89,28:Lucia Rizzo:47.82,29:Jeanne Haddad:36.07,30:Kofi Suzuki:46.44,31:Olivia Kim:34.84,32:Hana Pereira:45.88,33:Sophie Gomez:34.58,34:Rayan Moreau:43.89,35:Awa Klein:47.88,36:Silas Sylla:47.03,37:Li Martinez:56.29,38:Sophie Tran:48.05,39:Ryan Conti:39.86,40:Leila Rizzo:53.14,41:Elena Richard:41.12,42:Lucia Ramirez:57.98,43:Sofia Kovacs:51.97,44:Sara Rodrigues:47.02,45:Amandine Fahmi:36.22
2993,Metz,Angers,14/09/2026,0930,1921,1:Silas Tran:52.70,2:Wei Rizzo:53.36,3:Alessio Haddad:33.92,4:Yasmine Pereira:41.37,5:Malika Vasiliev:33.96,6:Javier Brown:45.37,7:Katya Santos:47.24,8:Camille Diallo:37.96,9:Sonia Dupont:46.01,10:Yara Clark:43.90,11:Harper Nkosi:55.95,12:Pierre Bruno:52.69
5127,Montpellier,Brest,30/06/2026,1300,0047,1:Erica Morozov:46.26,2:Natalia Ali:39.27,3:Arthur Abebe:40.30,4:Bilal Thomas:39.18,5:Alessio Gomes:33.24,6:Sana Smith:53.34,7:Omar Ouattara:37.94,8:Minh Smith:51.89,9:Pablo Ndiaye:50.70,10:Chau Ali:52.42,11:Sofia Wang:49.41,12:Corey Lefevre:43.24,13:Ryo Sanchez:50.70,14:Daiki Bianchi:48.61,15:Daiki Martinez:33.00,16:Juan Russo:42.41,17:Kenza Davis:51.34,18:Ricardo Liu:54.83,19:Malika Vasiliev:35.16,20:Zane Michel:52.94,21:Fiona Cruz:52.13,22:Chau Fournier:42.38,23:Pierre Doan:43.07,24:Nour Russo:50.57,25:Amine Rossi:38.94,26:Zola Cherif:57.61,27:Manon Lefevre:50.35,28:Samira Martin:55.05,29:Rayan Dubois:50.02,30:Romain Michel:41.67,31:Gabriel Muller:49.80
3904,Paris,Nice,20/03/2026,1645,0540,1:Nala Moore:50.63,2:Imani Alves:47.47,3:Bjorn Greco:45.35,4:Victor Nkosi:48.66,5:Aisha Sanchez:49.21
9297,Brest,Limoges,24/07/2026,0630,1313,1:David Santos:48.24,2:Kenji Rizzo:41.30,3:Valentine Rizzo:48.86,4:Ryan Klein:34.60,5:Felix Esposito:39.20,6:David Thomas:32.10,7:Mei Dupont:43.26,8:Omar Cisse:30.58,9:Quentin Rossi:49.00,10:Eloise Fahmi:37.43,11:Sana Durand:44.58,12:David Clark:50.56,13:Isabella Mohamed:37.79,14:Bjorn Greco:34.59,15:Hazel Lefevre:35.11,16:Youssef Abebe:43.30,17:Chen Nguyen:36.93,18:Lucas Diop:30.65,19:Manon Dupont:48.92,20:Fiona Davis:46.21,21:Ethan Zhang:30.53,22:Igor Moussa:40.72,23:Sergei Gallo:51.34,24:Zoe Vidal:47.90,25:Daiki Moussa:44.00,26:Malika Richard:36.49,27:Lucas Greco:47.98,28:Willow Sokolov:40.64,29:Jian Traore:31.52,30:Aicha Vo:30.75,31:Thao Lee:39.98
9718,Brest,Rouen,14/11/2026,1830,0229,1:Sekou Moreau:33.35,2:Youssef Ziane:54.81,3:Brenda Zimmermann:56.43,4:Jian Popov:48.03,5:Felix Zimmermann:56.52,6:Lucia Vo:57.48,7:Minh Rizzo:42.19,8:Rose Nkosi:39.64,9:Nour Smith:50.38,10:Minh Sato:50.29,11:Clement Cherif:52.51,12:Celeste Fournier:54.30,13:Jules Martin:53.53,14:Ulysse Laurent:58.15,15:Ryan Rodriguez:44.31,16:Ethan Ouattara:52.75,17:Nala Conti:43.27,18:Awa Schmidt:47.05,19:Fiona Doan:45.12,20:Aki Faure:55.43,21:Liam Nkosi:48.40,22:Lea Roux:34.80,23:Paul Ahmed:47.59,24:Kenza Weber:48.78,25:Simon Nkosi:58.11,26:Carmen Petrov:40.05,27:Felix Ferrari:38.74,28:Jeanne Fahmi:44.78,29:Farah Rizzo:54.43,30:Rayan Rodrigues:33.81,31:David Cherif:45.17,32:Sonia Tran:42.10,33:Samira Morozov:36.71,34:Adrien Laurent:41.92,35:Aicha Wong:36.43,36:Emi Conti:42.48,37:Ryan Benali:43.63,38:Li Faure:40.49,39:Alessio Alves:49.28,40:Skylar Petit:48.40,41:Tristan Sousa:39.42,42:Imani Chen:50.50
9976,Lyon,Clermont-Ferrand,24/09/2026,1800,2031,1:Oceane Schmidt:13.05,2:Kwame Smith:15.82,3:Carmen Bruno:21.55,4:Olivia Morozov:16.47,5:Malika Richard:14.81,6:Liam Pereira:14.96,7:Victor Mohamed:18.05,8:Fode Doan:13.36,9:Awa Doan:20.77,10:Leila Khan:21.91,11:Karim Bruno:13.60,12:Carmen Petrov:22.37,13:Sana Martin:22.50,14:Baptiste Johnson:16.10,15:Imani Bernard:19.12,16:Sara Khan:13.16,17:Santiago Zimmermann:15.78,18:Aicha Wang:16.71,19:Sara Kuznetsov:17.90,20:Emma Dupont:20.94,21:Imani Singh:15.61,22:Paul Moreau:14.68,23:Sana Sousa:18.48,24:Jason Fournier:19.87,25:Aicha Laurent:21.36,26:Fiona Miller:17.17,27:Lucas Almeida:15.02,28:Jules Cruz:22.17,29:Juan Alves:15.87,30:Lucas Singh:13.63,31:Arthur Perez:18.26,32:Farah Almeida:14.00,33:Silas Simon:14.68,34:Akira Rossi:15.35
5760,Strasbourg,Marseille,17/03/2026,1430,1959,1:Zachary Haddad:43.59,2:Juan Lefevre:25.60,3:Arthur Durand:32.64,4:Kai Bianchi:42.23,5:Minh Tran:35.89,6:Brenda Ouattara:36.79,7:Arthur Ivanov:39.43,8:Kai Nguyen:26.45,9:Gabriel Ouattara:37.45,10:Kai Rossi:36.79,11:Elsa Greco:40.44,12:Isabella Mohamed:31.33,13:Erica Ribeiro:39.76,14:Maria Garnier:26.33,15:Gabriel Schmidt:41.35,16:Sekou Santos:43.35,17:Santiago Clark:43.67,18:Theo Yamamoto:37.51,19:Corey Gallo:43.31,20:Ulysse Sokolov:36.55,21:Ethan Roux:36.61,22:Leila Doan:31.83,23:Lea Leroy:39.05,24:Corey Nguyen:29.08,25:Silas Miller:28.87,26:Bjorn Sato:37.82,27:Fode Ferrari:39.28,28:Corey Michel:25.30,29:Jules Kim:40.84,30:Silas Clark:25.25,31:Baptiste Sanchez:31.65
5460,Angers,Tours,08/08/2026,1230,1531,1:Aisha Park:17.22,2:Karim Novak:15.18,3:Kenji Weber:18.11,4:Natalia Durand:20.86,5:Sekou Greco:22.68,6:Gabriel Fahmi:17.39,7:Sonia Ahmed:17.22,8:Elsa Bianchi:21.51,9:Dylan Roux:24.55,10:Nour Morozov:16.39,11:Sekou Fournier:16.05,12:Ethan Dupont:23.14,13:Ryo Klein:21.53,14:Nala Fournier:19.27,15:Nour Fernandez:15.82,16:Mateo Benali:23.72,17:Isabella Ziane:20.66,18:Willow Mohamed:15.95,19:Sophie Taylor:15.96,20:Hazel Ribeiro:15.26,21:Lucas Fernandez:23.40,22:Daiki Bianchi:23.70,23:Tristan Garnier:16.53,24:Liam Yamamoto:15.06,25:Zane Suzuki:17.80,26:Alice Dupont:24.59,27:Amandine Pham:16.49,28:Daiki Clark:19.06,29:Willow Simon:14.95,30:Zola Torres:24.11,31:Sekou Bianchi:22.13,32:Sekou Ahmed:15.42
9595,Tours,Rennes,19/08/2026,1600,2000,1:Manon Perez:27.56,2:Zachary Thomas:27.51,3:Quentin Fernandez:24.74,4:Manon Moreau:22.31,5:Willow Vo:27.80,6:Sekou Hussein:21.28,7:Mateo Fernandez:27.97,8:Amandine Fahmi:28.61,9:Alessio Lopez:29.41,10:Sophie Tran:28.99,11:Aki Muller:19.79,12:Finn Diallo:19.48,13:Sonia Ahmed:29.28,14:Ulysse Schulz:26.36,15:Wei Haddad:23.15,16:Javier Kovacs:26.87,17:Nicolas Ahmed:25.84,18:Olivia Weber:22.80,19:Mehdi Bernard:29.34
1542,Lyon,Perpignan,15/02/2026,1130,2015,1::,2:Harper Kuznetsov:33.89,3::,4:Manon Popov:46.35,5:Mei Ahmed:39.78,6:Louis Zimmermann:46.74,7:Hugo Novak:44.13,8:Omar Ouattara:36.24,9:Louis Ndiaye:45.76,10:Kwame Conti:37.47,11:Jackson Popov:57.56,12:Silas Hussein:56.41,13:Lucia Ramirez:35.79,14:Jian Zimmermann:39.50,15:Malika Martin:35.20,16:Fiona Greco:49.69,17:Mehdi Rodriguez:37.55,18:Silas Moussa:54.73,19:Eloise Fahmi:52.16,20::,21:Oceane Lee:54.14,22:Jian Clark:48.77,23:Taylor Gomes:42.73,24:Manon Wagner:49.98,25:Isabella Clark:47.57,26:Aicha Kowalski:37.37,27:Hazel Khan:37.49,28::,29:Adrien Garnier:51.27
1678,Brest,Grenoble,12/07/2026,2045,0738,1:Imani Ahmed:49.90,2:Erica Morozov:37.04,3:Hugo Leroy:48.12,4:Baptiste Bianchi:35.16,5:Carmen Wagner:55.03,6:Arthur Cisse:52.63,7:Lea Suzuki:50.27,8:Corey Laurent:57.25,9:Sekou Greco:38.89,10:Silas Miller:38.78,11:Emi Park:43.23,12:Willow Michel:50.99,13:Orion Tran:56.61,14:Javier Wilson:36.01,15:Ryo Williams:52.56,16:Amandine Fahmi:47.52,17:Clement Sato:55.18,18:Thao Lee:42.25,19:Minh Sato:47.62,20:Chloe Singh:49.75,21:Li Zhang:51.10,22:Aisha Sanchez:50.57,23:Felix Muller:56.09,24:Sophie Cruz:46.95,25:Noah Conti:56.34,26:Zane Wilson:41.40,27:Fode Faure:45.38,28:Sofia Klein:34.44,29:Aisha Gallo:39.00,30:Fiona Cruz:39.39
8074,Rouen,Nantes,09/08/2026,1200,1757,1:Jian Zimmermann:43.96,2:Omar Lopez:42.44,3:Eloise Moreau:31.97,4:Lucas Clark:41.70,5:Ryan Ouattara:25.03,6:Sekou Ziane:35.75,7:Juan Alves:40.20,8:Imani Kuznetsov:44.53,9:Zola Le:30.25,10:Jeanne Petit:43.90,11:Mei Tanaka:31.00,12:Karim Novak:31.08,13:Karim Zhang:43.31,14:Bilal Torres:44.30,15:Chen Roux:28.49,16:Li Kowalski:37.93,17:Imani Fournier:43.48,18:Omar Martinez:44.33,19:Nicolas Vidal:43.46,20:Dylan Moreau:42.35,21:Valentine Martinez:27.91,22:Gabriel Bernard:35.55,23:Lucia Weber:29.80,24:Miguel Pereira:42.66,25:Paul Davis:42.55,26:Natalia Zhang:28.06,27:Sonia Diallo:39.68,28:Sana Novak:34.23,29:Corey Ivanov:36.53,30:Alice Johnson:43.05,31:Gabriel Brown:28.60,32:Sofia Chen:28.34,33:Chloe Laurent:34.57,34:Manon Gomez:38.99,35:Sora Weber:44.42,36:Margaux Dupont:40.49,37:Austin Schmidt:35.58,38:Liam Yamamoto:25.32,39:Madison Diop:35.75,40:Clement Zimmermann:26.56,41:Ryan Vidal:30.84,42:Minh Fahmi:30.36
1939,Le Mans,Toulouse,28/12/2026,0900,1505,1:Mei Tanaka:28.34,2:Ines Le:43.25,3:Pierre Diallo:38.70,4:Chau Ouattara:41.35,5:Manon Popov:45.91,6:Jeanne Petrov:38.24,7:Gabriel Sanchez:37.12,8:Skylar Petit:42.82,9:Dmitri Le:28.47,10:Adrien Vo:28.80,11:Theo Silva:39.62,12:Juan Russo:41.62,13:Kai Ahmed:44.97,14:Sophie Schulz:39.51,15:Jules Fernandez:30.98,16:Sekou Fournier:41.47,17:Emi Nkosi:42.82,18:Lian Kim:34.69,19:Driss Thomas:44.16,20:Leila Zhang:39.50,21:Nour Russo:40.76,22:Kimberly Mohamed:29.78,23:Sana Smith:40.89,24:Omar Kovacs:41.32,25:Youssef Morozov:30.02,26:Isabella Durand:39.86,27:Kenza Pereira:35.66,28:Ethan Klein:33.52,29:Nicolas Ouattara:42.94,30:Lucas Almeida:33.76,31:Manon Clark:39.20,32:Ryan Sanchez:41.88,33:Baptiste Suzuki:30.69
4842,La Rochelle,Tours,28/04/2026,1930,0001,1:Pierre Lee:27.91,2:Ryo Klein:27.66,3:Zachary Popov:31.68,4:Tristan Moreau:20.56,5:Celeste Lee:19.92,6:Jason Khelifi:27.35,7:Juan Lopez:32.22,8:Bjorn Moore:,9:Samira Bruno:30.93,10:Arthur Wong:27.20,11:Sofia Kovacs:31.11,12:Harper Wagner:24.14,13:Adrien Garnier:,14:Sofia Suzuki:33.11,15:Louis Moussa:31.34,16:Manon Ouattara:21.06,17:Aisha Hussein:28.98,18:Paul Pham:21.20,19:Daiki Singh:19.23,20:Austin Garcia:21.48,21:Carmen Fernandez:19.14,22:Felix Garcia:29.69,23:Driss Oliveira:25.07,24:Quentin Roux:,25:Ryan Sanchez:20.10,26:Sekou Fournier:31.72,27:Omar Ouattara:22.70,28:Bilal Ali:20.81,29:Sora Weber:21.35,30:Celeste Bianchi:25.76,31:Nala Simon:,32:Felix Vidal:30.81,33:Igor Moussa:32.38,34:Thao Tran:30.25,35:Taro Pham:24.81,36::,37:Elena Liu:22.76,38:Baptiste Schmidt:24.66,39:Taro Wilson:24.76,40:Natalia Morozov:21.46,41:Victor Khelifi:24.83,42:Liam Yamamoto:25.10,43:Paul Ahmed:23.63,44:Finn Cisse:31.02,45:Li Dubois:21.55,46:Zane Michel:29.88
3461,Rennes,Nice,05/02/2026,1615,0535,1:Pablo Diop:52.26,2:Sora Rodriguez:42.96,3:Jackson Martinez:54.25,4:Manon Dupont:52.86,5:Ines Le:44.31,6:Kwame Schulz:33.77,7:Wei Moreau:41.60,8:Kenza Traore:37.40,9:Samira Khelifi:43.15,10:Akira Torres:43.80,11:Tristan Diop:36.86,12:Minh Chen:45.09,13:Sergei Boudjema:43.39,14:Mei Vidal:52.96,15:Rose Thomas:40.21
5677,Bordeaux,Angers,15/12/2026,1930,2154,1:David Faure:20.07,2:Ryan Ouattara:21.49,3:Samira Rossi:19.29,4:Eloise Oliveira:20.41,5:Yara Cisse:17.30,6:Natalia Zhang:16.69,7:Oceane Lee:19.66,8:Noah Suzuki:14.92,9:Carmen Faure:12.64,10:Kai Doan:19.21,11:Austin Haddad:16.72,12:Sora Rodriguez:21.85,13:Akira Petit:16.28,14:Corey Yamamoto:14.45,15:Zola Martin:14.45,16:Adrien Chung:15.86,17:Emi Rizzo:16.10,18:Kenza Weber:18.06,19:Imani Schmidt:17.85,20:Nala Moore:21.35,21:Sofia Pham:19.00,22:Willow Taylor:17.73,23:Pierre Garnier:16.64,24:Jules Cruz:17.49,25:Adrien Conti:12.71,26:Elena Liu:13.60
9424,Dijon,Lyon,29/06/2026,1215,1414,1:Erica Ribeiro:14.67,2:Isabella Schmidt:20.55,3:Felix Huang:15.67,4:Dmitri Hussein:17.60,5:Sergei Ramirez:13.25,6:Aicha Garnier:19.25,7:Natalia Faure:16.50,8:Chloe Novak:14.42,9:Elena Russo:14.51,10:Sofia Zhang:17.46,11:Willow Abebe:20.06,12:Yara Miller:15.67,13:Elsa Conti:21.58,14:Louis Singh:19.94,15:Margaux Conti:17.10,16:Akira Rossi:16.74,17:Chen Pereira:20.63,18:Alice Huang:20.87,19:Ethan Liu:13.80,20:Baptiste Roux:14.24,21:Quentin Rossi:19.77,22:Akira Abebe:13.97,23:Brenda Le:17.54,24:Jian Torres:15.76,25:Chau Ali:18.96,26:Nour Morozov:18.30,27:Kimberly Abebe:12.96,28:Nala Simon:18.72,29:Imani Chen:14.00
3923,Le Mans,Limoges,17/08/2026,2030,2304,1:Sekou Kim:20.96,2:Willow Abebe:24.10,3:Zachary Moussa:17.95,4:Zachary Wilson:20.77,5:Elena Gomes:22.36,6:Dylan Popov:22.89,7:Baptiste Wong:14.03,8:Lucas Novak:21.43,9:Akira Brown:13.55,10:Celeste Lopez:14.09,11:Brenda Dubois:19.28,12:Madison Sylla:20.34,13:Kenji Mohamed:16.82,14:Ines Hussein:22.11,15:Chloe Fernandez:17.51,16:Olivia Ivanov:19.15,17:Clement Moussa:13.52,18:Wei Lee:15.32,19:Malika Moore:16.25,20:Natalia Zhang:19.79,21:Ryan Morozov:20.85,22:Felix Ferrari:17.44,23:Ryo Esposito:22.34,24:Samira Bruno:16.71,25:Liam Bernard:14.04,26:Pierre Moussa:16.57,27:Lucia Ramirez:15.14,28:Kai Bianchi:14.56,29:Felix Yamamoto:18.41
2918,Clermont-Ferrand,Nice,19/08/2026,1245,2010,1:Sonia Michel:58.29,2:Ethan Durand:45.05,3:Quentin Santos:36.23,4:Hassan Gomez:43.73,5:Kenza Pereira:52.22,6:Santiago Robert:57.60,7:Isabella Benali:51.65,8:Willow Smith:55.78,9:Fode Tanaka:55.59,10:Isabella Park:51.52,11:Orion Laurent:48.80,12:Ryo Esposito:38.47,13:Ricardo Rodriguez:37.27,14:Emi Wang:49.11,15:Youssef Sousa:38.71,16:Taylor Gomes:51.30,17:Ulysse Dupont:46.19,18:Zoe Popov:56.75,19:Fode Ferrari:56.27,20:Hassan Kowalski:32.84,21:Paul Moussa:50.35,22:Kofi Ndiaye:56.84,23:Juan Lefevre:48.01,24:Quentin Chen:36.13,25:Sophie Wang:43.00,26:Zoe Davis:41.17,27:Alessio Boudjema:45.16,28:Katya Almeida:52.97,29:Noah Gallo:34.18,30:Celeste Boudjema:37.66,31:Nour Smith:43.74,32:Natalia Klein:47.73,33:Kenza Ferrari:53.09,34:Zola Schmidt:42.57
7457,Lille,Montpellier,24/03/2026,1830,0405,1:Hana Gallo:52.01,2:Samira Khelifi:54.48,3:Kofi Pereira:38.34,4:Felix Garnier:48.02,5:Karim Ouattara:40.60,6:Zoe Dubois:48.48,7:Kenji Mohamed:36.15,8:Felix Muller:33.79,9:Jeanne Ahmed:36.64,10:Orion Laurent:40.68,11:Alice Huang:41.55,12:Aki Rodriguez:49.01,13:Harper Nkosi:36.98,14:Mehdi Laurent:51.50
8687,Paris,Limoges,21/05/2026,1215,1946,1:Finn Johnson:38.05,2:Aicha Ndiaye:52.33,3:Olivia Kuznetsov:38.94,4:Tristan Sousa:39.45,5:Chloe Smith:52.05,6:Oceane Schmidt:33.12,7:Youssef Popov:45.36,8:Ethan Durand:52.35,9:Dmitri Le:41.65,10:Eloise Popov:40.76,11:Bilal Ivanov:51.44,12:Mehdi Bernard:41.33,13:Katya Singh:48.03,14:Kenza Garnier:34.01,15:Felix Esposito:40.36,16:Zachary Wong:37.98,17:Adrien Chung:40.07,18:Leila Vidal:49.13,19:Aki Tran:51.85,20:Sophie Vidal:37.35,21:Kwame Cherif:37.51,22:Jian Michel:56.65,23:Imani Chung:54.84,24:Ulysse Weber:45.39,25:Olivia Alves:54.25,26:Lucia Kuznetsov:41.95,27:Juan Roux:33.74,28:Jian Torres:52.83,29:Arthur Chung:40.06
5312,Lyon,Nice,05/04/2026,2215,0654,1:Finn Tran:45.37,2:Ryo Williams:45.43,3:Jason Ferrari:52.75,4:Silas Tran:33.77,5:Mateo Huang:56.10,6:Camille Tran:48.33,7:Bjorn Lefevre:36.09,8:Mateo Wang:34.38,9:Liam Vasiliev:38.82,10:Sara Rodrigues:39.67,11:Sonia Kim:57.61,12:Mehdi Ali:49.18,13:Valentine Ndiaye:53.65,14:Louis Clark:33.56,15:Sonia Diallo:36.42,16:Isabella Sanchez:46.48,17:Nicolas Kowalski:42.73,18:Willow Khelifi:50.09,19:Emma Ziane:35.70,20:Samira Tran:55.81,21:Quentin Chen:50.44,22:Pierre Wagner:43.37,23:Mehdi Wilson:43.14,24:Camille Schmidt:43.97,25:Ricardo Liu:52.76,26:Omar Lee:49.19,27:Emma Sokolov:46.25,28:Felix Muller:49.25,29:Clement Zimmermann:40.71
8418,Paris,Angers,30/03/2026,1315,1853,1:Bjorn Thomas:39.17,2:Hugo Miller:34.76,3:Pierre Ziane:29.66,4:Corey Ramirez:39.54,5:Kofi Williams:31.61,6:Zachary Wong:24.25,7:Valentine Ferrari:26.78,8:Paul Moreau:27.83,9:Yumi Sanchez:41.51,10:Chloe Weber:41.97,11:Ulysse Nguyen:40.24,12:Jackson Popov:37.69,13:Corey Robert:35.74,14:Silas Greco:38.03,15:Zoe Tanaka:31.24,16:Camille Ramirez:34.75,17:Juan Roux:26.02,18:Driss Greco:25.10,19:Bjorn Johnson:26.66,20:Zola Schmidt:34.80,21:Dylan Ouattara:42.52,22:Theo Schmidt:42.50,23:Tristan Chen:37.11,24:Elsa Perez:40.58,25:Bilal Clark:28.72,26:Ethan Klein:32.75,27:Miguel Diop:27.77,28:Willow Tanaka:38.92,29:Javier Wilson:32.16,30:Taylor Durand:39.73,31:Omar Singh:25.05,32:Jules Rizzo:38.25,33:Orion Laurent:29.70
3613,Nice,Rouen,30/11/2026,1530,0423,1:Alessio Ziane:35.76,2:Ryan Williams:44.68,3:Kenji Mohamed:37.05,4:Fode Dubois:50.86,5:Manon Wagner:55.57,6:Akira Wang:42.41,7:Celeste Lopez:42.82,8:Amandine Moore:53.98
3513,Brest,Perpignan,23/02/2026,2115,0929,1:Felix Khan:37.86,2:Corey Taylor:34.27,3:Sana Zhang:44.14,4:Harper Rizzo:43.18,5:Youssef Simon:45.03,6:Kai Ahmed:37.10,7:Gabriel Schmidt:45.53,8:Zachary Moussa:38.21,9:Samira Bianchi:40.63,10:Valentine Singh:45.99,11:Nour Russo:44.27,12:Willow Traore:36.72,13:Jules Bernard:35.62,14:Imani Diallo:49.30,15:Zane Durand:38.16,16:Akira Torres:44.28,17:Emi Rizzo:50.58,18:Maria Roux:48.22,19:Ulysse Nguyen:43.88,20:Imani Petrov:54.72,21:Hassan Singh:32.80,22:Ricardo Liu:48.03,23:Baptiste Thomas:57.86,24:Celeste Taylor:34.61,25:Malika Sousa:51.34,26:Kwame Brown:44.23,27:Sophie Cruz:44.18,28:Quentin Nkosi:50.65,29:Sekou Hussein:53.08,30:Arthur Chung:46.22
7096,Metz,Angers,09/10/2026,1030,1942,1:Hana Silva:46.14,2:Camille Tran:56.28,3:Rayan Garcia:42.71,4:Fode Faure:45.85,5:Imani Williams:51.51,6:Ricardo Cruz:47.10,7:Pierre Doan:57.54,8:David Cherif:32.69,9:Amandine Johnson:57.77,10:Sekou Bianchi:35.26,11:Manon Taylor:46.81,12:Kenji Khan:35.78,13:Emma Petrov:33.42,14:Javier Wang:40.62,15:Aki Tran:44.64,16:Tristan Moreau:53.88,17:Taro Doan:48.39,18:Romain Diallo:33.06,19:Zachary Cisse:46.40,20:Kimberly Huang:52.17,21:Omar Ouattara:56.77,22:Bjorn Gallo:56.28,23:Corey Faure:36.11,24:Austin Garcia:45.94,25:Kenza Fahmi:39.68,26:Chau Weber:55.98,27:Pierre Gallo:54.40,28:Gabriel Park:40.46
8026,Lille,Reims,08/11/2026,2100,0508,1:Taylor Kim:53.04,2:Jian Michel:34.77,3:Camille Santos:43.61,4:Gabriel Diop:32.69,5:Taro Doan:34.29,6:Youssef Simon:49.84,7:Miguel Greco:35.44,8:Willow Cruz:34.70,9:Sekou Cherif:48.58,10:Yara Cisse:45.00,11:Ines Sokolov:54.51,12:Ricardo Alves:53.50,13:Harper Sato:33.35,14:Sekou Pereira:57.82,15:Hugo Ribeiro:40.06,16:Taro Zimmermann:49.89,17:Thao Lee:57.97,18:Taylor Wilson:50.84,19:Sana Smith:45.80,20:Lea Tran:32.78,21:Daiki Gomez:45.73,22:Theo Schmidt:53.48,23:Margaux Schmidt:50.06,24:Lucas Diop:45.89,25:Lucia Ramirez:33.09,26:Imani Zhang:39.94
1280,Nice,Strasbourg,16/10/2026,1345,1825,1:Noah Tanaka:33.91,2:Austin Haddad:31.54,3:Zoe Diallo:33.80,4:Sergei Gallo:28.41,5:Hassan Pham:32.80,6:Karim Sanchez:22.32,7:Hugo Robert:27.88,8:Zane Morozov:20.71,9:Daiki Garcia:31.77,10:Elena Oliveira:26.20,11:Miguel Dupont:31.46,12:Youssef Bianchi:35.64,13:Austin Cisse:22.02,14:Emma Pham:23.16,15:Simon Nkosi:27.62,16:Rose Haddad:32.73,17:Taro Clark:21.35,18:Chen Sanchez:30.25,19:Isabella Novak:21.64,20:Pierre Taylor:35.44,21:Sana Liu:26.61,22:Sana Doan:22.17,23:Jules Santos:33.99,24:Manon Popov:31.36
4224,Perpignan,Brest,27/04/2026,1045,2259,1:Santiago Miller:45.94,2:Chau Fournier:42.14,3:Lucas Suzuki:39.47,4:Kenji Zimmermann:40.98,5:Li Gomez:48.68,6:Santiago Ferrari:37.91,7:Ulysse Clark:43.43,8:Daiki Moussa:43.93,9:Carmen Cisse:52.04,10:Jackson Ramirez:52.87,11:Quentin Fernandez:58.04,12:Noah Suzuki:46.97,13:Samira Wong:41.56,14:Samira Petit:33.51,15:Baptiste Bianchi:41.35,16:Hassan Pham:56.55,17:Taylor Moore:34.26,18:Bjorn Johnson:47.76,19:Ethan Smith:52.98,20:Zane Morozov:54.90,21:Hana Silva:34.78,22:Fiona Cruz:41.67,23:Kenza Vidal:36.25,24:Amandine Wilson:47.99,25:Pierre Garnier:48.32,26:Fode Conti:50.61,27:Baptiste Rodriguez:39.47,28:Lucas Clark:45.65,29:Driss Conti:32.53,30:Taylor Wilson:46.31
1487,Saint-Etienne,Rouen,01/02/2026,0700,1226,1:Maria Torres:32.29,2:Zola Schmidt:32.14,3:Finn Diallo:37.06,4:Alice Zhang:23.35,5:Ines Doan:36.92,6:Aicha Laurent:38.26,7:Willow Abebe:23.47,8:Mehdi Benali:24.41,9:Noah Lopez:35.60,10:Olivia Kim:34.80,11:Sofia Thomas:28.64,12:Ryan Martin:29.95,13:Sergei Traore:34.63,14:Zachary Laurent:38.01,15:Farah Almeida:33.66,16:Leila Kuznetsov:33.18,17:Silas Novak:23.45,18:Fiona Cruz:37.17,19:Kofi Williams:32.79,20:Willow Rossi:39.40,21:Imani Alves:36.73,22:Sara Kuznetsov:25.19,23:Ines Hussein:28.60,24:Bilal Mohamed:34.49,25:Kai Ahmed:26.09,26:Hassan Rodriguez:32.08,27:Natalia Perez:33.54,28:Silas Miller:25.46,29:Noah Hussein:39.21,30:Omar Martinez:37.69,31:Lea Brown:31.53,32:Paul Pham:39.66,33:Aki Huang:38.01,34:Finn Cherif:25.96,35:Lucia Weber:40.79,36:Rayan Novak:24.69,37:Simon Ahmed:28.40,38:Oceane Ouattara:23.85,39:Hana Miller:28.49,40:Aisha Haddad:36.96,41:Hazel Ribeiro:33.46,42:Pierre Liu:25.97,43:Mehdi Schmidt:23.13,44:Austin Haddad:35.19,45:Carmen Sato:37.03,46:Felix Ferrari:27.89,47:Elsa Garnier:31.83,48:Kenji Leroy:37.48,49:Silas Simon:29.14,50:Felix Zimmermann:33.70,51:Ryan Sokolov:36.79,52:Nicolas Clark:24.95,53:Silas Ziane:23.97
8611,Angers,Paris,11/10/2026,1300,1840,1:Hana Gallo:30.81,2:Finn Cherif:23.49,3:Dmitri Vidal:28.23,4:Bjorn Sato:32.98,5:Bjorn Esposito:31.19,6:Jason Cruz:40.88,7:Nala Le:28.99,8:Sergei Ramirez:40.43,9:Awa Cisse:40.27,10:Olivia Kuznetsov:34.07,11:Sonia Dupont:39.64,12:Igor Park:37.65,13:Elsa Greco:38.84,14:Pierre Wagner:37.75,15:Minh Fahmi:41.33,16:Fiona Vidal:39.76,17:Theo Kim:23.99,18:Alessio Wong:41.94,19:Akira Zimmermann:41.31,20:Sora Klein:35.42,21:Victor Tran:30.94,22:Fode Doan:41.23,23:Jason Khelifi:31.73
2281,Tours,Dijon,04/07/2026,1830,0109,1:Jackson Kuznetsov:45.77,2:Maria Durand:44.56,3:Felix Vidal:33.71,4:Felix Garnier:35.48,5:Alice Tanaka:42.91,6:Sergei Perez:50.40,7:Juan Petit:31.31,8:Fode Doan:47.52,9:Harper Nkosi:34.65,10:Alice Dupont:40.77,11:Hassan Martin:32.34,12:Pablo Wang:46.60,13:Nala Dupont:28.62,14:Ulysse Nguyen:46.91,15:Katya Santos:48.76,16:Jeanne Moreau:37.53,17:Oceane Vo:34.36,18:Manon Moreau:41.24,19:Jules Kim:28.88,20:Sekou Moreau:32.15,21:Adrien Santos:40.63,22:Eloise Sanchez:36.13,23:Natalia Durand:42.41,24:Tristan Durand:38.52,25:Bjorn Moreau:39.38,26:Victor Tran:35.40,27:Farah Le:35.18,28:Romain Lopez:39.43
5943,Grenoble,Caen,15/10/2026,1245,2019,1:Ines Schulz:46.59,2:Lea Weber:34.30,3:Finn Kowalski:54.64,4:Clement Zimmermann:47.40,5:Nala Esposito:49.48,6:Lian Diallo:34.37,7:Juan Roux:35.25,8:Felix Klein:37.60,9:Taro Gallo:56.11,10:Katya Singh:50.43,11:Alessio Schmidt:47.24,12:Jason Klein:53.10,13:Sofia Sousa:38.92,14:Chloe Fernandez:48.09,15:Baptiste Ribeiro:33.74,16:Taylor Silva:35.44,17:Sonia Diallo:49.94,18:Romain Schulz:39.57,19:Manon Rizzo:42.73,20:Willow Michel:43.81,21:Margaux Dupont:34.13,22:Alice Tanaka:36.02,23:Liam Nkosi:34.04,24:Camille Diallo:40.21,25:Isabella Popov:49.56,26:Nicolas Wong:49.31,27:Pierre Cruz:55.97,28:Sofia Lee:50.52,29:Chloe Ferrari:33.49,30:Jeanne Russo:40.26,31:Chau Le:45.29,32:Chloe Russo:52.38,33:Taro Zimmermann:36.06,34:Kenza Weber:53.01,35:Romain Santos:49.98,36:Thao Moreau:35.63,37:Kai Rodrigues:34.46,38:Hugo Greco:40.38,39:Amandine Johnson:43.30,40:Ryan Rossi:35.86,41:Arthur Robert:38.57,42:Oceane Vo:41.28,43:Aicha Ndiaye:45.34,44:Liam Pereira:51.83,45:Finn Vo:47.10,46:Hana Klein:52.38
3983,Toulouse,Tours,04/07/2026,0745,1535,1:Sophie Cherif:41.31,2:Taro Wilson:38.81,3:Hugo Tran:34.57,4:David Simon:36.78,5:Sofia Klein:53.04,6:Sana Lee:48.12,7:Erica Mohamed:48.66,8:Javier Bianchi:52.84,9:Jason Ramirez:34.97,10:Manon Perez:43.89,11:Manon Rizzo:51.16,12:Pierre Morozov:50.78,13:Camille Morozov:41.94,14:Hassan Rizzo:37.01,15:Zane Abebe:46.90,16:Chen Cherif:53.02,17:Ethan Cisse:37.68,18:Zoe Chen:47.74,19:Natalia Wong:44.96,20:Sofia Ribeiro:35.83,21:Sara Tran:34.68,22:Katya Ahmed:42.24,23:Ulysse Garnier:52.34,24:Nour Rodrigues:33.67,25:Hassan Bruno:48.00
1601,Marseille,Reims,30/09/2026,2245,0457,1:Amine Rizzo:28.82,2:Mateo Laurent:,3:Sophie Gomez:40.60,4:Sara Greco:29.08,5:Manon Gomez:34.29,6:Lea Suzuki:41.10,7:Skylar Ribeiro:50.40,8:Li Dubois:33.25,9:Theo Tanaka:32.13,10:Emma Pham:39.07,11:Bjorn Tran:46.25,12:Madison Kowalski:31.34,13:Felix Cisse:50.38,14:Noah Tanaka:44.89,15:Yasmine Kuznetsov:50.16,16:Aki Ivanov:29.59,17:Dmitri Ferrari:31.63,18:Sonia Kim:39.21,19:Samira Gomes:,20:Louis Moussa:37.46,21:Sofia Gomez:42.44,22:Emi Robert:32.66,23:Fode Wilson:37.42,24:Alice Dupont:32.91,25:Chloe Wong:44.86,26:Akira Park:40.43,27:Emma Moussa:34.50,28:Lea Michel:,29:Liam Ribeiro:31.47
3848,Lyon,Metz,30/07/2026,1430,1849,1:Pierre Wagner:,2:Camille Tran:23.67,3:Leila Ndiaye:26.94,4:Katya Yamamoto:25.62,5:Hassan Bruno:
2035,Reims,Paris,22/07/2026,1230,2122,1:Clement Cherif:57.33,2:Zoe Greco:54.60,3:Victor Singh:52.57,4:Celeste Fournier:50.13,5:Rayan Pham:38.08,6:Amandine Robert:40.46,7:Oceane Ouattara:34.15,8:Arthur Cisse:56.92,9:Kwame Brown:40.99,10:Erica Mohamed:34.72,11:Emma Nguyen:54.57
9153,Montpellier,Nantes,15/02/2026,1700,0152,1:Amine Gomez:48.79,2:Yasmine Nguyen:,3:Pierre Taylor:45.70,4:Chloe Wong:48.23,5:Harper Ouattara:38.98,6:Elsa Martin:33.70,7:Sara Martinez:34.43,8:Zola Clark:49.74,9:Nour Brown:38.73,10:Chloe Conti:54.97,11::,12:Jeanne Haddad:47.16,13:Igor Chen:33.05,14::,15:Sonia Kim:46.88,16:Chloe Novak:,17:Rose Ramirez:56.66,18:David Gomez:47.83,19::,20::,21:Driss Cisse:36.46,22:Skylar Almeida:37.99,23:Skylar Novak:,24:Jules Park:35.32,25:Hassan Pereira:48.94,26:Orion Tran:48.84,27::,28:Jian Singh:34.91,29:Natalia Weber:48.82,30:Ulysse Nguyen:33.03,31:Samira Sokolov:51.60,32::,33:Harper Wagner:39.28,34:Minh Sato:55.21,35:David Esposito:47.45,36:Youssef Chung:33.43,37:Adrien Conti:,38:Kai Bianchi:44.69,39:Chloe Ferrari:55.41,40:Samira Martin:52.78,41:Fode Yamamoto:57.69,42:Clement Cherif:33.98,43:Aisha Bruno:52.34,44:Hassan Martin:48.44,45:Pierre Diallo:54.40,46:Mehdi Abebe:55.67,47:Fode Almeida:,48:Willow Cruz:50.22,49:Ethan Brown:47.90,50:Liam Yamamoto:37.89,51:Sana Park:41.42,52:Nour Fernandez:37.36
6167,Toulouse,Tours,13/05/2026,1400,,1:Zola Garcia:35.74,2:Leila Greco:42.19,3:Amine Gomez:54.57,4:Amine Dupont:41.04,5:Willow Michel:40.32,6:Rayan Johnson:38.91,7:Aki Cisse:43.75,8:David Cherif:44.55,9:Austin Chen:49.85,10:Nour Fernandez:50.31,11:Arthur Sousa:50.55,12:Yara Kovacs:47.46,13:Jason Mohamed:40.54,14:Sofia Leroy:34.83,15:Simon Wilson:38.59,16:Kofi Cruz:50.79,17:Silas Brown:44.60,18:Li Martinez:50.05,19:Fode Ferrari:37.73,20:Fode Tran:48.32,21:Karim Nguyen:55.29
5711,Toulouse,Caen,20/06/2026,0830,1706,1:Sora Weber:50.38,2:Emma Ziane:54.27,3:Isabella Ziane:40.28,4:Leila Rizzo:33.83,5:Austin Chen:44.73,6:Sonia Greco:38.10,7::,8:Sana Durand:,9:Javier Haddad:41.77,10:Olivia Thomas:50.82,11:Jackson Wang:34.59,12:Elena Sousa:47.34,13:Juan Ziane:33.64,14:Baptiste Roux:,15::,16:Valentine Singh:34.28,17::,18:Ulysse Dupont:48.37
3863,Lille,Perpignan,16/02/2026,1415,0132,1::,2:Kimberly Huang:37.16,3:Oceane Greco:45.81,4::,5:Chau Almeida:33.31,6:Hazel Hussein:52.30,7:Hana Miller:50.60,8::,9::,10:Camille Rizzo:,11:Paul Pham:45.17,12:Clement Moore:53.00,13:Hazel Morozov:45.62,14:Austin Moore:34.63,15:Chen Yamamoto:42.55,16:Taylor Khan:46.14,17:Omar Doan:47.15,18:Felix Garnier:49.73
7206,Marseille,Rouen,29/11/2026,1115,2108,1:Bilal Kovacs:54.40,2:Youssef Bianchi:37.58,3:Kai Martinez:33.34,4:Wei Ribeiro:53.42,5:Emma Vidal:57.28,6:Romain Sylla:35.45,7:Pablo Ndiaye:42.43,8:Valentine Ndiaye:50.37,9:Austin Doan:54.25,10:Alessio Boudjema:39.35,11:Jules Bruno:46.57,12:Tristan Wang:54.55,13:Natalia Faure:32.66,14:Paul Moussa:58.33,15:Austin Garcia:51.31,16:Natalia Fournier:54.37,17:Sara Martinez:43.05,18:Elsa Conti:34.37,19:Eloise Boudjema:44.69,20:Chen Nguyen:54.03,21:Chloe Morozov:38.53,22:Chau Zimmermann:46.11,23:Hazel Tran:50.07,24:Manon Dupont:52.01,25:Aicha Muller:58.19,26:Farah Almeida:39.31,27:Jackson Ramirez:48.97,28:Orion Faure:41.87,29:Nicolas Sanchez:48.04,30:Amandine Ziane:42.92,31:Aisha Gallo:53.20,32:Harper Moreau:45.68,33:Hugo Nkosi:48.68,34:Baptiste Wong:45.33
7094,Bordeaux,Dijon,26/06/2026,1500,0143,1:Camille Popov:40.88,2:Yasmine Nguyen:40.81,3:Wei Lee:44.32,4:Alice Torres:43.36,5:Juan Greco:43.22,6:Brenda Dubois:56.06,7:Ulysse Johnson:34.30,8:Willow Fernandez:45.96,9:Skylar Popov:47.53,10:Hazel Schmidt:50.06,11:Sara Khan:33.62,12:Ulysse Sokolov:38.27,13:Nicolas Vidal:54.20,14:Kwame Smith:39.55,15:Amandine Perez:58.32,16:Adrien Vasiliev:41.92,17:Arthur Sousa:39.23,18:Ryan Conti:49.37,19:Zoe Perez:42.52,20:Sophie Nguyen:54.28,21:Camille Santos:50.64,22:Rose Nkosi:39.38,23:Pablo Petrov:40.50,24:Erica Mohamed:36.39,25:Zoe Huang:41.51,26:Pierre Cruz:34.15,27:Sofia Thomas:46.06,28:Skylar Chung:35.07
1757,Paris,Dijon,18/07/2026,2045,0432,1:Victor Nkosi:55.18,2:Clement Fournier:49.70,3:Simon Nkosi:45.69,4:Taylor Smith:57.18,5:Mei Vidal:41.15,6:Bjorn Schmidt:49.61,7:Camille Wang:37.49,8:Isabella Lopez:44.11,9:David Esposito:35.77,10:Minh Rizzo:40.90,11:Lian Oliveira:40.77,12:Samira Bruno:52.22,13:Isabella Park:58.03
7242,Rouen,Clermont-Ferrand,18/12/2026,1000,1558,1:Ricardo Nkosi:40.17,2:Finn Miller:30.56,3:Madison Lee:50.66,4:Chen Yamamoto:48.13,5:Chen Ziane:43.50,6:Thao Gallo:33.73,7:Victor Nkosi:39.41,8:Aicha Rizzo:39.82,9:Skylar Rossi:51.68,10:Fode Fournier:30.24,11:Jian Pham:37.88,12:Mateo Laurent:42.15,13:Youssef Ziane:45.88,14:Sonia Dupont:40.13,15:Li Faure:31.53,16:Lian Sokolov:49.17,17:Ulysse Lopez:29.88,18:Hazel Fernandez:47.01,19:Chloe Ferrari:49.85,20:Chloe Fernandez:30.44,21:Minh Sato:51.36,22:Fode Conti:46.85,23:Sekou Haddad:31.73,24:Valentine Bianchi:49.31,25:Alessio Haddad:29.15,26:Romain Schulz:47.61,27:Rose Yamamoto:34.83,28:Alessio Alves:35.77,29:Sora Russo:34.21,30:Taylor Moore:47.07,31:Skylar Popov:32.87,32:Oceane Robert:30.26,33:Akira Gomes:44.46,34:Samira Sokolov:45.36,35:Omar Doan:32.25,36:Kimberly Huang:46.05,37:Gabriel Garnier:49.89,38:Nala Simon:46.71,39:Valentine Rodrigues:47.08,40:Nour Cruz:31.52,41:Omar Ouattara:45.51,42:Pablo Pereira:51.70,43:Baptiste Suzuki:40.75,44:Youssef Chung:49.54,45:Emma Martin:47.73,46:Manon Wagner:33.10,47:Elena Laurent:29.16,48:Baptiste Thomas:45.04,49:Hazel Hussein:32.29
7881,Marseille,Montpellier,04/02/2026,1115,1404,1:Kenza Wang:22.61,2:Mehdi Rodriguez:18.29,3:Chen Morozov:18.85,4:Elsa Perez:24.68,5:Zachary Thomas:21.53,6:Manon Wong:15.19,7:Mateo Oliveira:24.32,8:Kenji Zimmermann:16.75,9:Zoe Tanaka:14.42,10:Skylar Popov:20.53,11:Kenza Vidal:24.25,12:Simon Vidal:18.58,13:Hana Martinez:19.12,14:Celeste Lee:24.64,15:Margaux Muller:15.07,16:Lucas Suzuki:16.28,17:Zane Morozov:24.37,18:Minh Rizzo:22.74,19:Driss Almeida:21.39,20:Samira Rossi:15.17,21:Lucia Ramirez:15.83,22:Ulysse Sokolov:23.95,23:Jackson Martinez:22.49,24:Kwame Rizzo:14.47
3166,Toulouse,Marseille,14/08/2026,2045,0115,1:Katya Gallo:24.34,2:Kwame Conti:27.31,3:Javier Richard:19.51,4:Karim Faure:19.22,5:Silas Dubois:19.24,6:Chloe Singh:30.37,7:Margaux Chen:25.64,8:Finn Fernandez:20.17,9:Aicha Rizzo:27.33,10:Orion Simon:27.19,11:Valentine Clark:26.31,12:Arthur Wong:26.35,13:Mateo Oliveira:28.21,14:Silas Martin:20.32,15:Sophie Ali:23.88,16:Manon Nkosi:29.05,17:Akira Ferrari:32.44,18:Olivia Sousa:30.64,19:Sora Petrov:32.75,20:Alessio Ferrari:28.49,21:Skylar Petit:31.61,22:Driss Cruz:24.27,23:Silas Klein:27.76,24:Sara Fahmi:22.79,25:Natalia Davis:22.39,26:Nicolas Miller:30.63,27:Driss Kuznetsov:25.88,28:Gabriel Yamamoto:28.86,29:Amine Lefevre:19.49,30:Ethan Ouattara:27.08,31:Rose Moussa:33.18,32:Javier Kovacs:19.23
5913,Strasbourg,Lyon,13/09/2026,1730,2354,1:Chloe Fernandez:46.17,2:Minh Benali:31.02,3:Alessio Lopez:44.48,4:Rayan Torres:28.22,5:Pablo Martinez:39.70,6:Jason Ferrari:35.56,7:Silas Sylla:43.04,8:Noah Schulz:39.60,9:Yara Rodrigues:30.46,10:Sonia Huang:44.81,11:Felix Garnier:46.48,12:Imani Rodriguez:37.43,13:Paul Pham:36.14,14:Igor Muller:30.18,15:Sora Wagner:31.96,16:Javier Novak:32.77,17:Lucia Vo:35.43,18:Natalia Lefevre:37.34,19:Chloe Durand:37.80,20:Lian Cruz:42.12,21:Hugo Wilson:43.31,22:Silas Moussa:29.56,23:Corey Ivanov:41.47,24:Rayan Robert:41.57,25:Silas Ziane:40.34,26:Paul Diop:40.16,27:Thao Singh:26.99,28:Nour Smith:27.17,29:Amine Cherif:31.43
4438,Limoges,Caen,12/06/2026,1145,1724,1:Aki Diop:40.88,2:Ryan Khelifi:35.36,3:Taylor Conti:43.60,4:Awa Suzuki:41.56,5:Ulysse Vo:40.23,6:Chau Almeida:43.82,7:Lucas Singh:33.81,8:Aisha Haddad:35.56,9:Rose Ramirez:31.99
8973,Lyon,Paris,16/06/2026,0915,1502,1:Yara Wilson:45.15,2:Mei Tanaka:40.73,3:Li Le:49.21,4:Li Gomez:30.50,5:Kenza Ferrari:32.98,6:Fiona Doan:45.29,7:Zoe Tanaka:32.70,8:Gabriel Muller:48.45,9:Zane Fernandez:35.81,10:Sofia Gomez:47.71,11:Fode Tran:33.14,12:Austin Pereira:38.44,13:Jules Rizzo:41.26,14:Erica Ribeiro:32.44,15:Eloise Moreau:40.03
2860,Nice,La Rochelle,29/05/2026,1430,0115,1:Louis Sanchez:33.77,2:Madison Santos:51.90,3:Austin Chen:36.21,4:Sekou Cherif:46.50,5:Igor Doan:44.22,6:Liam Rodriguez:44.48,7:Imani Moussa:32.74,8:Arthur Sousa:50.15,9:Jules Martin:49.66,10:Kwame Perez:49.59,11:Kai Martinez:37.71,12:Nour Fernandez:34.17,13:Dmitri Silva:56.93,14:Mateo Novak:54.42,15:Juan Morozov:45.74,16:Elsa Singh:37.40,17:Lian Traore:51.31,18:Ryan Cherif:37.31,19:Alice Vidal:57.22,20:Sana Sousa:33.37,21:Austin Garcia:47.73,22:Arthur Cherif:52.69,23:Driss Perez:49.88,24:Chen Robert:33.01,25:Miguel Alves:39.22,26:David Le:33.72,27:Kofi Dubois:42.63,28:Chloe Durand:36.59,29:Sophie Sousa:35.77,30:Karim Sanchez:47.97,31:Kenza Perez:38.35,32:Miguel Diop:57.81,33:Samira Khelifi:38.52
8336,Grenoble,Marseille,17/02/2026,2200,0210,1:Mateo Huang:23.20,2:Kenza Taylor:24.00,3:Baptiste Roux:25.96,4:David Robert:30.81,5:Nicolas Wong:18.82,6:Louis Sanchez:21.75,7:Javier Haddad:19.41,8:Zoe Greco:21.11,9:Jason Traore:20.25,10:Igor Ali:30.44,11:Fode Moussa:27.86,12:Jason Ferrari:24.60,13:Finn Vo:18.94,14:Emi Schulz:30.20,15:Corey Robert:24.53,16:Chloe Kuznetsov:28.21,17:Bjorn Sato:30.10
4287,Clermont-Ferrand,Saint-Etienne,25/08/2026,1800,2016,1:Santiago Miller:13.87,2:Driss Chung:13.88,3:Jeanne Moreau:22.19,4:Sora Klein:13.36,5:Madison Zhang:19.93,6:Fode Park:13.22,7:Farah Wilson:21.40,8:Willow Vo:15.40,9:Wei Ribeiro:18.35,10:Kai Ahmed:20.65,11:Bilal Wilson:20.72
6284,Metz,Grenoble,06/05/2026,0700,1130,1:Nour Wong:40.13,2:Bjorn Tran:32.73,3:Fode Perez:38.95,4:Amandine Chung:37.79,5:Sana Ali:30.12,6:Simon Chen:38.15,7:Thao Michel:23.65,8::,9:Bilal Wilson:36.75,10:Emma Conti:30.90,11::,12:Corey Michel:37.68,13:Elsa Rodriguez:28.08,14:Simon Thomas:34.56,15:Olivia Wong:37.35,16:Aki Rodriguez:26.00,17::,18:Ethan Liu:,19:Natalia Morozov:,20:Brenda Garnier:30.52,21:Hana Gallo:40.05,22:Malika Taylor:31.50,23:Karim Novak:37.57,24:Aki Ivanov:39.80,25:Felix Nguyen:33.33,26:Pierre Moussa:,27:Santiago Huang:24.78,28:Imani Ramirez:31.43,29:Nicolas Ahmed:36.41,30:Miguel Diop:25.19,31:Isabella Benali:,32:Samira Wong:29.23,33:Orion Davis:24.34,34:Taylor Moreau:34.86,35:Yara Cisse:31.26,36:Sophie Wang:26.75,37:Aisha Hussein:25.33,38:Amandine Faure:37.08,39:Arthur Chung:33.06,40:Noah Tanaka:,41:Juan Lopez:,42:Hassan Russo:33.69,43::,44:Celeste Muller:30.18,45:Pierre Garnier:24.59
7564,Dijon,Rouen,20/05/2026,1630,2303,1:Willow Tanaka:31.93,2:Rayan Novak:49.07,3:Miguel Ndiaye:39.78,4:Olivia Wong:42.20,5:Maria Garnier:40.61,6:Nala Dupont:30.97,7:Leila Roux:40.16,8:Austin Schmidt:43.08,9:Malika Richard:30.07,10:Amine Leroy:43.68,11:David Gomez:34.83,12:Javier Kovacs:42.93,13:Li Abebe:44.24,14:Nicolas Miller:30.94,15:Zane Morozov:38.39,16:Leila Leroy:48.05,17:Jackson Wang:30.67,18:Fode Khelifi:47.64,19:Austin Doan:41.08,20:Celeste Taylor:49.92,21:Katya Rodrigues:46.81,22:Youssef Morozov:34.09,23:Bilal Kuznetsov:28.82,24:Harper Boudjema:36.38,25:Aicha Michel:43.82,26:Kenji Simon:49.56,27:Paul Pereira:41.95,28:Baptiste Richard:44.76,29:Elsa Garnier:46.53,30:Awa Schmidt:31.45,31:Mei Garnier:31.02,32:Imani Diallo:29.41,33:Kimberly Schmidt:37.81,34:Chloe Morozov:39.64,35:Ines Haddad:32.01,36:Pierre Doan:36.67,37:Camille Popov:33.97,38:Finn Kovacs:32.06,39:Mei Diallo:29.22,40:Jian Pham:45.56,41:Alessio Haddad:50.46,42:Camille Moreau:49.25,43:Katya Wong:43.24,44:Yara Wilson:39.46,45:Alessio Alves:47.99,46:Camille Wang:35.53,47:Lucas Oliveira:40.89,48:Emma Vidal:37.93,49:Carmen Liu:42.91,50:Sana Vo:50.39,51:Li Dubois:33.75,52:Imani Alves:50.05,53:Kofi Roux:41.29
5655,Nantes,Bordeaux,21/10/2026,2030,0016,1:Rayan Novak:23.88,2:Olivia Morozov:22.65,3:Orion Zhang:27.68,4:Juan Sokolov:19.44,5:Chau Le:17.80,6:Paul Pereira:27.56,7:Alessio Wong:22.63,8:Igor Cherif:18.46,9:Mateo Laurent:16.90,10:Zola Schmidt:27.64,11:Natalia Wong:19.84,12:Manon Yamamoto:27.46,13:Camille Diallo:20.31,14:Corey Laurent:17.63,15:Celeste Bianchi:24.97,16:Daiki Singh:23.93,17:Ethan Bianchi:24.81,18:Leila Taylor:21.23,19:Aki Ribeiro:28.25,20:Adrien Moore:25.92,21:Ryan Sanchez:20.11,22:Pierre Doan:17.62,23:Pablo Pereira:23.72,24:Zola Martin:27.44,25:Miguel Yamamoto:19.67,26:Zoe Davis:22.06,27:Kenji Clark:25.15
6849,Rouen,Dijon,09/07/2026,2230,0627,1:Elena Laurent:43.15,2:Nicolas Miller:54.62,3:Yumi Nkosi:44.70,4:Amandine Le:54.70,5:Felix Muller:43.17,6:Austin Santos:42.87,7:Skylar Nguyen:56.02,8:Hazel Ribeiro:51.60,9:Wei Ribeiro:38.14,10:Kofi Suzuki:32.77,11:Victor Khelifi:51.46,12:Awa Kuznetsov:37.99,13:Silas Smith:39.79,14:Juan Fernandez:57.61,15:Ricardo Cisse:56.78,16:Alice Leroy:51.90,17:Minh Tran:56.90,18:Ryo Chen:42.77,19:Minh Le:36.61,20:Carmen Cisse:47.51,21:Silas Martin:35.74,22:Akira Petit:50.54,23:Austin Chen:56.42,24:Isabella Park:32.76,25:Erica Tanaka:44.80,26:Ricardo Dubois:34.23,27:Chloe Kim:56.70,28:Camille Schmidt:40.84,29:Silas Moussa:47.57,30:Wei Lefevre:36.84
2915,Reims,Marseille,14/10/2026,0600,1129,1:Katya Doan:39.72,2:Mei Nguyen:35.82,3:Zoe Vidal:40.07,4:Jeanne Kuznetsov:26.57,5:Ryan Vidal:30.44,6:Karim Sanchez:26.08,7:Rayan Singh:32.50,8:Jules Liu:34.37,9:Samira Tran:27.86,10:Chloe Laurent:35.92,11:Wei Benali:24.93,12:Jian Torres:33.57,13:Aicha Muller:39.36,14:Hugo Martin:42.16,15:Theo Taylor:39.43,16:Jason Greco:44.60,17:Nicolas Ali:25.48,18:Lucas Simon:36.61,19:Willow Mohamed:25.20,20:Omar Lopez:26.00,21:Jian Pham:27.88,22:Sana Lee:30.04,23:Alessio Boudjema:33.34,24:Youssef Schmidt:25.25,25:Simon Fernandez:30.81,26:Katya Almeida:37.16,27:Alice Tanaka:25.21,28:Chloe Conti:39.30
2954,Saint-Etienne,Bordeaux,08/09/2026,1030,1910,1:Fode Diallo:55.25,2:Hassan Klein:56.91,3:Elena Ali:42.75,4:Manon Taylor:57.54,5:Manon Nkosi:56.22,6:Baptiste Schmidt:56.84,7:Austin Doan:36.12,8:Isabella Nkosi:58.11,9::,10:Sophie Nguyen:,11:Wei Ferrari:41.36,12:Minh Benali:47.32,13:Hana Miller:40.01,14:Katya Ahmed:46.31,15:Zachary Haddad:33.69,16::,17:Zoe Ali:32.61,18:Lucia Mohamed:43.51,19:Imani Rizzo:33.31,20:Noah Brown:51.72,21:Baptiste Kuznetsov:41.01,22:Sara Ferrari:56.76,23:Paul Muller:36.84,24:Leila Hussein:37.28,25:Sekou Yamamoto:37.43,26:Corey Robert:
8520,Saint-Etienne,Tours,15/07/2026,1430,1843,1:Ryo Hussein:27.53,2:Jeanne Haddad:18.96,3:Santiago Robert:22.74,4:Madison Thomas:27.85,5:Hugo Martin:25.80,6:Kwame Rizzo:17.58,7:Clement Ivanov:28.38,8:Farah Le:28.15,9:Yasmine Boudjema:19.81,10:Rose Mohamed:20.30,11:Mei Diallo:20.48,12:Carmen Bruno:22.69,13:Harper Ndiaye:22.41,14:Hassan Klein:17.89,15:Thao Tran:29.86,16:Margaux Schmidt:18.78,17:Ulysse Petrov:17.72,18:Valentine Chung:29.41,19:Sekou Greco:28.20,20:Gabriel Brown:26.05,21:Nour Smith:17.63,22:Rayan Pham:25.74,23:Amandine Fahmi:19.66,24:Alice Leroy:29.38,25:Maria Rodriguez:18.74,26:Kenza Wang:21.64,27:Chen Morozov:21.44,28:Paul Chen:21.28
6781,Saint-Etienne,Perpignan,20/03/2026,1845,0205,1:Ryan Rodriguez:48.02,2:Tristan Schmidt:46.33,3:Fode Tanaka:56.70,4:Santiago Ferrari:45.43,5:Olivia Weber:55.21,6:Hazel Fernandez:50.93,7:Santiago Clark:37.83,8:Carmen Faure:54.66,9:Taylor Conti:46.63,10:Tristan Chen:50.29,11:Lian Cruz:42.25,12:Pierre Diop:57.14
3008,Reims,Lyon,20/12/2026,2245,0259,1:Jian Diop:30.92,2:Fode Yamamoto:30.88,3:Igor Moussa:22.10,4:Pierre Garnier:33.68,5:Lea Wilson:25.54,6:Rose Haddad:31.33
7835,Paris,Nantes,06/11/2026,0645,1333,1:Nala Wang:50.83,2:Olivia Tanaka:46.90,3:Javier Kovacs:43.45,4:Daiki Martinez:47.32,5:Gabriel Miller:46.76,6:Adrien Garnier:37.56,7:Mei Diallo:35.79,8:Lucas Greco:53.22,9:Miguel Diop:30.95,10:Camille Moreau:53.04,11:Corey Gallo:48.53,12:Taylor Khan:39.91,13:Thao Moreau:45.09,14:Taro Doan:31.94,15:Minh Tran:42.01,16:Nala Garnier:47.59,17:Manon Gomez:48.86,18:Adrien Santos:38.02,19:Pablo Liu:44.81,20:Isabella Mohamed:36.95,21:Mehdi Conti:30.86,22:Minh Rizzo:37.96,23:Taylor Conti:34.30,24:Simon Chen:47.96,25:Dmitri Klein:47.21,26:Celeste Muller:52.94,27:Imani Laurent:41.79,28:Quentin Gomez:37.93,29:Simon Brown:44.48,30:Taylor Moore:54.10
9314,Strasbourg,Tours,26/07/2026,2100,0643,1:Zola Schmidt:49.63,2:Austin Haddad:43.01,3:Zane Klein:32.52,4:Lucia Esposito:42.76,5:Jeanne Doan:41.83,6:Quentin Gomez:43.58,7:Minh Benali:55.46,8:Sophie Vo:37.19,9:Leila Leroy:32.78,10:Yara Brown:54.79,11:Juan Roux:58.41,12:Miguel Schmidt:47.18,13:Ryan Vidal:39.84,14:Amandine Chung:47.44,15:Sophie Ouattara:35.76,16:Silas Leroy:34.84,17:Aisha Hussein:40.77,18:Aicha Laurent:57.41,19:Manon Moreau:49.13,20:Samira Sokolov:41.60,21:Katya Ahmed:49.18
6342,Reims,Toulouse,14/03/2026,0830,1704,1:Noah Ramirez:50.58,2:Nicolas Ouattara:38.78,3:Yara Clark:44.76,4:Zoe Oliveira:32.96,5:Baptiste Santos:54.37
1721,Rennes,Nantes,24/05/2026,1315,1517,1:Felix Vidal:14.50,2:Zachary Wong:18.29,3:Oceane Vidal:16.17,4:Hazel Petrov:18.30,5:Silas Martin:16.18,6:Minh Rizzo:22.30,7:Yumi Liu:14.31,8:Orion Pereira:15.43,9:Jules Fernandez:20.33,10:Chau Diop:16.20,11:Omar Esposito:14.33,12:Pablo Ziane:21.49,13:Oceane Almeida:13.16,14:Harper Ouattara:13.83,15:Pablo Garcia:22.10,16:Gabriel Park:19.05,17:Jackson Silva:20.31,18:Amandine Wilson:18.85,19:Minh Doan:15.92,20:Leila Leroy:13.54,21:Mateo Brown:13.85,22:Elsa Ali:15.24,23:Sofia Wang:15.39,24:Oceane Gomez:15.35
5688,Reims,Tours,19/03/2026,1330,2232,1:Santiago Miller:37.33,2:Emi Rizzo:52.65,3:Ryan Rodriguez:49.27,4:Juan Ziane:33.92,5:Zane Abebe:55.65,6:Igor Cherif:48.31,7:Imani Ahmed:56.86,8:Katya Bianchi:39.53,9:Kai Rossi:34.50,10:Nicolas Miller:37.34,11:Jason Traore:36.65,12:David Cherif:58.31,13:Jeanne Kovacs:46.14,14:Lea Wilson:51.45,15:Baptiste Ribeiro:42.34,16:Alice Alves:45.29,17:Minh Le:56.46,18:Sophie Gomez:43.24,19:Sergei Sokolov:51.81,20:Theo Le:53.86,21:Yumi Wilson:35.65,22:Sara Khelifi:56.19,23:David Rizzo:52.85,24:Louis Singh:34.63,25:Sergei Vasiliev:52.28,26:Celeste Chung:38.95,27:Sekou Pereira:44.50,28:Malika Sousa:37.15,29:Driss Cisse:46.87
4761,Strasbourg,Saint-Etienne,06/04/2026,0915,1542,1:Zane Cherif:36.46,2:Harper Vasiliev:44.29,3:Ethan Thomas:32.72,4:Ines Haddad:51.10,5:Awa Schmidt:41.58,6:Isabella Novak:49.62,7:Mei Tanaka:33.95,8:Brenda Garnier:47.68,9:Hugo Ribeiro:47.59
3601,Metz,Angers,06/12/2026,0715,1735,1:Kwame Brown:50.26,2:Emma Conti:51.75,3:Willow Tanaka:33.49,4:Amandine Conti:54.03,5:Hazel Ribeiro:47.47,6:Karim Liu:32.86,7:Camille Pereira:56.73,8:Ethan Brown:57.18,9:Ryo Williams:56.95
4773,Montpellier,Toulouse,02/03/2026,2015,2331,1:Louis Moussa:27.55,2:Victor Zimmermann:19.85,3:Erica Sato:18.33,4:Chloe Smith:22.11,5:Willow Abebe:19.54,6:Hassan Brown:26.63,7:Adrien Moore:18.63,8:Pierre Diallo:22.68,9:Nala Fournier:29.36,10:Adrien Garnier:18.61,11:Victor Nkosi:16.72,12:Daiki Moussa:22.72,13:Jeanne Haddad:27.24,14:Aki Bianchi:24.18,15:Ryan Vidal:21.90,16:Baptiste Rizzo:27.08,17:Liam Pereira:17.42,18:Awa Kuznetsov:19.13,19:Lucia Kovacs:27.60,20:Felix Suzuki:24.36,21:Katya Rodrigues:27.12,22:Oceane Singh:24.82,23:Chloe Laurent:23.29,24:Malika Kowalski:27.63,25:Jules Miller:20.41,26:Jian Ramirez:18.26,27:Akira Martin:22.78,28:Ulysse Vo:16.62
3664,Reims,Montpellier,07/10/2026,2045,0422,1:Kenza Fahmi:41.83,2:Jian Martinez:56.83,3:Gabriel Miller:32.35,4:Alice Tanaka:48.41,5:Aisha Haddad:38.46,6:Aicha Garnier:50.25,7:Isabella Park:32.25,8:Nicolas Esposito:37.24,9:Hugo Ribeiro:50.49,10:Elena Ziane:49.45,11:Tristan Chung:37.86,12:Emi Conti:55.26,13:Taro Zimmermann:37.89,14:Ricardo Nkosi:49.34,15:Yumi Nkosi:55.87,16:Kimberly Abebe:45.37,17:Zola Le:43.29,18:Skylar Laurent:52.51,19:Margaux Schmidt:38.39,20:Aki Vo:35.21,21:Chau Fournier:49.15,22:Taro Doan:42.94,23:Felix Cisse:43.36,24:Silas Novak:53.53,25:Hana Martinez:39.58,26:Arthur Ivanov:47.39,27:Lian Kim:32.51,28:Theo Tanaka:39.05,29:Taylor Durand:39.23,30:Hana Klein:37.51,31:Fiona Cruz:32.62,32:Sofia Zhang:52.49,33:Samira Ramirez:38.15,34:Sofia Lee:39.62
9222,Le Mans,La Rochelle,01/03/2026,1030,1346,1:Minh Rizzo:19.12,2:Quentin Roux:15.43,3:Sana Vo:22.47,4:Aisha Gallo:19.02,5:Fode Moussa:24.45,6:Alessio Almeida:22.05,7:Zola Cherif:20.49,8:Zachary Wilson:23.51,9:Ricardo Vidal:23.03,10:Adrien Moore:23.56,11:Dmitri Le:14.88,12:Eloise Oliveira:15.55,13:Finn Cherif:15.44,14:Felix Ali:13.91,15:Samira Wong:23.97,16:Bjorn Sato:18.99,17:Ryan Sanchez:22.72,18:Harper Sato:14.52,19:Kenza Chen:21.66,20:Awa Laurent:13.87,21:Camille Tran:16.49,22:Manon Gomez:19.58,23:Harper Ribeiro:23.29,24:Aicha Ziane:23.42,25:Margaux Diallo:18.82,26:Aki Torres:15.71,27:Ethan Thomas:14.43,28:Jackson Silva:16.61
2708,Limoges,Toulouse,27/02/2026,2215,0326,1:Chau Fournier:37.76,2:Aisha Bruno:32.86,3:Kenza Chen:40.54,4:Lian Garnier:36.38,5:Driss Ziane:27.89,6:Louis Park:27.28,7:Karim Zhang:38.78,8:Zola Cherif:28.21,9:Chau Lee:26.14,10:Ryan Moreau:28.51,11:Sophie Ali:36.81,12:Wei Chung:38.31,13:Chen Robert:34.64,14:Javier Zimmermann:39.47,15:Valentine Huang:36.42,16:Louis Singh:27.86,17:Aicha Michel:38.08,18:Amandine Ziane:31.15,19:Willow Fernandez:24.91,20:Aicha Robert:40.13,21:Elsa Rodriguez:30.44,22:Harper Miller:29.21,23:Wei Leroy:25.31,24:Leila Khan:27.21,25:Ryo Boudjema:33.24,26:Camille Santos:31.01,27:Baptiste Benali:39.28,28:Paul Ahmed:34.38,29:Farah Boudjema:36.64,30:Jeanne Petit:23.99,31:Zachary Popov:35.52,32:Minh Chen:24.55,33:Pablo Wang:34.02,34:Katya Rodrigues:35.54,35:Jian Lopez:28.88,36:Austin Gomes:33.36,37:Nour Sousa:39.85,38:Emma Pham:34.13,39:Willow Kim:23.06,40:Natalia Davis:32.35,41:Bilal Ivanov:27.19,42:Minh Ivanov:23.22,43:Sana Park:37.54,44:Harper Rizzo:31.23,45:Liam Bernard:27.83,46:Zola Schmidt:36.26,47:Eloise Fahmi:25.44,48:Valentine Martinez:23.68,49:Leila Kuznetsov:38.46
3759,Perpignan,Saint-Etienne,12/10/2026,0915,1709,1:Yumi Sanchez:44.13,2:Samira Bianchi:45.90,3:Nala Sanchez:49.28,4:Javier Haddad:35.62,5:Driss Dupont:42.50,6:Ryan Benali:48.01,7:Nicolas Yamamoto:38.59,8:Hugo Miller:44.81,9:Silas Ziane:45.32,10:Finn Davis:36.59,11:Sana Liu:37.86,12:Lucas Diop:37.24,13:Oceane Lee:47.02,14:Sara Greco:45.57,15:Lea Tran:35.95,16:Isabella Clark:40.86
7661,Nice,Limoges,30/09/2026,0700,1615,1:Pierre Traore:35.21,2:Finn Johnson:40.47,3:Sara Petit:48.87,4:Sergei Dubois:52.21,5:Aisha Moussa:48.68,6:Lian Pereira:43.31,7:Aicha Muller:56.29,8:Lucia Kovacs:40.49,9:Juan Ziane:33.62,10:Rose Yamamoto:56.13,11:Aicha Robert:32.63,12:Hassan Diallo:54.61,13:Kenza Wang:55.17,14:Ricardo Alves:52.00,15:Zane Fernandez:39.24,16:Chloe Russo:54.47,17:Hazel Traore:47.58,18:Omar Singh:46.33,19:Fode Ferrari:56.14,20:Imani Nkosi:35.18,21:Manon Moreau:56.89,22:Adrien Vo:42.56,23:Carmen Simon:51.22,24:Finn Tran:53.22
8038,La Rochelle,Marseille,12/04/2026,1615,0009,1:Ryan Moreau:46.13,2:Ulysse Clark:34.48,3:Juan Lefevre:55.54,4:Hazel Laurent:37.28,5:Alessio Moreau:42.22,6:Mateo Novak:51.66,7:Yumi Sanchez:52.76,8:Baptiste Pham:56.52,9:Chen Sanchez:55.91,10:Miguel Ndiaye:40.59,11:Isabella Durand:43.48,12:Nicolas Miller:46.33,13:Alessio Almeida:35.44,14:Tristan Chen:45.30,15:Omar Moreau:49.52,16:Baptiste Richard:55.88,17:Manon Dupont:39.59,18:Valentine Ferrari:44.36,19:Isabella Lopez:49.41,20:Gabriel Yamamoto:44.57
4828,Strasbourg,La Rochelle,13/12/2026,0700,1904,1:Adrien Garnier:41.18,2:Hassan Rodriguez:37.06,3:Farah Gallo:52.80,4:Silas Le:37.81,5:Taylor Silva:,6::,7:Sara Kuznetsov:43.56,8:Jeanne Petrov:43.79,9:Miguel Clark:51.39,10:Omar Martinez:51.52,11:Sergei Bernard:49.81,12:Alessio Boudjema:46.12,13::,14:Gabriel Muller:54.65,15:Sara Cruz:32.83,16:Taro Greco:45.01,17:Oceane Kuznetsov:43.53,18:Mehdi Rodriguez:52.30,19:Manon Silva:33.36,20:Isabella Durand:49.88,21:Arthur Khan:57.53,22:Olivia Khelifi:44.05,23:Jian Lopez:53.64,24:Driss Thomas:41.49,25:Li Zhang:39.88,26:Pierre Moussa:36.75
6140,Rennes,Caen,02/03/2026,1900,2258,1:Sophie Sousa:18.85,2:Rose Smith:28.42,3:Taylor Wong:17.58,4:Zane Suzuki:20.31,5:Brenda Popov:20.42,6:Jackson Wang:24.77,7:Clement Kuznetsov:16.93,8:Natalia Morozov:21.55,9:Rose Vasiliev:17.97,10:Samira Khelifi:16.60,11:Noah Schulz:19.70,12:Zola Sylla:25.81,13:Bilal Gallo:20.55,14:Ulysse Laurent:19.45,15:Santiago Perez:27.47,16:Kofi Muller:21.08,17:Celeste Benali:18.87,18:Santiago Abebe:23.51,19:Clement Wilson:21.82,20:David Clark:26.34,21:Hazel Brown:19.71,22:Sergei Boudjema:21.76,23:Akira Brown:26.24,24:Mateo Brown:20.36,25:Nala Wang:18.24,26:Sara Cruz:21.57,27:Liam Pham:23.63,28:Wei Kim:17.36,29:Karim Faure:16.00,30:Nicolas Bernard:20.35
6022,Nice,Le Mans,29/10/2026,2130,0921,1:Leila Pham:43.26,2:Ryan Sokolov:45.43,3:Awa Doan:49.15,4:Silas Tran:37.73,5:Daiki Bianchi:54.95,6:Alice Leroy:42.97
1781,Tours,Reims,22/10/2026,1700,0205,1:Malika Vasiliev:49.33,2:Wei Ferrari:34.88,3:Willow Mohamed:45.98,4:Emma Taylor:48.87,5:Carmen Simon:43.94,6:Akira Miller:35.78,7:Pablo Mohamed:37.42,8:Arthur Chung:51.29,9:Brenda Ouattara:38.02,10:Sara Tran:43.66,11:Emi Conti:38.99,12:Gabriel Cherif:54.53,13:Nour Cruz:38.72,14:Sana Novak:33.39,15:Youssef Schmidt:38.11,16:Kenza Schulz:49.35,17:Silas Ribeiro:42.26,18:Liam Pereira:46.62,19:Aki Muller:55.38,20:Lian Sokolov:41.86,21:Oceane Ouattara:34.48,22:Ryan Sokolov:52.42,23:Aisha Martinez:57.63,24:Eloise Weber:45.69,25:Amandine Chung:39.66,26:Kwame Rizzo:45.66,27:Driss Laurent:56.63,28:Alice Dupont:54.23,29:Lea Weber:57.89,30:Li Kowalski:35.08,31:Ryan Williams:43.58,32:Oceane Almeida:37.87,33:Thao Tran:49.06,34:Elena Sousa:54.46,35:Hana Williams:45.66,36:Aki Bianchi:44.41,37:Austin Doan:45.43,38:Samira Khelifi:39.57,39:Aki Torres:48.32,40:Ethan Torres:45.92,41:Ulysse Garnier:43.43,42:Daiki Wang:55.49,43:Sophie Sousa:45.00,44:Harper Kuznetsov:57.13,45:Sana Doan:38.44,46:Harper Ferrari:56.49,47:Ryan Benali:44.58
1069,Rouen,Lille,19/10/2026,1300,1550,1:Madison Muller:22.56,2:Kofi Martin:15.19,3:Ryan Rossi:17.61,4:Brenda Dubois:20.53,5:Kwame Vidal:19.61,6:Alice Garnier:23.39,7:Jian Clark:17.53,8:Lian Diallo:22.95,9:Ulysse Lopez:18.47,10:Manon Nkosi:14.43,11:Youssef Doan:21.59,12:Theo Le:23.41,13:Felix Perez:17.65,14:Aisha Haddad:22.95,15:Yara Wilson:17.25,16:Theo Ferrari:13.81,17:Paul Kowalski:19.65,18:Felix Tanaka:14.95,19:Erica Yamamoto:22.43,20:Isabella Le:13.66,21:Olivia Khelifi:20.90,22:David Gomez:13.86,23:Pablo Garcia:14.19,24:Adrien Moore:15.82,25:Elena Richard:15.14,26:Arthur Khan:16.99,27:Chen Cherif:23.02,28:Emma Moussa:13.65,29:Louis Fernandez:16.13,30:Noah Conti:15.68,31:Farah Pereira:14.61,32:Quentin Schulz:19.96,33:Kimberly Schmidt:22.43
6347,Grenoble,Perpignan,12/11/2026,1715,2337,1:Juan Russo:41.50,2:Quentin Wilson:37.56,3:Nour Sousa:29.31,4:Mehdi Ali:32.78,5:Awa Schmidt:45.61,6:Celeste Fournier:38.26,7:Orion Laurent:44.29,8:Rayan Rodrigues:34.66,9:Silas Dubois:49.67,10:Jeanne Haddad:37.55,11:Nour Cruz:35.97,12:Miguel Boudjema:42.29,13:Hassan Pham:48.11,14:Awa Laurent:32.47,15:Arthur Perez:40.64,16:Kenza Pereira:50.52,17:Felix Taylor:39.53,18:Amandine Ribeiro:48.98,19:Louis Sanchez:39.83,20:Kenji Zimmermann:48.71,21:Katya Yamamoto:43.36,22:Paul Chen:46.14,23:Zola Williams:33.59,24:Jian Torres:40.77,25:Orion Davis:38.25,26:Willow Khelifi:33.81,27:Erica Ribeiro:33.77,28:Aisha Martinez:36.85,29:Minh Sanchez:51.83
9668,Bordeaux,Lyon,19/06/2026,1600,0050,1:Miguel Greco:58.08,2:Pierre Bruno:42.25,3:Yara Cisse:37.52,4:Pablo Garcia:57.25,5:Louis Rossi:35.84,6:Lea Roux:44.27,7:Hugo Dubois:39.45,8:Elsa Greco:40.60,9:Li Zhang:57.54,10:Isabella Novak:50.50,11:Amine Rizzo:34.17,12:Hana Ali:42.88,13:Eloise Fahmi:55.04,14:Santiago Clark:53.11,15:Ricardo Nkosi:55.49,16:Valentine Oliveira:33.22,17:Ryo Klein:49.55,18:Mei Dupont:43.70,19:Juan Alves:45.33,20:Farah Almeida:41.45,21:Austin Nkosi:36.83,22:Noah Schulz:35.89,23:Silas Moussa:52.56,24:Jules Cruz:36.43,25:Valentine Rodrigues:36.12,26:Zoe Rodrigues:45.48,27:Willow Ramirez:41.42,28:Zoe Perez:56.69,29:Kwame Conti:48.22,30:Felix Garcia:38.73
5743,Marseille,Bordeaux,10/10/2026,1700,0338,1:Maria Sylla:53.22,2:Chloe Kim:55.77,3:Imani Kuznetsov:54.70,4::,5:Omar Esposito:41.83,6:Manon Bianchi:39.43,7:Malika Taylor:37.49,8:Minh Benali:37.30,9:Hazel Brown:39.37,10:Felix Esposito:48.91,11::,12:Farah Rizzo:39.21,13:Louis Singh:52.56,14:Chau Almeida:46.31,15:Willow Simon:41.79,16:Daiki Singh:36.04,17:Natalia Durand:50.34,18:Minh Schulz:,19:Emma Moussa:38.71,20:Orion Pereira:33.94,21:Miguel Greco:38.10,22:Eloise Khan:41.31,23:Mateo Novak:44.62,24:Lucia Vo:39.50,25:Chloe Garcia:44.79,26:Karim Sanchez:32.97
5799,Marseille,Reims,29/08/2026,0745,1332,1:Lian Cherif:39.28,2:Margaux Conti:36.06,3:Ethan Brown:24.98,4:Sekou Bernard:33.29,5:Manon Novak:38.28,6:Taylor Moore:37.36,7:Nala Fournier:29.36,8:Corey Weber:27.21,9:Youssef Bianchi:30.10,10:Ryan Liu:28.60,11:Louis Clark:33.95,12:Simon Fernandez:40.36,13:Farah Rizzo:34.06,14:Hugo Diallo:26.84,15:Karim Novak:37.02,16:Kenji Mohamed:31.80,17:Karim Liu:32.16,18:Mei Dupont:33.72,19:Samira Rossi:41.58,20:Zola Diop:25.01,21:Sofia Esposito:39.40,22:Valentine Sato:24.33,23:Minh Rizzo:29.90,24:Nicolas Doan:30.64,25:Samira Khelifi:38.28
9397,Rennes,Toulouse,24/05/2026,1345,2102,1:Adrien Vo:39.90,2:Madison Zhang:38.13,3:Pablo Clark:38.54,4::,5:Jules Tanaka:52.08,6:Samira Wong:44.86,7:Taro Greco:46.64,8::,9:Leila Kuznetsov:34.66,10:Theo Ferrari:57.40,11::,12:Aki Ivanov:,13:Sora Silva:,14:Jason Klein:33.28,15:Chloe Smith:53.21,16:Clement Ivanov:54.95,17:Rose Mohamed:52.53,18::,19:Jules Rizzo:45.48,20::,21:Liam Pereira:34.18,22:Felix Haddad:37.11,23:Bjorn Lefevre:48.22,24:Kofi Petit:,25:Adrien Vasiliev:45.60,26:Orion Laurent:43.78,27:Tristan Diop:55.51,28:Bilal Cruz:49.31,29:Ryo Boudjema:51.61,30:Aki Bianchi:50.37,31:Driss Dupont:53.02,32:Nicolas Esposito:34.52,33::,34:Kenza Kim:57.56,35:Leila Rizzo:41.65,36:Pablo Diop:47.43,37:Youssef Ziane:41.65,38:Samira Petit:47.95
6673,Marseille,Clermont-Ferrand,03/07/2026,0845,1317,1:Skylar Bruno:24.63,2:Wei Lopez:36.07,3:Ines Pereira:22.87,4:Noah Suzuki:31.02,5:Gabriel Garnier:30.22,6:Aisha Haddad:35.95,7:Hugo Miller:31.96,8:Natalia Fournier:31.88,9:Kai Rodrigues:21.52,10:Skylar Laurent:21.46,11:Alessio Silva:34.90,12:Manon Yamamoto:27.75,13:Thao Lee:28.86,14:Sofia Gomez:27.63,15:Jules Cruz:30.22,16:Chau Diop:28.61,17:Wei Kim:28.54,18:Pierre Ribeiro:36.09,19:Jian Singh:29.26,20:Driss Dupont:22.73,21:Zoe Perez:32.79,22::,23:Juan Sokolov:25.19,24:Aki Novak:24.70,25:Eloise Suzuki:33.04,26:Hana Miller:34.79,27::,28:Simon Brown:20.61,29:Daiki Dubois:,30:Nicolas Doan:28.20,31::,32::,33:Harper Dupont:29.34,34:Zane Bernard:27.94,35:Zoe Greco:36.07,36:Adrien Laurent:29.09,37:Manon Moreau:,38:Zane Klein:22.46,39:Yara Cisse:29.84,40:Rose Nkosi:27.58,41:Oceane Gomez:26.61,42:Oceane Robert:28.49,43:Dmitri Silva:,44:Sekou Fournier:26.91,45:Miguel Boudjema:35.80,46:Jeanne Tanaka:33.85,47:Malika Taylor:27.65,48:Farah Le:35.07,49:Sana Doan:21.43,50:Maria Roux:33.20,51:Sana Sousa:30.77,52:Paul Chen:36.48,53:Alessio Ziane:22.58,54:Hana Pereira:21.41,55:Nicolas Gomes:33.94
4265,Toulouse,Tours,11/08/2026,0630,1508,1:Kofi Wilson:47.43,2:Ines Haddad:49.66,3:Ryan Williams:55.72,4:Jackson Wang:52.94,5:Orion Zhang:58.22,6:Elsa Martin:39.02,7:Sekou Moreau:49.86,8:Alessio Oliveira:56.29,9:Juan Petit:44.32,10:Ethan Bianchi:45.07,11:Felix Garnier:44.77,12:Omar Doan:51.28,13:Zoe Davis:35.87,14:Felix Yamamoto:54.56,15:Dmitri Klein:45.68,16:Ulysse Vo:47.11,17:Camille Wang:47.27,18:Liam Pereira:53.51,19:Adrien Laurent:36.12,20:Maria Petrov:52.41,21:Sofia Ramirez:53.18,22:Emi Schulz:37.63,23:Mei Ahmed:57.94,24:Akira Martin:44.23,25:Malika Martin:56.72,26:Yara Brown:33.01,27:Kwame Brown:48.54,28:Arthur Wong:57.12
7567,Reims,Nantes,09/03/2026,0630,1626,1:Leila Doan:43.52,2:Imani Ahmed:40.48,3:Lian Cruz:49.66,4:Kofi Muller:53.93,5:Rose Smith:45.41,6:Nala Moore:35.36,7:Igor Moussa:40.99,8:Mateo Laurent:37.91,9:Arthur Cherif:40.33,10:Ulysse Kovacs:44.12,11:Javier Wilson:50.76,12:Farah Nkosi:50.69,13:Nala Conti:45.27,14:Driss Suzuki:54.87,15:Sonia Michel:33.40,16:Jeanne Schmidt:52.16,17:Sofia Pham:56.06,18:Alessio Wong:45.04,19:Felix Muller:38.72,20:Carmen Faure:55.00,21:Silas Smith:44.52,22:Sora Durand:51.02,23:Chloe Durand:56.58,24:Taro Clark:35.02,25:Felix Khan:56.31,26:Lucas Khelifi:55.53,27:Dmitri Bruno:41.10,28:Lucas Robert:44.25,29:Erica Ribeiro:48.04,30:Lea Brown:50.98
4335,Limoges,Perpignan,25/04/2026,2115,0428,1:Bilal Kuznetsov:48.28,2:Omar Lopez:47.86,3:Aki Muller:41.65,4:Aicha Wang:44.16,5::,6:Gabriel Brown:40.60,7:Natalia Fournier:36.50,8:Pierre Taylor:33.79,9:Bilal Le:46.87,10:Lucas Robert:52.16,11:Aki Ribeiro:53.77,12:Dmitri Bruno:39.06,13:Baptiste Roux:55.99,14:Harper Kuznetsov:35.96,15:Lea Bianchi:36.94,16:Valentine Durand:51.89,17:Nour Fernandez:53.43,18:Simon Taylor:50.11,19:Sara Tran:52.51,20:Silas Torres:42.67,21:Victor Nkosi:54.89,22:Ulysse Wang:43.77,23:Yumi Wang:45.03,24:Kenza Davis:47.09,25:Lucia Klein:48.07,26:Harper Ribeiro:49.35,27:Emma Taylor:33.92
4654,Bordeaux,Tours,22/07/2026,0615,1140,1:Sofia Ramirez:29.48,2:Youssef Almeida:32.39,3:Nour Wong:42.92,4:Hazel Laurent:29.37,5:Yara Wong:33.10,6:Theo Silva:37.00,7:Felix Vidal:38.70,8:Felix Perez:32.98,9:Sofia Kovacs:25.41,10:Daiki Gomez:31.77,11:Mateo Fernandez:28.30,12:Louis Sanchez:36.72,13:Dmitri Lee:34.70,14:Zoe Oliveira:38.64,15:Nicolas Yamamoto:25.68,16:Willow Ali:30.93,17:Fode Doan:41.68,18:Noah Diop:27.94,19:Hazel Morozov:25.54,20:Chen Nguyen:38.42,21:Theo Sousa:24.18,22:Bjorn Gallo:32.81,23:Wei Benali:30.33,24:Ricardo Nkosi:42.94,25:Kenji Rizzo:35.22,26:Natalia Perez:39.50,27:Ulysse Nguyen:35.38,28:Corey Moreau:31.50,29:Taylor Kim:27.23,30:Miguel Schmidt:24.29
9028,Montpellier,Grenoble,25/05/2026,1415,1854,1:Jules Park:26.07,2:Amandine Perez:33.68,3:Erica Cruz:35.34,4:Chau Kovacs:33.79,5:Sophie Nguyen:35.02,6:Fode Doan:34.19,7:Sara Martinez:23.90
3153,Lille,Tours,22/10/2026,2000,0120,1:Harper Rizzo:41.43,2:Nicolas Ouattara:24.78,3:Taylor Zhang:34.73,4:Yumi Liu:36.97,5:Karim Sanchez:24.12,6:Katya Doan:38.43,7:Camille Pereira:33.71,8:Chen Robert:32.09,9:Fode Doan:28.37,10:Yumi Sanchez:25.31,11:Lian Cruz:39.09,12:Javier Schmidt:38.25
8110,Le Mans,Bordeaux,01/03/2026,0915,1248,1:Driss Almeida:21.52,2:Lucia Mohamed:28.56,3:Manon Nkosi:,4:Elsa Park:18.85,5:Akira Park:16.73,6:Silas Cherif:28.72,7:Li Wilson:16.17,8:Madison Moussa:21.21,9:Quentin Nkosi:28.65,10:Akira Gomes:22.15,11:Lian Sokolov:22.35,12:Isabella Ivanov:17.81,13::,14:Javier Davis:24.68,15:Driss Nguyen:,16::,17::,18:Arthur Perez:28.68,19:Hassan Martin:21.24,20:Zoe Chen:19.19,21::,22:Sergei Sokolov:21.28,23:Alessio Silva:19.97,24:Igor Cisse:18.92,25:Gabriel Muller:19.32,26:Jian Robert:19.20,27:Willow Vo:25.13,28::,29:Mei Dubois:27.53,30:Quentin Santos:21.82
4474,Lille,Brest,28/12/2026,0800,1605,1:Wei Rizzo:38.59,2:Lucia Rodriguez:49.54,3:Yara Clark:50.33,4:Jeanne Petrov:50.87,5:Ulysse Dupont:49.66,6:Pierre Diallo:58.05,7:Sekou Hussein:34.76,8:Willow Cruz:33.23,9:Jeanne Fahmi:51.06,10:Hana Klein:52.04,11:Silas Sylla:45.25,12:Kimberly Huang:49.26,13:Camille Wang:47.22,14:Karim Nguyen:33.29,15:Yumi Russo:50.51,16:Yara Wilson:42.15,17:Jeanne Haddad:45.44,18:Juan Russo:36.11,19:Felix Wagner:35.72,20:Jason Cruz:53.49,21:Celeste Lopez:47.19,22:Hugo Wilson:55.27,23:Willow Abebe:41.90,24:David Rizzo:51.27,25:Ryo Boudjema:51.53,26:Hassan Martin:47.63,27:Ethan Zhang:50.12,28:Jeanne Wang:36.91,29:Natalia Fournier:44.70
3176,Rouen,Rennes,05/09/2026,1530,2030,1:Oceane Robert:28.56,2:Ethan Bianchi:37.26,3:Sonia Ahmed:39.98,4:Carmen Simon:36.62,5:Zola Johnson:36.58,6:Felix Lefevre:34.56,7:Silas Ziane:24.50,8:Baptiste Sanchez:25.03,9:Sekou Bernard:29.82,10:Hazel Fournier:25.95,11:Alice Huang:26.11,12:Nicolas Wong:33.52,13:Margaux Chen:36.04,14:Sora Michel:24.07,15:Sora Rodriguez:38.39,16:Igor Moussa:41.97,17:Sophie Nguyen:23.81,18:Karim Faure:35.65,19:Mei Dupont:29.72,20:Manon Yamamoto:40.64,21:Hugo Diallo:39.89,22:Rose Rodriguez:27.12,23:Camille Chen:37.32,24:Fode Perez:38.78,25:Amine Leroy:24.02,26:Sora Silva:40.69,27:Farah Gallo:34.78,28:Ryo Williams:41.78,29:Lucas Suzuki:32.68,30:Katya Gallo:40.67,31:Aisha Haddad:39.91,32:Maria Tran:37.81,33:Isabella Mohamed:32.33,34:Corey Nguyen:40.01
7260,Le Mans,Perpignan,06/08/2026,0600,1437,1:Kofi Cruz:39.25,2:Amandine Perez:54.63,3:Chau Huang:33.51,4:Orion Pereira:46.79,5:Pierre Diop:33.88,6:Leila Rizzo:46.98,7:Lucia Rodriguez:56.21,8:Rayan Chen:51.01,9:Dmitri Silva:35.05,10:Sophie Wang:37.97,11:Louis Fernandez:57.70,12:Ulysse Sokolov:40.61,13:Brenda Robert:42.11,14:Natalia Muller:41.30,15:Mateo Brown:45.26,16:Karim Petrov:47.02,17:Javier Zimmermann:39.84,18:Kwame Smith:34.88,19:Sara Ferrari:35.87,20:Sora Russo:34.54,21:Victor Huang:33.90,22:Sara Martinez:42.07,23:Elsa Martin:32.69,24:Fode Tran:40.07,25:Sana Park:45.47,26:Tristan Wang:48.77,27:Valentine Huang:50.49,28:Youssef Abebe:44.54,29:Willow Popov:32.56
8618,Strasbourg,Paris,18/05/2026,2100,0803,1:Emma Almeida:49.90,2:Elena Sousa:49.39,3:Adrien Chung:42.07,4:Brenda Kovacs:40.68,5:Jason Fournier:58.49,6:Adrien Laurent:55.60,7:Mei Tanaka:38.27,8:Baptiste Pham:41.31,9:Zola Smith:46.88,10:Elsa Singh:47.48,11:Lucas Simon:34.62,12:Taylor Wilson:41.16,13:Ulysse Kovacs:53.19,14:Celeste Benali:50.16,15:Harper Ziane:41.10,16:Miguel Diop:41.07,17:Sofia Ramirez:48.57,18:Corey Laurent:46.98,19:Aicha Ziane:57.59,20:Lucia Kovacs:32.62,21:Pierre Ziane:46.22,22:Santiago Robert:34.02,23:Alessio Wong:52.61,24:Mateo Laurent:57.08,25:Ethan Dupont:50.63,26:Ines Le:45.97,27:Sofia Davis:42.09,28:Sergei Sokolov:45.08,29:Chau Torres:55.80,30:Valentine Oliveira:51.44,31:Emma Nguyen:49.56,32:Tristan Popov:38.39,33:Chen Sanchez:32.85,34:Zola Martin:53.01
3673,Bordeaux,Saint-Etienne,18/10/2026,0645,1537,1:Juan Russo:51.77,2:Skylar Chung:,3:Theo Silva:51.49,4:Lucia Kovacs:35.47,5:Hazel Petrov:50.55,6:Tristan Haddad:41.67,7:Alessio Ouattara:37.29,8::,9:Hazel Laurent:38.45,10:Baptiste Suzuki:51.59,11:Juan Fernandez:,12:Sora Durand:34.99,13:Awa Kuznetsov:46.39,14:Malika Vasiliev:,15:Ryan Conti:52.70,16:Celeste Lee:48.07
1308,Marseille,Bordeaux,06/02/2026,0715,1707,1:Finn Diallo:32.61,2:Pierre Garnier:34.51,3:Minh Doan:53.07,4:Kofi Roux:55.36,5:Carmen Wagner:45.47,6:Baptiste Suzuki:41.97,7:Katya Rodrigues:57.92,8:Javier Dupont:35.24,9:Silas Davis:37.08,10:Farah Rizzo:56.62,11:Farah Nkosi:48.02,12:Alice Vidal:48.75,13:Pierre Ziane:57.79,14:Louis Moussa:51.45,15:Amandine Robert:55.93,16:Fode Fournier:49.78,17:Willow Ramirez:35.76,18:Ryan Benali:45.24,19:Emma Vidal:49.89,20:Gabriel Rodrigues:51.29,21:Pablo Robert:48.26,22:Amine Gomez:56.87,23:Olivia Kim:38.35,24:Finn Davis:35.67
4825,Paris,La Rochelle,01/12/2026,1930,0240,1:Rose Garcia:39.31,2:Ethan Durand:41.32,3:Yara Oliveira:56.74,4:Liam Fernandez:36.76,5:Silas Smith:40.73,6:Sophie Wang:44.98,7:Finn Wilson:37.01,8:Kenji Simon:50.65,9:Ulysse Sokolov:39.11,10:Kwame Brown:46.86,11:Sekou Santos:58.10,12:Oceane Gomez:35.72,13:Sophie Cherif:48.54,14:Minh Fahmi:56.80,15:Baptiste Thomas:46.40,16:Sana Durand:48.01,17:Imani Perez:51.15,18:Elsa Garnier:40.79,19:Minh Sato:33.20,20:Liam Ribeiro:34.48,21:Alessio Wong:48.56,22:Carmen Cisse:53.90,23:Camille Santos:52.54,24:Arthur Durand:57.04,25:Tristan Wang:57.95,26:Sophie Cruz:57.78
2187,Rennes,Grenoble,01/05/2026,1415,2146,1:Amine Lefevre:47.71,2:Kimberly Huang:41.27,3:Valentine Huang:36.95,4:Eloise Popov:45.22,5:Igor Popov:39.40,6:Akira Miller:49.34,7:Elena Conti:45.83,8:Simon Brown:37.67,9:Ryan Morozov:49.91,10:Ulysse Morozov:36.56,11:Isabella Ziane:50.13,12:Hazel Schmidt:55.30,13:Hugo Martin:47.40,14:Imani Singh:34.95,15:Kenza Perez:44.02,16:Farah Diallo:44.80
6176,Caen,Dijon,07/04/2026,1145,1945,1:Corey Yamamoto:48.96,2:Harper Fahmi:56.91,3:Brenda Dubois:42.57,4:Yara Clark:32.60,5:Corey Moreau:50.01,6:Ethan Thomas:50.43,7:Youssef Popov:43.96,8:Taylor Fournier:36.42,9:Nala Dupont:41.20,10:Zachary Popov:52.36,11:Youssef Simon:55.70,12:Celeste Bianchi:46.09,13:Chen Robert:54.33,14:Mateo Fernandez:38.88,15:Manon Moreau:54.49,16:Taylor Gomes:52.41,17:Elena Liu:49.86,18:Orion Russo:53.30,19:Austin Doan:53.45,20:Lucia Rizzo:34.45,21:Driss Almeida:33.18,22:Awa Schmidt:51.72,23:Rose Vasiliev:36.53,24:Jian Popov:46.72,25:Dmitri Lee:40.89,26:Chloe Fernandez:45.82,27:Yara Moore:51.01,28:Ryan Rossi:57.14,29:Sofia Esposito:41.14
8325,La Rochelle,Grenoble,05/02/2026,2045,0320,1:Ulysse Johnson:52.56,2:Taylor Kim:41.03,3:Corey Taylor:51.96,4:Lian Oliveira:45.37,5:Santiago Zimmermann:33.78,6:Nour Cruz:52.26,7:Santiago Clark:37.47,8:Emma Ziane:53.29,9:Alessio Ouattara:53.56,10:Eloise Sanchez:45.87,11:Louis Haddad:32.85,12:Zoe Dubois:44.34,13:Orion Tran:37.73,14:Imani Moussa:41.50,15:Dylan Moreau:49.52,16:Minh Sato:35.76,17:Hassan Rizzo:37.06,18:Lucas Robert:52.86,19:Paul Moreau:43.11,20:Sana Park:36.24,21:Celeste Ramirez:39.40,22:Pierre Almeida:46.47,23:Jeanne Smith:37.86,24:Victor Mohamed:32.52,25:Imani Diallo:48.52,26:Fode Ferrari:33.69,27:Alice Park:46.90,28:Felix Vidal:37.33,29:Kai Liu:33.53,30:Daiki Martinez:39.01,31:Zola Johnson:33.92,32:Kenji Boudjema:41.17,33:Minh Novak:40.79,34:Hazel Traore:50.04
6540,Limoges,Bordeaux,18/08/2026,1330,1819,1:Hugo Tran:28.03,2:David Clark:41.52,3:Carmen Perez:38.73,4:Finn Fernandez:41.95,5::,6:Lucas Clark:37.81,7:Quentin Rossi:39.24,8:Madison Torres:31.24,9::,10:Akira Torres:,11:Camille Alves:38.83,12:Santiago Zimmermann:40.17,13:Noah Suzuki:41.35,14:Harper Ramirez:25.27,15:Silas Torres:30.49,16::,17:Lian Le:32.36,18:Olivia Ribeiro:25.02,19:Daiki Sousa:31.46,20:Noah Lopez:32.07,21:Skylar Chung:41.78,22:Zane Kowalski:42.33,23:Emma Greco:41.62,24:Sofia Ramirez:41.12,25:Elsa Park:,26:Daiki Wang:33.28,27:Katya Ahmed:30.95,28:Camille Tran:38.03,29:Fode Park:25.37,30:Wei Rizzo:28.85
4036,Brest,Dijon,22/11/2026,2245,1050,1:Chloe Durand:56.68,2:Aicha Garnier:42.49,3:Natalia Lefevre:38.02,4:Amine Durand:44.81,5:Wei Haddad:56.96,6:Ryo Simon:,7:Nour Rodrigues:44.26,8:Kimberly Mohamed:48.23,9:Juan Sokolov:43.84,10:Romain Lopez:44.29,11:Nicolas Esposito:43.78,12:Yumi Russo:46.19,13:Awa Klein:34.12,14:Sekou Bernard:40.78,15:Kenza Ferrari:39.61,16:Chau Lee:55.24,17:Ulysse Laurent:32.65,18:Ines Dubois:41.57,19:Karim Faure:53.69,20:Rose Schmidt:32.74,21:Harper Ferrari:36.59,22:Felix Nguyen:38.13,23:Clement Fournier:58.19,24:Emma Sokolov:48.78,25:Zoe Novak:43.86,26:Arthur Durand:54.25,27::
7670,Paris,Saint-Etienne,01/06/2026,2230,0456,1:Rose Mohamed:46.81,2:Lian Le:47.99,3:Wei Ferrari:39.88,4:Lian Kim:33.72,5:Ethan Ferrari:42.74,6:Alice Johnson:28.83,7:Pablo Martinez:49.36,8:Tristan Wang:44.84,9:Emma Cherif:42.99,10:Victor Nkosi:36.98,11:Hassan Pereira:46.07,12:Malika Moore:50.13,13:Sekou Fournier:30.53,14:Jackson Popov:50.44,15:Alice Huang:38.53,16:Mei Sanchez:33.54,17:Chau Wang:41.12,18:Eloise Weber:28.60,19:Ethan Durand:40.44,20:Taro Greco:30.96,21:Carmen Simon:48.36,22:Chau Lee:47.96,23:David Esposito:46.53,24:Sara Martinez:47.70,25:Li Wilson:33.05,26:Simon Thomas:29.85,27:Carmen Bruno:44.40,28:Sara Khan:45.31,29:Karim Zhang:40.93,30:Juan Greco:42.51,31:Pierre Moussa:40.88,32:Chen Morozov:31.96,33:Alice Dupont:32.97,34:Ryan Sokolov:45.30,35:Orion Laurent:40.35,36:Eloise Boudjema:36.80,37:Kwame Perez:37.43,38:Lea Weber:45.40
3892,Marseille,Limoges,18/06/2026,0645,1215,1:Sergei Gallo:32.19,2:Mei Ziane:48.67,3:Alessio Moreau:36.16,4:Bjorn Richard:36.23,5:Minh Smith:30.54,6:Omar Moreau:37.33,7:Brenda Simon:28.45,8:Dmitri Bruno:36.51,9:Omar Cisse:32.15,10:Daiki Martinez:48.86,11:Farah Wilson:32.90,12:Zoe Davis:47.09,13:Rayan Davis:44.86,14:Mehdi Schmidt:46.24,15:Pierre Taylor:30.05,16:Daiki Bianchi:32.92,17:Jeanne Kuznetsov:31.02,18:Yasmine Nguyen:43.88,19:Taylor Moore:48.76,20:Ryo Boudjema:42.27,21:Sofia Chen:33.99,22:Celeste Muller:28.14,23:Madison Diop:48.71,24:Jian Popov:38.95,25:Hassan Brown:37.58,26:Alice Dupont:39.67,27:Clement Wilson:43.81,28:Margaux Schmidt:28.29,29:Nour Wong:37.43,30:Jian Clark:44.58,31:Liam Vasiliev:31.83,32:Carmen Miller:39.89,33:Natalia Klein:29.60,34:Driss Chung:32.23
9149,Brest,Saint-Etienne,06/12/2026,0830,1851,1:Sophie Sousa:53.68,2:Jian Pham:48.23,3:Elsa Conti:51.79,4:Arthur Chung:49.02,5:Gabriel Lee:54.62,6:Alessio Alves:38.85,7:Yara Clark:53.66,8:Skylar Gallo:43.16,9:Ryan Moreau:44.66,10:Quentin Novak:53.68,11:Corey Taylor:44.05,12:David Le:40.28,13:Clement Lopez:52.98,14:Sora Silva:41.91,15:Lucia Ziane:43.88,16:Harper Boudjema:39.35,17:Eloise Moreau:33.53,18:Nala Conti:38.26,19:Minh Smith:39.58,20:Ryan Fernandez:56.20,21:Rayan Rodrigues:48.99,22:Chen Robert:48.01,23:Hugo Diallo:33.27,24:Ines Le:49.38,25:Alice Leroy:52.74,26:Madison Lee:47.71,27:Minh Novak:39.90,28:Fode Perez:54.38,29:Karim Zhang:51.03,30:Elsa Rodriguez:57.63,31:Mateo Benali:35.57,32:Sofia Pham:34.70,33:Chen Muller:34.38
2012,Limoges,Paris,25/06/2026,1200,1817,1:Felix Ivanov:47.50,2:Kofi Wilson:41.43,3:Zola Le:48.49,4:Noah Suzuki:53.34,5:Hugo Robert:38.94,6:Kai Park:48.09,7:Elena Oliveira:41.03,8:Isabella Le:31.44,9:Louis Singh:41.62,10:Austin Greco:33.74,11:Aicha Michel:44.43,12:Hassan Liu:37.22,13:Mateo Laurent:33.33,14:Zachary Vo:40.83,15:Amandine Le:43.20,16:Brenda Popov:43.07,17:Ryan Sato:46.70,18:Ryo Boudjema:32.58,19:Youssef Almeida:31.91,20:Tristan Schmidt:41.04
5801,Tours,La Rochelle,10/04/2026,1745,2213,1:Nour Brown:23.35,2:Clement Ivanov:27.64,3:Lucas Fernandez:33.46,4:Driss Thomas:31.22,5:Ryo Boudjema:26.05
6203,Saint-Etienne,Lyon,30/06/2026,1345,1608,1:Jason Ndiaye:22.48,2:Nour Tran:16.89,3:Fode Wilson:13.63,4:Imani Ramirez:12.76,5:Driss Bernard:12.77,6:Chau Fournier:20.29,7:Sekou Moreau:19.85,8:Liam Alves:20.15,9:Erica Tanaka:21.09,10:Corey Gallo:13.49,11:Kenza Bernard:14.09,12:Chen Wong:18.14,13:Lucia Klein:14.72,14:Samira Wong:21.56,15:Jason Traore:15.95,16:Daiki Smith:19.17,17:Mei Ahmed:16.70,18:Ryo Perez:15.38,19:Hassan Rizzo:21.89,20:Karim Nguyen:16.39,21:Kwame Smith:21.21,22:Kenza Khelifi:18.76,23:Yumi Liu:17.54,24:Jian Traore:19.19,25:Wei Rizzo:14.08,26:Dmitri Lee:16.26,27:Quentin Petrov:21.76,28:Omar Liu:15.98
5914,Caen,Bordeaux,02/08/2026,1945,0101,1::,2:Arthur Khan:25.71,3:Hazel Khan:23.62,4:Juan Morozov:24.39,5:Margaux Chen:34.67,6:Brenda Kovacs:37.42,7:Fiona Vidal:37.24,8:Gabriel Diop:25.87,9:Isabella Le:26.16,10:Quentin Chung:25.37,11:Elsa Perez:22.11,12:Gabriel Sanchez:33.19,13::,14:Noah Schulz:29.63,15:Yara Brown:26.71,16:Emma Almeida:34.63,17:Lucas Cherif:36.05,18::,19:Samira Wong:31.65,20:Baptiste Rossi:34.42,21:Clement Fournier:,22:Maria Rodriguez:37.38,23:Akira Park:37.44,24::,25:Manon Clark:35.60,26:Noah Hussein:25.93,27:Nour Rodrigues:32.11,28:Jian Zimmermann:29.75,29:Yasmine Zhang:24.41,30:Zola Johnson:23.73,31:Manon Perez:33.44,32:Oceane Vo:29.43,33:Mei Kovacs:24.56
5148,Caen,Rennes,14/10/2026,1045,1447,1:Aicha Vidal:29.78,2:Silas Le:30.43,3:Amandine Cisse:29.95,4:Mei Ahmed:21.19,5:Ryo Doan:28.37,6:Malika Richard:23.40,7:Margaux Muller:20.02,8:Quentin Chung:23.03,9:Javier Sato:26.80,10:Sofia Klein:22.73,11:Victor Khelifi:28.67,12:Daiki Dubois:28.53,13:Hana Garnier:25.67,14:Elena Russo:29.03,15:Lea Brown:25.69,16:Lucia Kuznetsov:20.05,17:Juan Rizzo:26.13,18:Jackson Martinez:25.56,19:Manon Popov:22.86,20:Miguel Dupont:22.36,21:Hazel Schmidt:27.43,22:Jeanne Kovacs:29.80,23:Yara Rodrigues:19.81,24:Awa Laurent:25.52,25:Zola Williams:21.88,26:Imani Laurent:18.34,27:Alice Martin:28.01,28:Finn Kovacs:25.26,29:Madison Moussa:30.50,30:Sergei Ramirez:27.23,31:Samira Lefevre:25.71,32:Samira Bianchi:22.86,33:Quentin Fernandez:17.66,34:Theo Bruno:21.60
5788,Bordeaux,La Rochelle,22/12/2026,1600,1936,1:Ricardo Diop:21.64,2:Ryan Ouattara:21.93,3:Ricardo Alves:24.33,4:Louis Ndiaye:23.38,5:Emma Greco:17.54,6:Romain Haddad:25.23,7:Jeanne Haddad:25.15,8:Karim Sanchez:17.86,9:Brenda Garnier:23.92,10:Igor Morozov:23.45,11:Amandine Conti:20.21,12:Igor Muller:21.41,13:Emi Johnson:23.22,14:Natalia Zhang:25.39,15:Bilal Mohamed:21.63,16:Lucas Diop:17.03,17:Lian Ferrari:25.39,18:Alessio Oliveira:17.98,19:Chloe Weber:19.15,20:Jackson Ramirez:23.00,21:Thao Moreau:19.66,22:Bjorn Schmidt:17.69,23:Santiago Robert:17.98,24:Lea Bianchi:16.39,25:David Faure:18.29,26:Li Le:15.68,27:Santiago Sanchez:16.66,28:Nour Rodrigues:18.98,29:Emma Moussa:25.50,30:Youssef Doan:24.75,31:Theo Bruno:20.06,32:Sara Ferrari:21.68,33:Kenji Rizzo:17.08,34:Adrien Vo:21.72,35:Emma Ziane:21.67,36:Emma Dupont:17.58,37:Nour Brown:19.56,38:Theo Gomes:25.43
6213,Toulouse,Tours,23/05/2026,1115,1914,1:Valentine Martinez:43.36,2:Youssef Popov:42.10,3:Bilal Cruz:50.04,4:Romain Schulz:47.28,5:Hassan Liu:50.55,6:Finn Johnson:35.09,7:Jackson Wang:34.30,8:Sora Weber:49.10,9:Kenza Pereira:39.83,10:Celeste Ramirez:51.78,11:Emi Wang:46.02,12:Nicolas Ouattara:58.20,13:Louis Singh:39.41,14:Fode Fournier:42.20,15:Silas Sokolov:44.55,16:Amine Rossi:39.53,17:Mehdi Bernard:57.78,18:Finn Wilson:41.10,19:Austin Haddad:33.34,20:Zane Suzuki:50.22,21:Javier Sato:56.03,22:Ryan Rossi:34.43,23:Nala Fournier:45.10,24:Finn Weber:46.15,25:Minh Smith:58.14,26:Baptiste Rossi:55.43,27:Lucia Rizzo:44.19,28:Zola Schmidt:44.09
7942,Paris,Saint-Etienne,22/07/2026,2215,0429,1:Ryan Fernandez:41.92,2:Jason Fournier:43.66,3:Sekou Santos:36.16,4:Leila Hussein:42.27,5:Elsa Singh:31.20,6:Sekou Bernard:41.12,7:Igor Doan:32.58,8:Baptiste Rodriguez:45.14,9:Felix Taylor:41.30,10:Sophie Wang:48.06,11:Nala Mohamed:45.34,12:Aisha Ali:44.55,13:Carmen Wagner:36.70,14:Valentine Huang:32.75,15:Chau Wang:41.65,16:Jason Traore:49.18,17:Li Dubois:45.15,18:Pierre Rodriguez:35.02,19:Lian Garnier:33.67,20:Ryan Sato:29.58,21:Theo Silva:45.46,22:Chen Nguyen:34.33,23:Amandine Ribeiro:50.24,24:Kofi Roux:29.26,25:Maria Roux:50.78,26:Harper Ouattara:29.27,27:Hana Wagner:41.03,28:Fode Dubois:32.43,29:Felix Perez:35.70
1564,Toulouse,Caen,26/08/2026,0600,1509,1:Theo Schmidt:44.73,2:Oceane Ouattara:52.81,3:Olivia Tanaka:55.71,4:Youssef Schmidt:33.81,5:Rayan Pham:49.85,6:Maria Rodriguez:37.05,7:Ryan Klein:57.50,8:Kofi Martin:45.72,9:Emma Cisse:40.10,10:Adrien Esposito:46.78,11:Ricardo Martinez:50.05,12:Lucia Weber:46.28,13:Sora Haddad:56.71,14:Javier Petrov:44.63,15:Bilal Le:49.40,16:Fiona Greco:53.91,17:Ulysse Sokolov:53.13,18:Quentin Wilson:49.71,19:Felix Khan:34.36,20:Sekou Fournier:43.61,21:Sara Khelifi:46.56,22:Clement Fernandez:51.26,23:Bjorn Esposito:48.37,24:Karim Sanchez:57.45,25:Natalia Durand:57.12,26:Aisha Ali:37.26,27:Sana Doan:52.65,28:Theo Sousa:40.45,29:Kenza Pereira:38.11,30:Alessio Lopez:55.65,31:Gabriel Ouattara:56.14,32:Sergei Gallo:56.36,33:Aki Huang:46.15,34:Rayan Novak:46.85,35:Yara Kovacs:40.54,36:Jian Robert:34.48,37:Chau Ivanov:54.32,38:Felix Muller:54.06,39:Adrien Santos:49.55,40:Mateo Laurent:45.11,41:David Fernandez:33.53,42:Jules Mohamed:34.82
6883,Reims,Nantes,15/10/2026,1315,2338,1:Sana Zhang:52.96,2:Alice Huang:57.40,3:Kenza Martinez:36.31,4:Mehdi Zhang:51.50,5:Mehdi Richard:,6:Lucia Ramirez:,7:Tristan Durand:40.17,8:Malika Sanchez:35.26,9:Dylan Popov:50.17,10:Farah Diallo:57.16,11:Lea Conti:39.07,12:Aicha Kowalski:39.98,13::,14:Emma Pham:45.02,15:Thao Lee:49.39,16:Adrien Vasiliev:45.63,17:Katya Lee:47.38,18::,19:Hassan Brown:54.87,20:Taylor Cruz:50.04,21:Manon Wagner:34.86
4953,Rennes,Marseille,16/06/2026,2045,0539,1:Silas Moussa:41.89,2:Jules Rizzo:47.63,3:Felix Ali:45.68,4:Igor Popov:44.45,5:Paul Sanchez:53.23,6:Bilal Wilson:46.05,7:Emi Cisse:37.41,8:Mateo Novak:40.08,9:Bjorn Lefevre:37.56,10:Alice Dupont:44.23,11:Kenza Kim:46.41,12:Zachary Chung:34.36,13:Jackson Kuznetsov:49.97,14:Zoe Fahmi:41.14,15:Malika Taylor:40.80,16:Dmitri Bruno:44.31,17:Simon Vidal:52.54,18:Noah Tanaka:40.31,19:Katya Almeida:36.39,20:Amine Rossi:56.12,21:Baptiste Rossi:49.63,22:Isabella Smith:48.34,23:Hana Martinez:43.58,24:Ulysse Sokolov:38.13,25:Sophie Vo:39.81,26:Samira Rossi:44.53,27:Camille Alves:49.27,28:Karim Weber:54.60,29:Gabriel Rodrigues:58.28,30:Dylan Popov:36.37,31:Farah Pereira:40.64,32:Pierre Thomas:53.53,33:Mei Kovacs:42.09,34:Tristan Haddad:57.01,35:Yara Doan:39.98,36:Jeanne Doan:35.19,37:Aki Muller:54.86,38:Akira Miller:34.84,39:Sana Kovacs:41.75,40:Alice Johnson:39.80,41:Aicha Laurent:38.91,42:Lucas Klein:35.36,43:Chau Fournier:55.70,44:Austin Moore:34.90,45:Mateo Fernandez:50.13,46:Jian Popov:45.89,47:Rose Perez:44.21
5754,Nantes,Angers,02/03/2026,1315,1520,1:Margaux Khan:12.72,2:Ulysse Vo:21.28,3:Isabella Popov:18.59,4:Farah Wilson:16.75,5:Paul Pereira:17.93,6:Alessio Almeida:16.76,7:Noah Hussein:22.13,8:Quentin Nkosi:22.11,9:Rayan Moreau:17.27,10:Ines Schulz:19.83,11:Rayan Robert:13.14,12:Mei Ferrari:13.59,13:Nala Conti:16.84,14:Omar Lopez:20.62,15:Jason Klein:21.73,16:Daiki Clark:19.44,17:Taylor Moreau:20.17,18:Fiona Davis:15.87,19:Felix Cisse:14.98,20:Kenji Khan:13.93,21:Clement Zimmermann:14.29,22:Youssef Abebe:20.45,23:Jackson Wang:15.74,24:Maria Petrov:17.90,25:Mateo Novak:15.88,26:Nour Brown:12.84,27:Silas Martin:20.25,28:Ryan Martin:17.52,29:Silas Ziane:20.11,30:Willow Fernandez:12.59,31:Minh Tran:20.69,32:Skylar Popov:16.84,33:Driss Nguyen:20.66,34:Li Oliveira:22.38
9440,Saint-Etienne,Le Mans,05/11/2026,1115,1609,1:Hazel Laurent:37.06,2:Jules Oliveira:38.02,3:Theo Silva:30.19,4:Pablo Ndiaye:31.73,5:Chen Wong:34.71,6:Corey Ivanov:33.14,7:Kofi Muller:30.65,8:Mehdi Rodriguez:31.65,9:Jeanne Smith:40.48,10:Amine Gomez:25.00,11:Alice Alves:39.94,12:Romain Gallo:30.99,13:Li Benali:23.31,14:Ricardo Rodriguez:26.25,15:Oceane Bernard:39.49,16:Elena Laurent:37.57,17:Sophie Clark:36.77,18:Austin Moore:40.14,19:Madison Torres:32.09,20:Sara Martinez:40.54,21:Dmitri Klein:23.64,22:Tristan Schmidt:24.47,23:Manon Ouattara:38.34,24:Lucia Ramirez:24.98,25:Ryo Simon:36.48,26:Manon Dubois:39.43,27:Fode Wilson:26.35,28:Farah Pereira:32.82,29:Ulysse Vo:29.83,30:Skylar Laurent:35.51,31:Nicolas Ali:32.88
1141,Toulouse,Tours,07/06/2026,1530,2354,1:Aicha Ndiaye:35.25,2:Silas Sokolov:32.81,3:Yumi Wilson:41.57,4:Maria Tran:34.34,5:Zane Fernandez:,6:Fiona Doan:43.84,7:Malika Richard:41.63,8:Fode Almeida:40.86,9::,10:Margaux Garnier:36.26,11:Nicolas Yamamoto:43.14,12:Sekou Haddad:43.08,13:Austin Thomas:37.25,14:Emma Ziane:36.28,15:Jeanne Doan:52.31,16:Silas Miller:53.38,17:Emma Taylor:33.69,18:Rose Yamamoto:43.61,19::
2368,Le Mans,Clermont-Ferrand,12/09/2026,1745,2259,1:Corey Lefevre:27.03,2:Lea Conti:32.19,3:Celeste Benali:43.99,4:Driss Ziane:27.69,5:Lea Weber:31.05,6:Mateo Benali:39.90,7:Bjorn Gallo:45.21,8:Li Wilson:34.51,9:Dylan Roux:34.47,10:Baptiste Schmidt:35.47
2122,Reims,Clermont-Ferrand,09/06/2026,2000,0218,1:Paul Sanchez:44.63,2:Olivia Ivanov:29.32,3:Hassan Rizzo:48.51,4:Natalia Mohamed:38.65,5:Lucas Fernandez:36.59,6:Amandine Pham:32.55,7:Yara Clark:37.45,8:Samira Gomes:42.80,9:Chloe Lefevre:47.63,10:Karim Haddad:41.98,11:Lucia Simon:34.95,12:Oceane Robert:27.99,13:Minh Sato:31.16,14:Lian Cruz:34.66,15:Willow Mohamed:33.08,16:Brenda Mohamed:31.03,17:Ryan Liu:43.04,18:Karim Weber:32.91,19:Gabriel Cisse:42.78,20:Ines Sokolov:27.75,21:Madison Lee:48.65,22:Hassan Pham:48.59,23:Isabella Durand:42.05,24:Chen Roux:27.64,25:Olivia Lefevre:30.76,26:Dmitri Vidal:35.56,27:Imani Rodriguez:40.73,28:Ryan Ouattara:35.03
9781,Tours,Lille,15/11/2026,2015,0056,1:Zola Torres:26.43,2:Hugo Tran:22.86,3:Valentine Huang:25.87,4:Wei Moreau:27.69,5:Kai Michel:27.32,6:Clement Kuznetsov:20.15,7:Louis Zimmermann:25.44,8:Bjorn Torres:26.68,9:Rose Yamamoto:24.41,10:Silas Dubois:21.92,11:Pierre Diallo:28.11,12:Skylar Petit:34.03,13:Elsa Greco:29.51,14:Yara Wong:22.86,15:Felix Garnier:22.20,16:Brenda Le:19.97,17:Zane Fernandez:19.89,18:Chloe Ferrari:29.70,19:Kenza Vidal:33.90,20:Fode Park:20.05,21:Manon Wagner:27.58,22:Zoe Kowalski:26.50,23:Ricardo Vidal:29.03,24:Oceane Wang:22.31,25:Jian Ramirez:26.94,26:Ulysse Schulz:20.00,27:Aicha Ndiaye:19.61,28:Emma Dupont:29.07,29:Nala Moore:23.55,30:Liam Rodriguez:24.42,31:Clement Fernandez:21.56,32:Kwame Rizzo:19.55,33:Lucas Simon:32.25
8163,Toulouse,Rouen,12/08/2026,1300,2307,1:Oceane Bruno:50.17,2:Emi Conti:53.40,3:Maria Torres:39.57,4:Javier Wang:46.19,5:Isabella Mohamed:48.36,6:Minh Chen:49.55,7:Imani Fournier:50.32,8:Ricardo Cisse:54.93,9:Lian Sokolov:45.88,10:Igor Doan:35.47,11:Emma Conti:49.93,12:Silas Davis:57.20,13:Nala Conti:53.42,14:Isabella Clark:55.37,15:Ryan Vidal:51.49,16:Imani Kuznetsov:54.35,17:Youssef Ramirez:57.88,18:Brenda Le:41.23,19:Emma Nguyen:51.92,20:Jeanne Petit:45.34,21:Rose Miller:42.90,22:Silas Martin:38.36,23:Valentine Rizzo:41.57,24:Pierre Almeida:47.97,25:Elsa Garnier:34.06,26:Amandine Ali:50.75,27:Sara Rodrigues:34.18,28:Felix Haddad:43.40,29:Natalia Wong:54.34,30:Javier Bianchi:43.44,31:Malika Richard:53.77,32:Willow Ali:44.50,33:Sara Schmidt:41.78,34:Bjorn Richard:51.90,35:Omar Singh:52.16,36:Sekou Moreau:55.49,37:Dylan Ouattara:41.65,38:Bilal Ali:47.92,39:Sophie Vidal:36.85,40:Erica Mohamed:42.71
2265,Marseille,Nantes,29/11/2026,0900,1850,1:Quentin Santos:48.33,2:Sofia Diop:58.16,3:Austin Thomas:49.65,4:Theo Ferrari:34.56,5:Jeanne Fahmi:42.30,6:Fode Yamamoto:45.43,7:Katya Santos:47.23,8:Alice Doan:37.42,9:Jeanne Haddad:53.63,10:Nicolas Miller:36.50,11:Karim Zhang:46.03,12:Nour Russo:41.50,13:Sergei Bernard:39.22,14:Samira Morozov:45.48,15:Javier Zimmermann:51.15,16:Minh Schulz:48.08,17:Hugo Leroy:37.78,18:Fiona Petit:51.71,19:Pierre Moussa:35.76,20:Fiona Davis:43.89,21:Ryan Liu:52.57,22:Oceane Kuznetsov:46.63,23:Paul Pereira:46.54,24:Ulysse Kovacs:35.46,25:Driss Suzuki:57.80,26:Omar Martinez:54.70,27:Zane Fernandez:47.31,28:Chau Lee:47.12
2267,Angers,Grenoble,29/09/2026,1845,0130,1:Aki Faure:56.13,2:Manon Moreau:42.40,3:Driss Laurent:33.58,4:Ethan Bianchi:39.97,5:Igor Muller:40.48,6:Leila Rizzo:35.24,7:Tristan Wang:44.90,8:Taylor Kim:32.17,9:Ulysse Vidal:43.77,10:Arthur Cisse:36.96,11:Alice Johnson:47.71,12:Oceane Ouattara:48.55,13:Farah Thomas:33.02,14:Zola Smith:39.07,15:Oceane Rodriguez:32.99,16:Sana Park:50.90,17:Margaux Diallo:50.96,18:Paul Pereira:49.62,19:Yumi Zimmermann:40.04,20:Lucas Diop:34.21,21:Baptiste Benali:40.26,22:Lea Leroy:48.27,23:Elsa Rodriguez:34.57,24:Elsa Martin:52.54,25:Mei Tanaka:50.66,26:Baptiste Sanchez:42.45,27:Oceane Singh:36.48,28:Arthur Durand:41.17,29:Sergei Boudjema:38.81,30:Hassan Pham:38.96,31:Carmen Cisse:35.92,32:Driss Bernard:33.25
6166,Limoges,Reims,20/05/2026,1845,0158,1:Driss Kuznetsov:47.87,2:Bilal Mohamed:49.38,3:Victor Mohamed:33.50,4:Kofi Khan:36.99,5:Pablo Ndiaye:33.07,6:Felix Cisse:39.19,7:Karim Liu:52.38,8:Emma Martin:32.41,9:Hazel Hussein:45.12,10:Clement Sato:47.27,11:Santiago Robert:32.01,12:Silas Brown:37.41,13:Hazel Laurent:32.25,14:Yara Clark:53.73,15:Imani Nkosi:43.36,16:Fiona Garnier:40.48,17:Alice Torres:36.26,18:Juan Ziane:34.22,19:Sekou Moreau:51.40,20:Zane Kowalski:49.88,21:Miguel Dupont:36.18,22:Zane Davis:35.35
4527,Grenoble,Dijon,14/09/2026,1830,2052,1:Igor Popov:17.58,2:David Rizzo:15.87,3:Nour Smith:12.91,4:Orion Bernard:21.13,5::,6:Harper Ramirez:18.41,7:Sara Schmidt:16.85,8:Alice Garnier:16.89,9:Minh Gomes:,10:Arthur Chung:14.74,11:Ricardo Vidal:,12:Ethan Bianchi:15.69,13:Nour Brown:15.51,14:Camille Morozov:18.52,15:Chloe Kim:19.72,16:Minh Le:22.03,17:Aisha Ali:16.87,18:Camille Tran:16.38,19:Driss Oliveira:16.90,20:Ryan Fernandez:,21:Chloe Russo:16.17,22:Mehdi Zhang:21.29,23:Noah Tanaka:12.68,24:Jackson Wang:13.80,25:Felix Lefevre:20.36,26:Thao Moreau:15.04,27:Mei Vidal:16.61
6241,Rouen,Rennes,15/12/2026,0730,1121,1:Kai Liu:21.29,2:Kai Bianchi:19.96,3:Samira Huang:30.32,4:Yumi Nkosi:27.13,5:Elena Richard:19.22,6:Eloise Fahmi:18.06,7:Kwame Smith:28.11,8:Ethan Torres:17.64
1399,Bordeaux,Rennes,06/09/2026,1200,1642,1:Isabella Benali:31.22,2:Leila Roux:36.40,3:Arthur Robert:28.81,4:Lucia Rodriguez:34.56,5:Victor Nkosi:30.00,6:Li Schmidt:28.12,7:Daiki Bianchi:26.36,8:Olivia Wong:29.85,9:Samira Sokolov:24.20
3796,Grenoble,Angers,06/05/2026,,2130,1:Karim Sousa:32.19,2:Taylor Gomes:32.61,3:Minh Sanchez:49.06,4:Quentin Novak:35.51,5:Kwame Khelifi:36.92,6:Amandine Conti:35.72,7:Yara Clark:41.01,8:Skylar Chung:44.14,9:Ryan Rossi:27.99,10:Malika Robert:48.77,11:Sara Fahmi:43.43,12:Imani Chung:40.99,13:Hana Pereira:27.74,14:Chen Sanchez:47.14,15:Fode Tanaka:44.81,16:Hana Martinez:44.09,17:Ethan Torres:36.17,18:Pablo Wang:28.44,19:Nicolas Kowalski:40.13,20:Victor Mohamed:36.06,21:Amandine Ali:35.01,22:Jules Santos:28.14,23:Liam Fernandez:44.49,24:Arthur Chung:41.77,25:Santiago Huang:43.49,26:Kenji Zimmermann:41.96,27:David Robert:43.87,28:Alessio Ziane:38.99,29:Manon Wong:44.00,30:Jules Kim:34.57
9099,Brest,Reims,24/12/2026,1745,0646,1:Bilal Mohamed:48.16,2:Ethan Smith:57.53,3:Zachary Laurent:52.00,4:Imani Diallo:47.63,5:Leila Wilson:35.87,6:Thao Laurent:35.13,7:Amine Torres:44.87,8:Sekou Hussein:51.11,9:Miguel Clark:56.57,10:Simon Ndiaye:54.43,11:Minh Schulz:56.14,12:Rose Robert:54.62,13:Harper Fahmi:55.02,14:Mei Ziane:40.39,15:Ryan Ziane:53.17,16:Noah Conti:50.36,17:Li Zhang:52.75,18:Sora Russo:51.63,19:Rayan Novak:46.13,20:Ines Hussein:42.70,21:Taylor Khan:50.70,22:Kai Rossi:48.78,23:Hassan Bruno:54.06,24:Javier Zimmermann:50.45,25:Mehdi Sato:37.04,26:Lea Sokolov:50.48,27:Clement Sato:36.43,28:Lucia Vo:49.91,29:Minh Gomes:57.96
7462,Nantes,Saint-Etienne,08/08/2026,1845,0205,1:Imani Dupont:32.66,2:Hazel Lefevre:41.75,3:Theo Le:47.20,4:Emma Cherif:33.62,5:Hassan Kowalski:48.83,6:Mehdi Zhang:50.70,7:Amine Durand:55.68,8:Silas Simon:46.63,9:Alice Alves:36.59,10:Bilal Mohamed:51.38,11:Lucas Almeida:56.29,12:Minh Benali:55.05,13:Adrien Moore:33.69,14:Thao Michel:47.73,15:Taylor Smith:36.00,16:Oceane Huang:49.96,17:Zachary Gomes:53.27,18:Sergei Bernard:42.94,19:Olivia Morozov:44.17,20:Alice Hussein:37.38,21:Natalia Weber:44.08,22:Minh Smith:40.28,23:Sofia Klein:41.91,24:Jeanne Russo:56.02,25:Sara Fahmi:53.86,26:Alessio Gomes:47.18,27:Finn Weber:45.71,28:Yara Cisse:53.54,29:Aisha Bruno:55.86,30:Miguel Ndiaye:43.06,31:Yumi Sanchez:37.44,32:Chau Lee:46.93,33:Baptiste Suzuki:53.98,34:Corey Weber:53.13,35:Lucas Cherif:56.25,36:Alessio Ferrari:40.02,37:Ines Doan:50.25,38:Orion Laurent:46.74,39:Mei Kovacs:32.53,40:Silas Ribeiro:43.85,41:Igor Park:53.14,42:Youssef Doan:37.86,43:Natalia Lefevre:51.94,44:Daiki Martinez:54.41,45:Samira Huang:36.31
2476,Le Mans,Marseille,23/12/2026,1000,1832,1:Baptiste Richard:44.05,2:Tristan Popov:49.99,3:Igor Popov:52.81,4:Olivia Ivanov:46.56,5:Bilal Gallo:49.73,6:Pablo Richard:57.97,7:Sonia Greco:48.55,8:Silas Hussein:33.96,9:Isabella Durand:44.90,10:Jackson Kim:38.87,11:Skylar Richard:51.16,12:Minh Sato:49.27,13:Ethan Liu:39.59,14:Sora Silva:52.51,15:Karim Ouattara:49.07,16:Kwame Perez:42.54,17:Oceane Vo:36.33,18:Sofia Davis:36.42,19:Dmitri Wagner:42.82,20:Lian Sokolov:40.52,21:Zachary Moussa:34.97,22:Felix Garnier:43.05,23:Fode Khelifi:52.53,24:Chau Almeida:50.69,25:Chau Le:42.29,26:Sekou Bernard:54.84,27:Alessio Oliveira:40.73,28:Zachary Thomas:50.88,29:Youssef Ziane:40.85,30:Malika Brown:53.60,31:Wei Chung:54.80,32:David Clark:57.33,33:Kenji Russo:32.62,34:Lian Cruz:48.80
4588,Toulouse,Bordeaux,29/03/2026,0615,1258,1:Madison Moussa:51.08,2:Pablo Petrov:38.52,3:Zola Le:45.41,4:Ines Le:42.58,5:Felix Esposito:42.52,6:Hugo Miller:38.73,7:Mateo Novak:44.86,8:Wei Benali:45.08,9:Elena Richard:39.65,10:Hugo Fahmi:44.30,11:Valentine Bianchi:35.64,12:Theo Santos:48.92,13:Skylar Novak:33.55,14:Zane Cherif:41.39,15:Chloe Russo:53.64,16:Skylar Chung:50.07,17:Sergei Ribeiro:37.62,18:Isabella Lefevre:,19:Dylan Moreau:35.55,20:Li Abebe:36.81,21:Nour Singh:,22:Finn Weber:37.21,23:Alessio Ali:51.12,24:Akira Torres:54.31,25:Thao Michel:33.20,26:Isabella Novak:41.26,27:Youssef Schmidt:48.31,28::,29:Kenji Simon:35.53,30:Sora Silva:37.63,31:Mei Wagner:44.39,32:Alessio Oliveira:33.48,33:Nicolas Yamamoto:43.68,34:Erica Tanaka:45.97
1427,Bordeaux,Rouen,07/03/2026,1245,1947,1:Kenji Clark:34.49,2:Felix Vidal:54.05,3:Pierre Cruz:42.02,4:Farah Pereira:44.57,5:Kofi Dubois:50.58,6:Alice Hussein:38.54,7:David Esposito:55.58,8:Lian Garnier:37.35,9:Nicolas Vidal:35.01,10:Fiona Garnier:44.85,11:Carmen Liu:56.04,12:Wei Rizzo:53.18,13:Mehdi Gomez:43.40,14:Nala Sanchez:53.69,15:Igor Park:51.30
7531,Limoges,Le Mans,26/03/2026,1615,2016,1:Sonia Ahmed:19.77,2:Skylar Rossi:23.97,3:Aicha Vidal:33.46,4:Samira Ramirez:27.42,5:Sofia Diop:24.07,6:Sara Petit:29.65,7:Carmen Cisse:26.48,8:Camille Fahmi:33.77,9:Kwame Brown:21.06,10:Baptiste Benali:21.46,11:Akira Abebe:21.22,12:Erica Tanaka:33.25,13:Louis Ndiaye:31.38,14:Miguel Novak:34.04,15:Zola Torres:26.21,16:Minh Smith:24.84,17:Chau Zimmermann:33.52,18:Simon Yamamoto:26.99,19:Taylor Durand:20.40,20:Zane Almeida:32.82,21:Elena Diop:30.10,22:Sergei Sokolov:33.45,23:David Clark:31.88,24:Emi Wang:26.72,25:Oceane Ouattara:28.98,26:Paul Chen:22.13,27:Karim Faure:27.44,28:Mei Diallo:33.79,29:Felix Garnier:31.06,30:Valentine Rizzo:25.74,31:Ryan Ziane:32.65,32:Fode Boudjema:27.32,33:Victor Diop:27.41,34:Theo Dubois:21.37,35:Isabella Smith:22.27,36:Alessio Moreau:30.82,37:Ricardo Martinez:34.61,38:Willow Taylor:30.63,39:Simon Moore:29.00,40:Rayan Greco:32.82,41:Hazel Morozov:24.12,42:Pierre Taylor:23.54,43:Ines Pereira:33.41,44:Kofi Pereira:29.05,45:Sophie Cherif:29.13,46:Ryo Williams:30.74,47:Bilal Clark:26.93,48:Rayan Perez:32.47
4692,Tours,Clermont-Ferrand,17/11/2026,1230,1722,1:Chen Cherif:23.66,2:Valentine Sato:26.08,3:Celeste Park:33.67,4:Sophie Ali:28.84,5:Amandine Ribeiro:23.04,6:Jackson Ramirez:37.28,7:Manon Gomez:28.98,8:Santiago Sanchez:32.72,9:Nala Miller:32.39,10:Sergei Rossi:31.41,11:Sekou Fournier:25.61,12:Ryan Ouattara:27.02,13:Silas Ziane:24.33,14:Kenza Wang:32.96,15:Akira Chen:27.12,16:Manon Lefevre:27.40,17:Alice Vidal:32.25,18:Samira Bruno:30.78,19:Sana Lefevre:30.42,20:Baptiste Pham:27.71,21:Ulysse Park:21.67,22:Aki Faure:23.57,23:Alice Garnier:30.19,24:Malika Richard:33.35,25:Taylor Klein:21.82,26:Samira Wagner:29.88,27:Orion Lefevre:33.23,28:Elena Boudjema:30.10,29:Victor Singh:38.38,30:Sara Greco:23.41,31:Madison Gomes:32.22,32:Finn Diallo:38.44,33:Louis Kim:29.05,34:Kenza Ferrari:37.15,35:Fode Perez:22.08,36:Maria Tran:23.41,37:Romain Haddad:25.45
6339,Bordeaux,Le Mans,07/08/2026,2015,0119,1:Lea Weber:33.42,2:Emma Martin:33.10,3:Kenza Schulz:24.71,4:Sophie Cherif:29.91,5:Valentine Huang:26.46,6:Hana Wagner:24.85,7:Pierre Moussa:35.88,8:Olivia Ribeiro:38.71,9:Emma Sokolov:27.01,10:Oceane Gomez:32.06,11:Amandine Robert:29.72,12:Isabella Park:23.39,13:Katya Wong:32.48,14:Kenza Ferrari:24.71,15:Fiona Greco:23.13,16:Kwame Cherif:26.11,17:Juan Rizzo:24.53,18:David Gomez:32.96,19:Victor Mohamed:35.97,20:Willow Taylor:36.40,21:Alessio Schmidt:31.38,22:Sofia Esposito:24.77,23:Thao Singh:28.15,24:Simon Vidal:35.79,25:Ryan Cherif:24.16,26:Yasmine Kuznetsov:30.84,27:Gabriel Schmidt:23.69,28:Baptiste Thomas:22.93,29:Yumi Simon:36.33,30:Javier Kovacs:25.20,31:Yasmine Nguyen:33.25,32:Ethan Liu:30.69,33:Manon Wagner:30.18
2725,Angers,Dijon,27/07/2026,1500,2216,1:Pablo Garcia:48.11,2:Natalia Sylla:35.64,3:Mateo Benali:37.03,4:Felix Khan:31.20,5:Clement Sato:34.09,6:Orion Davis:49.57,7:Nour Wong:36.79,8:Simon Vidal:44.47,9:Simon Yamamoto:47.30,10:Romain Wong:48.25,11:Imani Bernard:33.90,12:Javier Schmidt:43.24,13:Sora Rodriguez:32.02,14:Akira Wang:42.23,15:Driss Greco:39.19,16:Ricardo Liu:34.34,17:Rayan Perez:44.96,18:Victor Singh:53.92,19:Jason Wang:47.71,20:Mei Garnier:44.40,21:Eloise Sanchez:49.78,22:Taylor Moreau:40.32,23:Elena Ziane:32.18,24:Kenza Pereira:34.32,25:Margaux Diallo:54.28,26:Silas Le:42.81,27:Valentine Ferrari:34.87,28:Rose Mohamed:53.24,29:Willow Cruz:37.85,30:Felix Ivanov:47.46
1650,Grenoble,Lille,24/07/2026,2115,0453,1:Mateo Kuznetsov:46.61,2:Taro Gallo:49.30,3:Finn Vo:39.12,4:Fiona Doan:37.36,5:Javier Wilson:47.62,6:Gabriel Ouattara:55.06,7:Chloe Laurent:32.92,8:Carmen Wagner:50.22,9:Pierre Yamamoto:53.45,10:Manon Gomez:41.62,11:Ulysse Park:56.85,12:Thao Khan:37.40,13:David Faure:50.81,14:Sergei Bernard:47.54,15:Li Abebe:36.46,16:Driss Kuznetsov:39.97,17:Tristan Schmidt:33.86,18:Paul Durand:56.81,19:Mei Nkosi:49.55,20:Natalia Nkosi:41.58,21:Zane Suzuki:51.08,22:Kenza Bernard:47.21,23:Kai Bianchi:40.08,24:Leila Greco:42.63,25:Youssef Sousa:50.19,26:Jason Fournier:41.33,27:Hazel Schmidt:35.22,28:Emma Conti:40.41,29:Bjorn Sato:43.86,30:Sekou Haddad:38.72,31:Chen Sanchez:40.85,32:Aisha Traore:38.23,33:Sergei Perez:34.55
6457,Grenoble,Strasbourg,26/05/2026,1715,2323,1:Sonia Ahmed:50.02,2:Hassan Brown:47.37,3:Zola Sylla:48.48,4:Orion Pereira:37.08,5:Emma Petrov:32.16,6:Nicolas Ferrari:37.24,7:Zoe Vidal:50.51
7774,Lyon,Paris,25/12/2026,0915,1457,1:Chen Cherif:37.55,2:Akira Wang:33.58,3:Driss Chung:39.77,4:Imani Singh:41.57,5:Amandine Haddad:43.66,6:Zoe Davis:44.04,7:Dmitri Silva:37.75,8:Sora Davis:26.10,9:Maria Rodriguez:40.23,10:Zola Smith:42.89,11:Silas Martin:32.23,12:Katya Ahmed:41.99,13:Gabriel Brown:38.94
2056,Lille,Brest,02/05/2026,0830,1707,1:Sofia Ribeiro:38.90,2:Gabriel Sanchez:34.82,3:Tristan Tran:40.33,4:Nour Brown:34.91,5:Fode Conti:41.66,6:Alessio Moreau:46.49,7:Madison Zhang:49.15,8:Sophie Nguyen:58.38,9:Ulysse Lopez:45.13,10::,11:Lucas Klein:,12:Eloise Fahmi:41.84,13:Orion Laurent:49.30,14:Erica Morozov:41.37,15:Emma Vidal:48.45,16:Austin Greco:55.92,17:Rose Moussa:52.13,18:Amandine Conti:34.83,19:Lea Wilson:56.85,20:Harper Nkosi:45.21,21::,22:Ethan Ouattara:48.74,23:Willow Tanaka:42.90,24:Madison Thomas:52.66,25:Lucas Doan:46.39,26:Valentine Oliveira:45.67,27:Orion Russo:53.51,28:Alice Doan:34.63
2848,Le Mans,Bordeaux,20/09/2026,1215,1716,1:Pierre Yamamoto:23.90,2:Sofia Suzuki:35.72,3:Malika Sanchez:37.93,4:Emma Martin:22.16,5:Felix Lefevre:36.40,6:Erica Tanaka:27.03,7:Austin Cisse:36.32,8:Silas Cherif:37.16,9:Erica Cruz:31.13,10:Elena Diallo:34.90,11:Aisha Park:35.75,12:Zane Suzuki:34.63,13:Bjorn Torres:26.96,14:Camille Schmidt:25.62,15:Paul Moussa:29.26,16:Chloe Weber:30.52,17:Mehdi Abebe:34.83,18:Arthur Wong:31.82,19:Romain Sylla:31.75,20:Sophie Alves:29.69,21:Kai Doan:28.36,22:Pierre Diallo:26.83,23:Taylor Klein:29.35,24:Karim Sousa:35.96,25:Sara Fahmi:24.41,26:Eloise Boudjema:24.12,27:Adrien Esposito:34.11,28:Imani Bernard:36.47,29:Fode Diallo:30.79,30:Natalia Perez:36.79
3708,Nice,Nantes,27/10/2026,1630,0548,1:Maria Traore:44.15,2:Wei Ribeiro:45.57,3:Jules Fernandez:39.88,4:Felix Nguyen:34.61,5:Malika Brown:46.62,6:Thao Michel:50.21,7:Jeanne Fahmi:53.53,8:Harper Ndiaye:52.98
6238,Clermont-Ferrand,Limoges,21/06/2026,2200,0111,1:Nala Moore:15.93,2:Awa Klein:15.83,3:Margaux Durand:25.55,4:Kai Doan:23.65,5:Brenda Dubois:20.45,6:Zoe Leroy:21.60,7:Tristan Santos:22.32,8:Skylar Petit:21.67,9:Rose Vasiliev:20.35,10:Kofi Wilson:23.38,11:Willow Tanaka:17.04,12:Pablo Clark:17.43,13:Lucia Rodriguez:15.30,14:Lea Weber:26.56,15:Aicha Santos:22.20,16:Aki Muller:26.72,17:Camille Fahmi:15.68,18:Manon Clark:24.19,19:Rose Ramirez:24.22,20:Sofia Ribeiro:23.99,21:Harper Kuznetsov:20.61,22:Gabriel Diop:20.72,23:Akira Rossi:22.78,24:Sergei Bernard:25.10,25:Fiona Simon:21.12,26:Victor Tran:16.55,27:Isabella Dupont:18.62,28:Rose Moussa:23.42,29:Sophie Clark:24.16,30:Sora Haddad:23.71,31:Ethan Ouattara:26.41,32:Ethan Brown:20.51,33:Harper Martin:21.00
7153,Angers,Le Mans,01/02/2026,1730,2000,1:Chloe Morozov:21.73,2:Sora Wagner:20.00,3:Skylar Popov:13.41,4:Quentin Greco:16.28,5:Jeanne Fahmi:13.01,6:Jules Martin:20.73,7:Nour Rodrigues:18.83,8:Chloe Laurent:18.10,9:Finn Davis:18.89,10:Kenza Perez:14.78,11:Zoe Popov:16.50,12:Pablo Richard:16.34,13:Sekou Santos:17.87,14:Karim Zhang:20.84,15:Ryo Klein:18.52,16:Tristan Tran:14.73,17:Rayan Chen:21.27,18:Tristan Chen:15.97,19:Ulysse Laurent:18.57,20:Clement Wilson:22.05,21:Brenda Garnier:13.03,22:Jules Mohamed:15.55,23:Pierre Morozov:13.38,24:Sofia Esposito:20.91,25:Omar Cisse:12.60,26:Rose Thomas:12.54,27:Zoe Nkosi:20.22,28:Simon Thomas:18.18,29:Gabriel Bernard:13.13,30:Isabella Mohamed:21.75,31:Kenza Fahmi:13.52
7904,Reims,Grenoble,16/02/2026,1945,2339,1:Clement Fournier:27.96,2:Zachary Wilson:27.52,3:Alice Johnson:19.85,4:Corey Taylor:30.09,5:Romain Michel:19.51,6:Thao Ndiaye:17.93,7:Sofia Lee:23.33,8:Ines Laurent:27.68,9:Liam Pham:30.01,10:Taro Greco:29.30,11:Silas Smith:22.11,12:Liam Santos:30.54,13:Bilal Ivanov:29.05,14:Daiki Singh:21.92,15:Daiki Smith:26.84,16:Chen Yamamoto:20.26,17:Willow Popov:21.58,18:Thao Moreau:24.20,19:Omar Martinez:20.72,20:Louis Singh:23.07
3490,Dijon,Toulouse,30/12/2026,1845,,1:Valentine Sato:38.05,2:Valentine Martinez:38.61,3:Adrien Santos:37.32,4:Chloe Russo:42.02,5:Samira Ouattara:55.14,6:Igor Doan:38.09,7:Driss Nguyen:35.84,8:Leila Hussein:44.72,9:Katya Lee:57.76,10:Yara Kovacs:39.57,11:Hassan Pereira:47.74,12:Zoe Huang:54.45,13:Felix Garcia:34.09,14:Kwame Perez:46.59,15:Oceane Lee:58.47,16:Katya Singh:41.92,17:Romain Zimmermann:44.53,18:Willow Simon:47.71,19:Aicha Michel:45.75,20:Awa Schmidt:37.27,21:Chau Almeida:33.40,22:Clement Lee:33.61,23:Simon Nkosi:52.68,24:Zoe Novak:39.50,25:Lucas Suzuki:51.89,26:Pablo Petrov:41.50,27:Sekou Ziane:42.31,28:Wei Haddad:50.41,29:Brenda Ouattara:51.99,30:Chen Wong:40.74,31:Quentin Rossi:44.78,32:Igor Park:55.83,33:Orion Laurent:57.12,34:Farah Russo:53.89
8842,Lille,Limoges,01/03/2026,1315,1955,1:Zachary Wilson:43.75,2:Aicha Ziane:37.93,3:Li Faure:37.73,4:Ryan Liu:48.11,5:Sonia Kovacs:32.75,6:Tristan Schmidt:29.41,7:Jian Traore:50.92,8:Austin Doan:37.27,9:Sofia Ribeiro:46.83,10:Aki Rodriguez:46.49,11:Youssef Bianchi:41.94,12:Sophie Ali:42.60,13:Akira Wang:49.09,14:Chau Almeida:45.64,15:Hassan Diallo:39.35,16:Carmen Bruno:28.68,17:Mei Sanchez:46.10,18:Aki Rodriguez:28.72,19:Jason Traore:46.72,20:Ines Le:,21:Olivia Alves:29.94,22:Sora Weber:36.76,23:Mei Dupont:35.04,24:Rose Rodriguez:39.30,25:Sekou Fournier:,26:Javier Wilson:30.16,27:Sonia Bernard:36.82,28:Kwame Vidal:33.42
4508,Lyon,Rouen,23/08/2026,1530,2137,1:Pablo Ndiaye:41.99,2:Lucia Ramirez:48.39,3:Zoe Rodrigues:39.77,4:Aisha Khan:40.89,5:Celeste Bianchi:51.79,6:Amandine Faure:49.93,7:Emi Wagner:50.92,8:Kimberly Abebe:37.10,9:Akira Park:34.74,10:Rayan Rodriguez:42.57,11:Zola Schmidt:40.76,12:Jackson Ramirez:35.51
6779,Rennes,Marseille,22/03/2026,1130,2048,1:Sofia Sousa:38.42,2:Emma Vidal:57.12,3:Dmitri Le:57.92,4:Manon Bianchi:35.70,5:Madison Kowalski:47.85,6:Juan Lopez:45.04,7:Wei Lefevre:34.29,8:Silas Hussein:38.23,9:Zoe Davis:51.83,10:Sana Martin:56.87,11:Jackson Muller:50.15,12:Tristan Diop:45.23,13:Silas Miller:54.47,14:Theo Santos:32.66,15:Amandine Ribeiro:41.51,16:Pierre Rodriguez:39.75,17:Santiago Huang:40.97,18:Carmen Fernandez:39.78,19:Lucia Kovacs:36.18,20:Katya Doan:48.55,21:Youssef Chung:49.77,22:Aicha Garnier:44.05,23:Thao Khan:40.91,24:Skylar Nguyen:46.76,25:Sekou Cherif:49.70,26:Rayan Robert:35.44,27:Clement Zimmermann:43.26,28:Sara Khelifi:56.42,29:Nicolas Clark:46.44,30:Gabriel Miller:40.58,31:Willow Cruz:39.52,32:Ricardo Dubois:58.36,33:Pierre Wagner:33.70,34:Jackson Wang:36.55,35:Valentine Bianchi:51.42,36:Arthur Perez:39.64,37:Oceane Vo:32.89,38:Chloe Conti:58.20,39:Jian Esposito:44.99,40:Santiago Robert:34.68,41:Isabella Lopez:34.23,42:Adrien Moore:36.06,43:Margaux Garnier:35.43,44:Alessio Moreau:51.70,45:Willow Popov:54.43,46:Javier Davis:35.58,47:Farah Russo:40.16,48:Kwame Weber:58.43,49:Leila Leroy:55.59
4892,Clermont-Ferrand,Grenoble,21/09/2026,1915,2215,1:Silas Moussa:22.22,2:Ulysse Laurent:13.10,3:Chen Sanchez:20.77,4::,5:Valentine Rodrigues:18.70,6:Jeanne Fahmi:17.91,7:Silas Brown:13.96,8:David Le:14.60,9:Nicolas Gomes:21.57,10:Youssef Conti:17.12,11:Katya Gallo:15.08,12::,13:Brenda Popov:17.80,14:Fiona Miller:23.14,15:Victor Zimmermann:15.34,16:Elsa Martin:20.61,17:Zane Bernard:15.94,18::,19:Erica Yamamoto:15.81,20:Samira Bruno:13.01,21:Lian Lee:21.12,22:Celeste Bianchi:23.23,23::,24:Sara Petit:14.59,25::,26:Kenza Bernard:22.02,27::,28:Margaux Khan:16.26,29:Alice Johnson:14.48,30:Lian Traore:19.54,31:Nicolas Ali:18.77,32:Taylor Khan:22.98
2316,Toulouse,Marseille,16/03/2026,1345,1909,1:Hugo Robert:32.67,2:Lucia Rizzo:34.61,3:Paul Sanchez:31.00,4:Nour Smith:28.48,5:Ryan Rossi:38.96,6:Lea Bianchi:26.43,7:Taylor Moore:31.62,8:Felix Wagner:42.91,9:Hassan Kowalski:28.38,10:Hassan Rizzo:28.03,11:Ryo Hussein:43.47,12:Emi Conti:32.81,13:Natalia Nkosi:44.80,14:Elsa Bianchi:39.99,15:Yumi Chen:44.99,16:Lea Sato:38.40,17:Carmen Perez:43.64,18:Finn Russo:28.54,19:Mehdi Benali:37.26,20:Louis Sanchez:30.64,21:Kai Rodrigues:32.57,22:Noah Conti:32.24,23:Felix Vidal:33.22,24:Amandine Ali:29.03,25:Sophie Gomez:35.80,26:Jason Ferrari:41.18,27:Alessio Haddad:30.22
7935,Dijon,Marseille,18/08/2026,2200,0405,1:Fiona Doan:41.17,2:Samira Wagner:35.19,3:Sana Vo:45.67,4:Taylor Moore:41.14,5:Madison Santos:47.08,6:Jeanne Petrov:28.29,7:Sergei Bernard:40.30,8:Pierre Moussa:47.74,9:Igor Muller:48.14,10:Harper Miller:30.87,11:Kwame Wong:35.15,12:Elena Russo:48.89,13:Sora Wagner:41.09,14:Emi Schulz:36.52,15:Fiona Davis:42.80,16:Sonia Kim:38.55,17:Bjorn Johnson:40.51,18:Yara Rodrigues:41.80,19:Jeanne Doan:45.91,20:Adrien Santos:46.54,21:Kenji Boudjema:29.31,22:Imani Bernard:28.54,23:Theo Taylor:33.22,24:Sophie Ouattara:43.61,25:Louis Ouattara:35.07,26:Yara Doan:42.82,27:Lian Pereira:42.11,28:Rayan Greco:36.86,29:Ines Schulz:47.96,30:Silas Leroy:34.41,31:Fiona Garnier:39.03,32:Jian Ali:47.37,33:Zachary Popov:47.80,34:Wei Benali:31.48,35:Lian Kim:28.38,36:Ricardo Dubois:41.84,37:Austin Chen:34.34,38:Tristan Diop:42.88,39:Chloe Garcia:41.18,40:Tristan Garnier:27.64,41:Yasmine Zhang:37.89,42:Sana Smith:44.05,43:Skylar Chung:46.81,44:Celeste Benali:44.92,45:Sekou Santos:30.34
8583,Dijon,Rennes,20/05/2026,0730,1536,1:Skylar Richard:35.46,2:Hugo Wilson:48.50,3:Miguel Wagner:34.41,4:Aki Tran:52.99,5:Zola Smith:51.86,6:Valentine Bianchi:49.91,7:Valentine Martinez:37.29,8:Taylor Smith:55.90,9:Mateo Laurent:47.94,10:Samira Ramirez:39.65,11:Jian Esposito:52.56,12:Zane Almeida:36.98,13:Youssef Simon:35.99,14:Camille Rizzo:33.85,15:Sana Liu:45.32,16:Maria Traore:43.10,17:Katya Bianchi:43.25,18:Corey Nguyen:42.76,19:Natalia Klein:48.17,20:Paul Chen:52.75,21:Igor Morozov:40.57,22:Nour Cruz:40.51,23:Louis Moussa:55.46,24:Elsa Garnier:49.90,25:Austin Chen:37.24,26:Taylor Silva:44.30,27:Wei Lopez:52.85,28:Samira Wagner:41.88,29:Li Wilson:54.25
7890,Toulouse,Le Mans,10/02/2026,1345,2025,1:Natalia Zhang:52.54,2:Aicha Garnier:35.01,3:David Ferrari:44.11,4:Youssef Sousa:47.32,5:Pierre Cruz:41.56,6:Gabriel Muller:31.27,7:Elena Ziane:45.62,8:Santiago Ferrari:50.95,9:Samira Tran:44.20,10:Bjorn Thomas:40.46,11:Hazel Fournier:40.03,12:Tristan Santos:38.72,13:Madison Zhang:31.27,14:Nour Fernandez:42.53,15:Miguel Ndiaye:45.95,16:Rayan Garcia:55.48,17:Sofia Leroy:49.09,18:Lucia Weber:43.46,19:Lucas Singh:52.99,20:Baptiste Rodriguez:49.15,21:Oceane Vo:33.00,22:Leila Dupont:41.98,23:Harper Dupont:42.46,24:Amine Torres:49.41,25:Quentin Greco:42.61,26:Katya Lee:40.59,27:Theo Yamamoto:53.34
2366,Le Mans,La Rochelle,19/10/2026,1015,1436,1:Emma Conti:24.63,2:Miguel Novak:23.45,3:Jackson Popov:27.15,4:Olivia Alves:32.19,5:Dmitri Le:32.03,6:Skylar Novak:35.83,7:Celeste Ramirez:24.37,8:Hassan Pereira:34.74,9:Wei Ferrari:35.43,10:Jules Cherif:29.96,11:Zane Morozov:32.98,12:Skylar Popov:36.03,13:Yumi Wang:20.61,14:Chau Huang:35.70,15:Chen Sanchez:23.26,16:Farah Wilson:30.58,17:Natalia Klein:31.32,18:Natalia Perez:35.16,19:Taro Gallo:34.49,20:Jian Garcia:28.74,21:Yara Cisse:28.13,22:Mehdi Abebe:30.89,23:Sergei Perez:31.34,24:Zola Williams:25.61,25:Felix Wagner:22.14,26:Javier Novak:24.62,27:Alice Garnier:26.10,28:Hugo Fahmi:31.85,29:Yumi Liu:26.84,30:Maria Torres:35.18,31:Ulysse Petrov:24.16,32:Sergei Boudjema:33.88,33:Amandine Haddad:22.68
4808,Nice,Paris,18/12/2026,2115,1146,1:Emi Pham:51.53,2:Li Gomez:51.95,3:Sophie Popov:44.19,4:Sofia Sousa:43.57,5:Felix Schmidt:57.12,6:Imani Zhang:55.55,7:Lian Diallo:52.85,8:Pablo Robert:34.39,9:Corey Weber:38.16,10:Sonia Tran:37.32,11:Driss Dupont:42.08,12:Kwame Weber:39.51,13:Carmen Liu:43.59,14:Miguel Dupont:34.55,15:Emi Park:46.48,16:Bjorn Richard:32.65
9200,Reims,Limoges,12/04/2026,2245,0712,1:Dylan Ouattara:54.28,2:Thao Laurent:45.03,3:Harper Fahmi:43.55,4:Mei Tanaka:57.38,5:Karim Sousa:40.73,6:Romain Gallo:50.28,7:Theo Le:38.01,8:David Cherif:49.83,9:Brenda Ouattara:49.27,10:Rayan Moreau:48.11,11:Chau Kovacs:34.98,12:Sonia Kovacs:55.46,13:Sekou Santos:47.92,14:Isabella Le:37.71,15:Leila Vo:44.30,16:Felix Yamamoto:34.29,17:Pablo Ziane:47.46,18:Dmitri Vidal:34.60,19:Ines Le:54.46,20:Olivia Khelifi:48.04,21:Zane Johnson:33.33,22:Emma Taylor:32.87,23:Santiago Miller:33.41,24:Javier Zimmermann:33.27,25:Daiki Kim:50.01,26:Austin Pereira:34.33,27:Yara Rodrigues:35.12,28:Elena Oliveira:54.85,29:Aicha Ziane:51.24,30:Simon Chen:34.20,31:Arthur Gomes:54.00,32:Sora Rodriguez:54.44,33:Leila Ndiaye:51.79,34:Ryan Liu:43.63,35:Emma Sokolov:39.12,36:Nala Garnier:43.46,37:Taylor Silva:38.24,38:Miguel Ndiaye:48.13,39:Lea Sato:46.51,40:Awa Schmidt:48.24,41:Paul Pham:57.10,42:Kenza Traore:56.08,43:Zola Schmidt:36.20,44:Ulysse Sokolov:35.74,45:Isabella Benali:35.87,46:Sergei Gallo:53.32,47:Nala Miller:52.88,48:Alice Johnson:44.16,49:Akira Fournier:53.68,50:Yasmine Boudjema:57.82,51:Samira Gomes:58.28,52:Lucas Klein:56.93
2703,Angers,Montpellier,24/03/2026,1830,0137,1:Sergei Sokolov:41.18,2:Ryo Bruno:35.14,3:Sekou Kim:50.61,4:Samira Ouattara:50.77,5:Sergei Ramirez:37.22,6:Kenza Martinez:32.29,7:Taylor Kim:37.73,8:Katya Gallo:45.53,9:Wei Leroy:52.14,10:Zola Torres:50.62,11:Javier Haddad:52.31,12:Malika Robert:47.42,13:Noah Conti:47.52,14:Jian Traore:43.87,15:Quentin Gomez:48.69,16:Emma Greco:32.88,17:Lucas Khelifi:45.06,18:Mehdi Roux:52.87,19:Aki Kovacs:37.50,20:Amandine Faure:34.25,21:Juan Sokolov:45.74,22:Wei Moreau:42.64,23:Amandine Robert:35.11,24:Celeste Ramirez:42.52,25:Amandine Chung:45.07,26:Samira Lefevre:32.93,27:Alessio Alves:42.30,28:Lea Michel:32.61
6019,Strasbourg,Le Mans,08/05/2026,1615,0240,1:Erica Abebe:46.09,2:Samira Morozov:41.28,3:Sofia Davis:48.45,4:Lucas Suzuki:42.25,5:Oceane Lee:47.25,6:Bilal Mohamed:,7:Karim Faure:51.89,8::,9:Nicolas Yamamoto:45.02,10:Rose Vasiliev:57.95,11:Amandine Cisse:50.80,12:Kofi Roux:47.89,13:Celeste Fournier:,14:Fiona Doan:32.69,15:Aicha Laurent:35.52,16:Camille Pereira:33.09,17:Hugo Fahmi:36.06,18:Ryan Sanchez:58.30,19:Aki Diop:46.86,20:Hazel Traore:45.93,21:Orion Russo:56.19,22:Manon Nkosi:45.84,23:Yara Miller:36.01,24:Sonia Boudjema:,25:Sara Schmidt:52.22,26:Louis Ndiaye:46.88
1406,Dijon,La Rochelle,18/08/2026,2100,0447,1:Rose Ramirez:40.66,2:Rayan Novak:41.45,3::,4::,5:Santiago Miller:54.22,6:Isabella Dupont:32.74,7:Austin Moussa:32.57,8:Elena Sousa:39.96,9:Manon Popov:46.49,10:Mehdi Benali:56.43,11::,12:Jeanne Haddad:35.01,13:Arthur Chung:53.65,14:Nala Wang:55.06,15:Samira Ramirez:45.99,16:Imani Fournier:40.45,17:Sora Petrov:48.88,18:Pablo Liu:42.81,19:Hassan Kowalski:50.65,20:Clement Zimmermann:,21:Nicolas Bernard:54.69,22::,23:Karim Sanchez:34.08,24:Austin Liu:56.21,25:Karim Weber:36.72,26::,27:Zane Bernard:,28:Isabella Popov:,29:Kofi Wilson:56.67,30:Carmen Wagner:57.08,31:Lucia Klein:55.12,32:Kenza Williams:57.31,33:Clement Sato:48.57,34:Kai Ahmed:47.04,35:Pierre Diallo:,36:Igor Muller:51.65,37:Aki Faure:43.11,38:Samira Ouattara:55.42,39:Austin Santos:50.03,40:Miguel Sylla:45.22,41:Zane Suzuki:50.13,42:Austin Garcia:32.75,43::,44:Lucas Singh:43.96
1053,Strasbourg,Tours,28/05/2026,1500,,1:Zoe Diallo:46.17,2:Carmen Perez:48.71,3:Daiki Dubois:55.32,4:Maria Sylla:34.30,5:Harper Martin:35.17,6:Clement Esposito:36.82,7:Thao Khan:53.89,8:Yumi Sanchez:47.22
6582,Rennes,Nice,24/07/2026,1530,0436,1:Emma Conti:44.44,2:Santiago Sousa:46.83,3:Felix Wagner:46.43,4:Aicha Vo:38.45,5:Pierre Ribeiro:46.75,6:Austin Garcia:57.56,7:Sophie Cherif:55.24,8:Lucia Mohamed:46.71,9:Camille Pereira:35.13,10:Romain Wong:48.98,11:Elena Laurent:56.79,12:Ethan Thomas:53.73,13:Igor Popov:43.94,14:Daiki Dubois:49.96,15:Hazel Traore:32.72,16:Yara Brown:39.24,17:Zane Cherif:41.91,18:Jules Torres:51.31,19:Lea Sato:46.95,20:Aicha Robert:49.55
2040,Grenoble,Montpellier,24/05/2026,1430,1957,1:Madison Santos:32.53,2:Driss Nguyen:32.46,3:Natalia Weber:32.50,4:Pierre Thomas:37.72,5:Zoe Greco:35.54,6:Ryan Ivanov:38.01,7:Gabriel Park:25.67,8:Yara Kovacs:36.09,9:Theo Dubois:29.58,10:Brenda Mohamed:40.01,11:Manon Novak:27.57,12:Ulysse Lopez:32.21,13:Elena Liu:39.66,14:Jules Fernandez:33.36,15:Skylar Rossi:34.76,16:Louis Zimmermann:35.05,17:Kenza Pereira:31.92,18:Chloe Morozov:33.84,19:Hana Garnier:31.20,20:Chloe Ferrari:26.25,21:Zoe Leroy:38.90,22:Sophie Benali:41.21,23:Felix Ferrari:42.76,24:Sana Smith:37.99,25:Hana Williams:24.22,26:Bilal Torres:30.51,27:Zane Bernard:30.07,28:Juan Sokolov:42.21,29:Jeanne Doan:29.04,30:Manon Yamamoto:23.98,31:Isabella Clark:36.49,32:Pierre Traore:35.01,33:Orion Davis:36.78,34:Willow Mohamed:34.34,35:Margaux Weber:25.07,36:Kai Park:34.74,37:Simon Nkosi:42.42,38:Erica Sato:24.02,39:Jackson Kim:42.04,40:Ryan Conti:36.15,41:Bilal Mohamed:28.33,42:Rose Yamamoto:38.34,43:Austin Pereira:25.89,44:Felix Ivanov:30.47,45:Manon Popov:34.38,46:Romain Diallo:32.59,47:Samira Gomes:26.76,48:Emma Dupont:24.49,49:Sonia Huang:31.09,50:Zane Almeida:28.60,51:Minh Smith:32.17
7298,Angers,Lille,02/02/2026,1030,1552,1:Akira Abebe:40.37,2:Omar Cisse:32.97,3:Austin Cisse:26.53,4:Elsa Perez:28.89,5:Ulysse Schulz:33.45,6:Sofia Gomez:33.98,7:Li Le:25.23,8::,9:Sophie Vidal:38.06,10:Lucia Ziane:,11:Tristan Chen:29.26,12:Theo Bruno:36.05,13::,14:Oceane Vo:29.18,15:Jason Mohamed:38.00,16:Lucia Simon:40.31,17:Malika Taylor:31.59,18:Eloise Suzuki:40.21,19:Sofia Kovacs:32.78,20:Ryan Benali:,21:Baptiste Rodriguez:24.72,22:Fiona Simon:37.47,23:Felix Khan:39.91,24:Sophie Schulz:37.88,25:Pierre Almeida:26.92,26:Ethan Ferrari:37.51,27:Kai Rodrigues:27.63,28:Felix Garnier:35.71,29:Zoe Dubois:23.82,30:Miguel Clark:29.29,31:Daiki Smith:25.90,32:Chau Huang:34.81,33:Hazel Fernandez:32.35,34:Ryan Moreau:29.60,35:Jason Khelifi:29.36,36:Sekou Haddad:,37::,38::,39:Elsa Greco:38.18,40:Willow Kim:30.14,41:Chen Wong:24.15,42:Baptiste Roux:33.12
3767,Caen,Clermont-Ferrand,10/06/2026,1015,1653,1:Kai Rossi:50.99,2:Driss Yamamoto:31.71,3:Margaux Chen:45.43,4:Kenji Weber:32.74,5:Clement Fournier:42.53,6:Louis Clark:36.22,7:Mehdi Gomez:48.03,8:Arthur Khan:51.63,9:Lea Suzuki:38.20,10:Paul Davis:42.54,11:Jeanne Petit:39.80,12:Amandine Johnson:53.45,13:Bilal Ivanov:43.88,14:Chen Pereira:33.24,15:Rayan Singh:35.05,16:Margaux Diallo:45.02,17:Rose Vasiliev:39.29,18:Olivia Khelifi:42.64,19:Rayan Perez:30.14,20:Jian Ramirez:36.90,21:Romain Schulz:52.69,22:Yumi Sanchez:40.55,23:Yara Clark:33.46,24:Alice Alves:51.39,25:Quentin Nkosi:46.26,26:Youssef Abebe:42.93,27:Isabella Mohamed:37.93,28:Sophie Benali:49.23,29:Jeanne Fahmi:46.52
9726,Toulouse,Strasbourg,22/11/2026,1400,2355,1:Baptiste Rodriguez:58.22,2:Kwame Weber:46.07,3:Yara Laurent:41.44,4:Elsa Park:43.39,5:Gabriel Garnier:33.58,6:Awa Sokolov:58.34,7:Zane Abebe:46.03,8:Lea Bianchi:46.84,9:Bjorn Tran:32.92,10:Willow Smith:53.96,11:Arthur Robert:41.42,12:Karim Ouattara:38.20,13:Silas Le:50.97,14:Pablo Petrov:40.42,15:Alice Johnson:49.34,16:Pierre Garnier:34.94,17:Sara Tran:49.39,18:Sekou Moreau:40.20,19:Jian Lopez:48.70,20:Lucas Greco:45.54,21:Ines Rodrigues:55.22,22:Austin Doan:48.03,23:Igor Moussa:57.63,24:Isabella Schmidt:58.28,25:Pablo Garcia:38.86,26:Amine Gomez:36.79,27:Lucas Cherif:57.56,28:Igor Alves:56.99,29:Driss Chung:34.97
1794,Lille,Metz,15/11/2026,1615,0124,1:Imani Ahmed:48.88,2:Alessio Ziane:40.23,3:Lian Cruz:42.21,4:Adrien Garnier:38.77,5:Natalia Klein:52.65,6:Emi Schulz:35.82,7:Pablo Liu:58.07,8:Celeste Lee:54.25,9:Sara Greco:42.95,10:Yara Miller:33.04,11:Sonia Michel:55.28,12:Kwame Weber:44.43,13:Tristan Sousa:36.08,14:Corey Lefevre:45.12,15:Jason Wang:50.52,16:Minh Rossi:40.66,17:Jason Fournier:55.81,18:Javier Bianchi:55.55,19:Rayan Garcia:50.14,20:Celeste Chung:44.31,21:Malika Kowalski:41.87,22:Zachary Chung:58.13,23:Natalia Durand:49.15,24:Jules Martin:32.57,25:Isabella Benali:50.70,26:Harper Wagner:43.65,27:David Ferrari:40.67,28:Farah Boudjema:50.84
6979,Strasbourg,Bordeaux,21/05/2026,2015,0929,1:Ryan Sanchez:35.42,2:Eloise Fahmi:39.19,3:Noah Lopez:40.05,4:Manon Gomes:40.89,5:Santiago Perez:49.26,6:Gabriel Lee:52.84,7:Daiki Moussa:58.43,8:Jules Miller:56.06,9:Romain Lopez:49.53,10:Sara Schmidt:32.75,11:Mehdi Laurent:44.86,12:Natalia Nkosi:49.78,13:Louis Haddad:55.93,14:Nicolas Ali:32.56,15:Mateo Huang:34.92,16:Santiago Sousa:40.49,17:Valentine Khelifi:45.77,18:David Cherif:45.76,19:Fode Wilson:41.14,20:Mehdi Gomez:48.74,21:Hugo Robert:53.04,22:Jackson Popov:49.90,23:Bilal Gallo:57.74,24:Arthur Chung:37.24,25:Ines Schmidt:37.77,26:Wei Kim:37.47,27:Erica Ribeiro:43.29,28:Youssef Doan:44.81,29:Driss Cruz:44.55
3757,Lille,Marseille,17/06/2026,1530,0143,1:Elena Oliveira:55.56,2:Kenji Boudjema:56.94,3:Ryan Rodriguez:47.44,4:Gabriel Lee:34.58,5:Ethan Brown:56.15,6:Juan Petit:52.21,7:Igor Cisse:39.18,8:Celeste Boudjema:35.67,9:Hassan Pham:36.35,10:Rose Vasiliev:49.25,11:Kofi Pereira:41.20
5887,Angers,Rennes,18/05/2026,2045,2355,1:Chau Lee:18.02,2:Taylor Durand:18.72,3:Oceane Lee:17.10,4:Noah Gallo:25.61,5:Alice Martin:27.66,6:Zane Suzuki:15.76,7:Pablo Garcia:26.05,8:Ryan Morozov:21.53,9:Ulysse Torres:23.67,10:Isabella Smith:17.05,11:Yumi Russo:17.37,12:Kenza Weber:17.31,13:Mehdi Richard:24.81,14:Simon Yamamoto:17.22,15:Silas Simon:16.03,16:Youssef Schmidt:19.73,17:Lea Brown:18.16,18:Quentin Wilson:25.03,19:Alice Garnier:18.16,20:Nicolas Greco:18.70,21:Daiki Kim:23.24,22:Jian Garcia:26.82,23:Ulysse Laurent:19.56,24:Harper Ndiaye:17.02,25:Theo Silva:18.30,26:Willow Traore:25.77,27:Akira Fournier:24.19,28:Baptiste Benali:26.15,29:Rayan Johnson:17.47,30:Theo Le:15.56,31:Fode Yamamoto:20.77,32:Jian Ali:24.31
5328,Metz,Le Mans,22/04/2026,1615,0059,1:Aisha Hussein:38.07,2:Isabella Durand:35.54,3:Hugo Thomas:37.35,4:Rose Ramirez:33.93,5:Bjorn Esposito:49.40,6:Rayan Chen:44.40,7:Youssef Wagner:52.65,8:Ethan Liu:41.71,9:Orion Laurent:41.48,10:Sekou Greco:42.58
1404,Bordeaux,Saint-Etienne,19/07/2026,1745,0205,1:Aicha Laurent:41.66,2:Lucia Simon:54.38,3:Jackson Sanchez:58.21,4:Madison Gomes:53.64,5:Natalia Wong:33.76,6:Simon Wilson:52.38,7:Elena Russo:37.91,8:Erica Morozov:52.66,9:Bilal Cruz:39.23,10:Taylor Zhang:34.98,11:David Le:42.36,12:Nicolas Ferrari:50.53,13:Margaux Chen:37.95,14:Miguel Alves:33.23,15:Zola Le:57.52,16:Alessio Alves:41.47,17:Lea Suzuki:52.51,18:Paul Leroy:58.18,19:Jian Garcia:45.65,20:Chen Pereira:43.69,21:Chloe Novak:32.66,22:Gabriel Garnier:47.98,23:Samira Bianchi:57.74,24:Jeanne Russo:41.96,25:Gabriel Rodrigues:47.70,26:Felix Muller:36.84,27:Lian Kim:46.63,28:Pierre Garnier:55.15,29:Carmen Simon:57.08,30:Zola Martin:49.37
8833,Saint-Etienne,Dijon,09/08/2026,,1651,1:Lea Leroy:13.72,2:Maria Roux:16.87,3:Malika Suzuki:17.43,4:Karim Fahmi:20.75,5:Elena Lopez:15.30,6:Bilal Cruz:20.71,7:Jeanne Ahmed:22.23,8:Chloe Kim:18.40,9:Emi Schulz:13.15,10:Amandine Cisse:19.47,11:Santiago Clark:14.20,12:Malika Moore:20.98,13:Silas Miller:19.47,14:Miguel Diop:18.90,15:Emma Brown:16.62,16:Zane Morozov:19.38,17:Alessio Lopez:19.95,18:Manon Novak:18.10,19:Nour Smith:15.00,20:Sekou Yamamoto:15.76,21:Manon Nkosi:20.35,22:Hana Klein:15.64,23:Sofia Sousa:16.45,24:Brenda Rizzo:14.85,25:Igor Almeida:18.37,26:Corey Yamamoto:16.09,27:Aki Rodriguez:20.50,28:Gabriel Park:21.84,29:Dylan Petrov:12.81,30:Jeanne Clark:18.21,31:Rose Novak:20.96,32:Simon Brown:16.22,33:Nour Wong:21.32,34:Austin Greco:18.66,35:Kenza Garnier:16.63,36:Hugo Robert:20.93,37:Pierre Diallo:18.38,38:Lea Suzuki:20.94,39:Zachary Thomas:21.58,40:Samira Morozov:18.63,41:Yumi Zimmermann:22.17,42:Awa Suzuki:18.76,43:Skylar Popov:14.13,44:Chau Huang:21.29
7952,Metz,Le Mans,05/05/2026,0815,1730,1:Rose Mohamed:44.43,2:Aicha Laurent:42.00,3:Chau Bianchi:55.36,4:Bjorn Thomas:36.98,5:Kai Bianchi:40.29,6:Baptiste Roux:39.24,7:Nala Dupont:38.97,8:Minh Ivanov:48.55,9:Romain Zimmermann:45.19,10:Willow Tanaka:57.58,11:Mehdi Richard:52.28,12:Nour Sousa:39.34,13:Karim Sanchez:45.87,14:Karim Petrov:55.92,15:Harper Nkosi:38.13,16:Youssef Almeida:44.47,17:Zane Michel:50.86,18:Ines Hussein:39.85,19:Jeanne Haddad:35.55,20:Orion Lefevre:52.66,21:Valentine Martinez:53.02,22:Sergei Vasiliev:44.89,23:Rose Martin:53.54,24:Bjorn Esposito:35.30,25:Malika Nguyen:56.67,26:Ethan Cisse:37.87,27:Madison Diop:38.20,28:Lucas Singh:38.38,29:Austin Schmidt:41.26,30:Akira Novak:47.53,31:Valentine Durand:42.82,32:Louis Sanchez:38.23,33:Zoe Popov:45.52,34:Yara Clark:35.05,35:Manon Gomez:36.33,36:Erica Cruz:32.75,37:Romain Gallo:38.17,38:Minh Sanchez:42.68,39:Malika Le:46.10,40:Manon Zimmermann:34.46,41:Celeste Boudjema:50.01,42:Zoe Huang:33.73,43:Rose Yamamoto:44.16
9383,Caen,Perpignan,31/05/2026,1330,0033,1:Leila Kuznetsov:42.08,2:Driss Williams:33.36,3:Ines Dubois:37.18,4:Katya Ahmed:32.58,5:Chau Zimmermann:52.01,6:Chloe Kuznetsov:35.62,7:Chau Khan:49.56,8:Taylor Zhang:51.07,9:Nala Simon:34.76,10:Karim Zhang:50.42,11:Willow Simon:47.71,12:Samira Sokolov:50.59,13:Madison Santos:55.79,14:Kenji Mohamed:46.25,15:Skylar Almeida:56.74,16:Ulysse Vidal:58.29,17:Valentine Davis:46.35,18:Kenza Pereira:53.72,19:Quentin Rossi:42.15
6692,Saint-Etienne,Bordeaux,13/05/2026,1300,2019,1:Emi Johnson:33.77,2:Ryo Williams:48.91,3:Hugo Leroy:47.04,4:Madison Khan:51.06,5:Manon Dupont:56.47,6:Finn Cherif:51.80,7:Kenza Wang:52.59,8:Camille Alves:37.95,9:Aki Novak:55.52
6842,Reims,Montpellier,15/12/2026,1300,1852,1:Awa Doan:32.17,2:Paul Pereira:31.94,3:Sophie Alves:37.12,4:Lucia Diop:28.11,5:Bjorn Thomas:27.19,6:Driss Greco:29.69,7:Kai Rodrigues:32.11,8:Chau Khan:42.37,9:Sonia Greco:45.12,10:Felix Yamamoto:31.11,11:Jian Zimmermann:41.56,12:Camille Ramirez:33.39,13:Lucia Traore:45.46,14:Paul Pham:29.72,15:Manon Gomes:28.52,16:Minh Smith:44.36,17:Silas Martin:42.42,18:Maria Petrov:43.04,19:Oceane Huang:43.12,20:Aisha Traore:43.32,21:Minh Le:30.97,22:Silas Ziane:42.48,23:Amandine Robert:31.07,24:Kenji Rizzo:39.79,25:Camille Santos:39.14,26:Yumi Sanchez:35.95,27:Hugo Martin:32.36,28:Kwame Vidal:29.71,29:Emma Petrov:30.67,30:Malika Brown:42.16,31:Zachary Popov:39.17,32:Fiona Petrov:46.66,33:Nicolas Clark:40.28,34:Elena Zhang:30.53,35:Camille Diallo:28.83,36:Hugo Thomas:41.87,37:Clement Wilson:42.16,38:Valentine Khelifi:30.90,39:Arthur Khan:36.75
7182,Tours,Strasbourg,15/08/2026,2130,0744,1:Harper Ferrari:41.15,2:Karim Fahmi:46.31,3:Paul Cruz:46.00,4:Sophie Benali:37.75,5:Aicha Kowalski:49.84,6:Sofia Gomez:44.40,7:Ryan Fournier:57.29,8:Sara Khelifi:37.41,9:Kimberly Williams:44.50,10:Skylar Bruno:56.79,11:Youssef Conti:46.57,12:Willow Ramirez:40.91,13:Bjorn Pereira:51.78,14:Karim Zhang:44.25,15:Imani Rizzo:48.19,16:Zoe Chen:54.38,17:Chau Bianchi:41.48,18:Emi Conti:55.35,19:Felix Muller:54.73,20:Chau Lee:54.87,21:Daiki Dubois:40.40,22:Baptiste Roux:54.00,23:Margaux Garnier:43.52,24:Javier Dupont:46.90,25:Farah Nkosi:53.37,26:Louis Fernandez:42.77,27:Fode Tran:47.95,28:Santiago Sousa:40.19,29:Silas Leroy:54.40,30:Jules Cruz:56.05,31:Pablo Wang:54.83,32:Natalia Perez:44.49,33:Chen Diallo:34.32,34:Nala Miller:54.97,35:Gabriel Brown:44.95,36:Quentin Greco:34.47,37:Valentine Ndiaye:56.59,38:Daiki Moussa:38.92,39:Juan Lefevre:32.83,40:Omar Lee:53.89,41:Aisha Park:52.45,42:Awa Laurent:47.82,43:Yumi Zimmermann:43.00,44:Fode Wilson:51.81,45:Silas Martin:35.05,46:Corey Martin:42.78
6359,Dijon,Limoges,03/07/2026,1945,0140,1:Isabella Ziane:37.89,2:Mateo Kuznetsov:28.00,3:Thao Laurent:37.84,4:Pierre Ribeiro:27.75,5:Ulysse Vidal:44.83,6:Felix Garcia:41.35,7:Karim Zhang:35.16,8:Celeste Nkosi:33.19,9:Lucas Simon:29.71,10:Sonia Kovacs:31.85,11:Arthur Robert:36.12,12:Sekou Kim:31.05,13:Arthur Ivanov:36.77,14:Chau Wang:47.28,15:Celeste Park:35.65,16:Sophie Ali:46.93,17:Taro Pham:37.67,18:Lucas Almeida:36.98,19:Zoe Nkosi:47.34,20:Javier Schmidt:45.87,21:Thao Lee:42.37,22:Sora Davis:27.84,23:Jules Cruz:34.15,24:Katya Ahmed:37.03,25:Nala Conti:27.70,26:Tristan Garnier:32.33,27:Samira Wagner:40.74,28:Chloe Kuznetsov:30.87,29:Victor Nkosi:33.54,30:Hassan Diallo:37.55,31:Fiona Doan:44.64
9065,Clermont-Ferrand,Angers,06/06/2026,1915,0136,1:Alessio Haddad:38.57,2:Lucas Diop:52.40,3:Mei Ali:33.87,4:Sora Weber:34.53,5:Clement Moussa:48.23,6:Oceane Kuznetsov:35.93,7:Chau Lee:49.00,8:Miguel Pereira:50.20,9:Louis Ouattara:42.83,10:Tristan Moreau:49.14,11:Ines Dubois:38.47,12:Margaux Muller:38.13,13:Romain Haddad:39.07,14:Amandine Moore:31.76,15:Brenda Ouattara:42.42,16:Lea Weber:49.05,17:Zola Cherif:47.31,18:Sara Kuznetsov:48.76,19:Emi Rizzo:54.15,20:Jackson Ferrari:41.23,21:Farah Gallo:48.86,22:Natalia Martinez:44.93,23:Kai Bianchi:47.85,24:Leila Vidal:49.61,25:Aisha Bruno:44.10,26:Sonia Greco:53.42,27:Madison Gomes:51.85,28:Elsa Martin:33.92,29:Arthur Wong:44.54,30:Ethan Liu:44.23,31:Yasmine Kuznetsov:53.06,32:Zola Williams:53.12,33:Liam Santos:46.78,34:Sekou Bianchi:30.70,35:Amine Rossi:50.71,36:Sergei Boudjema:33.76,37:Amine Novak:35.03,38:Arthur Durand:39.51,39:Isabella Clark:48.89,40:Imani Rodriguez:39.38,41:Carmen Miller:32.26,42:Eloise Suzuki:52.27,43:Clement Moore:45.22,44:Erica Morozov:39.47,45:Alessio Ziane:47.06,46:Ricardo Dubois:49.69,47:Sekou Cherif:44.18,48:Lucia Huang:39.51,49:Dmitri Silva:31.56,50:Silas Ziane:37.86,51:Youssef Doan:49.07,52:Sergei Ribeiro:33.59,53:Skylar Nguyen:50.67
3543,Bordeaux,Metz,21/02/2026,2000,0657,1:Erica Yamamoto:49.53,2:Daiki Clark:55.95,3:Fode Dubois:56.17,4:Nicolas Wong:39.37,5:Liam Ribeiro:55.09,6:Theo Le:45.48,7:Hassan Singh:40.13,8:Santiago Abebe:56.13,9:Thao Ahmed:53.75,10:Mei Tanaka:44.28,11:Sofia Diop:39.50,12:Dmitri Russo:52.03,13:Lea Sato:37.10,14:Igor Morozov:43.13,15:Silas Leroy:44.44,16:Katya Ahmed:41.78,17:Minh Smith:55.40,18:Nour Wang:41.26,19:Sofia Esposito:48.59,20:Felix Ivanov:51.47,21:Zane Morozov:55.99,22:Mei Ziane:34.66,23:Olivia Khelifi:38.04,24:Sekou Moreau:35.41,25:Silas Novak:45.44,26:Ulysse Laurent:46.09,27:Kenza Khelifi:33.43,28:Omar Lee:38.18,29:Sara Khan:35.37,30:Hazel Morozov:50.95,31:Sonia Kovacs:53.24,32:Simon Garnier:43.67,33:Orion Davis:57.47,34:Kenza Garnier:52.62,35:Samira Gomes:42.34,36:Alessio Lopez:57.59,37:Finn Kowalski:40.02,38:Sonia Kim:36.75,39:Sonia Ahmed:50.98,40:Karim Ouattara:45.69,41:Lucia Rodriguez:33.29,42:Olivia Weber:50.49,43:Rayan Perez:54.97,44:Amandine Robert:50.25,45:Lucia Esposito:55.33
8984,Saint-Etienne,Lille,01/06/2026,0715,1308,1:Nicolas Doan:41.43,2:Arthur Perez:29.38,3:Karim Sousa:29.18,4:Santiago Sanchez:48.04,5:Li Benali:39.40,6:Arthur Khan:36.44,7:Awa Sokolov:38.69,8:Harper Miller:34.12,9:Samira Bianchi:31.54,10:Lian Pereira:39.17,11:Lian Sokolov:32.03,12:Lucas Suzuki:38.80,13:Romain Lopez:43.97,14:Kenza Davis:49.00,15:Elena Oliveira:38.86,16:Natalia Martinez:46.12,17:Manon Dupont:47.34,18:Elena Lopez:48.24,19:Mehdi Laurent:32.35,20:Lucas Novak:44.55,21:Quentin Fernandez:38.10,22:Felix Ferrari:31.11,23:Silas Tran:30.86,24:Aicha Wong:41.88,25:Gabriel Lee:49.16,26:Silas Torres:40.97,27:Finn Russo:32.32,28:Ethan Ferrari:46.04,29:Arthur Durand:46.21,30:Farah Thomas:45.92,31:Noah Lopez:32.75
2753,Nice,Le Mans,20/12/2026,1700,0432,1:Jules Liu:55.79,2:Natalia Fournier:50.40,3:Mehdi Gomez:39.86,4:Miguel Alves:39.38,5:Silas Brown:51.18,6:Orion Lefevre:46.24,7:Paul Cruz:55.94,8:Liam Vasiliev:45.85,9:Nicolas Vidal:37.35,10:Wei Benali:55.80,11:Oceane Lee:56.50,12:Alessio Wong:56.63,13:Samira Sokolov:45.13,14:Jian Fahmi:41.30,15:Youssef Abebe:38.96,16:Li Le:44.32,17:Romain Gallo:44.16,18:Ethan Dupont:42.95,19:Ryan Cherif:46.85,20:Hugo Miller:53.76,21:Zachary Laurent:49.55,22:Madison Muller:33.27,23:Adrien Martin:55.65,24:Katya Bianchi:55.21,25:Jason Traore:58.01,26:Silas Le:46.99,27:Manon Silva:33.36,28:Sophie Sousa:54.46,29:Liam Ribeiro:50.95,30:Sora Klein:40.29,31:Paul Leroy:43.32
6381,Paris,Caen,11/07/2026,1315,1638,1:Akira Rossi:27.92,2:Jules Fernandez:25.86,3:Oceane Wang:17.97,4:Ryan Ivanov:24.08,5:Katya Wong:18.61,6:Aicha Robert:19.61,7:Akira Petit:20.87,8:Willow Mohamed:18.57,9:Felix Khan:23.00,10:Jules Garcia:19.47,11:Orion Simon:25.58,12:Silas Tran:16.02,13:Harper Sato:28.17,14:Youssef Bianchi:25.17,15:Chloe Lefevre:27.13,16:Zoe Ali:22.32,17:Sonia Michel:20.32,18:Quentin Chen:17.11,19:Nala Mohamed:17.02,20:Jeanne Wang:26.45,21:Juan Petit:24.07,22:Malika Vasiliev:19.63,23:Farah Wilson:19.57,24:Louis Haddad:20.72,25:Paul Pereira:19.77,26:Youssef Almeida:28.39,27:Baptiste Rodriguez:19.97,28:Nicolas Kowalski:26.36,29:Ulysse Nguyen:18.91,30:Adrien Garnier:18.68,31:Fiona Vidal:16.71,32:Skylar Laurent:21.94,33:Awa Cisse:22.62,34:Natalia Nkosi:18.12,35:Lea Suzuki:22.64,36:Ryan Martin:26.19
8452,Montpellier,Saint-Etienne,19/03/2026,1900,0058,1:Amandine Haddad:35.93,2:Lucia Huang:29.89,3:Lian Cruz:39.22,4:Carmen Liu:37.91,5:Fiona Doan:44.66
2055,Paris,Le Mans,13/09/2026,2115,0143,1:Nicolas Vidal:21.38,2:Adrien Santos:26.57,3:Mateo Schulz:29.26,4:Lucas Fernandez:34.09,5:Aicha Vidal:37.53,6:Ryan Sato:37.86,7:Nicolas Ferrari:27.11,8:Quentin Fernandez:37.45,9:Baptiste Rizzo:26.64,10:Natalia Fournier:30.03,11:Olivia Alves:35.51,12:Natalia Lefevre:24.72,13:Hana Garnier:22.39,14:Isabella Dupont:34.98,15:Taro Wilson:25.47,16:Jackson Sanchez:36.72,17:Leila Greco:37.01,18:Manon Clark:32.76,19:Natalia Faure:25.70,20:Silas Hussein:30.33,21:Simon Chen:21.82,22:Mei Nguyen:26.28,23:Chen Roux:30.28,24:Ethan Ferrari:27.64
6902,Tours,Clermont-Ferrand,16/03/2026,1315,1704,1:Pablo Mohamed:19.38,2:Aicha Laurent:25.49,3:Harper Moreau:30.40,4:Sonia Ahmed:31.95,5:Amine Lefevre:30.94,6::,7:Driss Laurent:,8::,9:Elsa Bianchi:33.96,10:Driss Conti:33.90,11:Elena Lopez:25.32,12:Katya Ahmed:25.69,13:Zola Williams:28.50,14:Awa Laurent:31.87,15::,16:Tristan Durand:32.77,17:Lucas Klein:22.31,18:Ulysse Sokolov:25.87,19:Corey Ivanov:26.07,20:Kenza Vidal:34.54,21:Fode Moussa:,22::,23:Dylan Popov:25.17,24:Imani Dupont:30.07,25:Ryan Khelifi:22.17,26:Harper Sato:24.56,27:Kai Roux:26.89,28:Ulysse Vidal:33.29,29:Isabella Mohamed:21.24
2757,Rouen,Nice,01/03/2026,0800,2126,1:Imani Nkosi:38.50,2:Elena Russo:50.21,3:Yara Moore:42.59,4:Dylan Perez:48.18,5:Jian Popov:57.36,6:Jules Fernandez:56.60,7:Aisha Khan:43.25,8:Nicolas Ouattara:34.48,9:Karim Zhang:39.22,10:Dmitri Wagner:47.28,11:Pablo Diop:55.93,12:Aki Faure:45.15,13:Sara Fahmi:45.97,14:Quentin Roux:44.62,15:Lea Wilson:48.89,16:Tristan Chen:41.76,17:Minh Le:42.09,18:Silas Le:34.80,19:Miguel Ndiaye:50.16,20:Juan Greco:34.53,21:Maria Torres:32.89,22:Sofia Lee:51.86,23:Chau Weber:45.10,24:Kai Cisse:52.43,25:Mateo Fernandez:49.35,26:Bjorn Greco:35.31,27:Celeste Benali:52.10,28:Zane Klein:42.38,29:Driss Oliveira:32.51,30:Clement Wilson:51.98,31:Lian Cruz:47.17,32:Quentin Chung:54.83,33:Kenza Martinez:39.46,34:Ricardo Dubois:36.19,35:Nour Cruz:42.90,36:Zachary Thomas:52.08,37:Quentin Chen:42.60,38:Elena Oliveira:52.86
6090,Tours,Metz,30/12/2026,2115,0646,1:Zoe Leroy:39.19,2:Lucia Mohamed:58.13,3:Leila Roux:45.27,4:Finn Cherif:56.84,5:Bjorn Thomas:52.40,6:Ines Hussein:37.08,7:Akira Novak:45.65,8:Alice Park:56.44,9:Amine Durand:52.10,10:Emi Schulz:38.73,11:Baptiste Rodriguez:50.01,12:Hazel Fernandez:33.52,13:Bilal Sokolov:51.70,14:Ulysse Nguyen:50.85,15:Kwame Brown:46.00,16:Madison Torres:45.19,17:Camille Diallo:50.62,18:Sophie Popov:54.58,19:Theo Yamamoto:50.31,20:Nicolas Esposito:35.04,21:Karim Faure:56.29,22:Lea Leroy:44.36,23:Felix Muller:38.50,24:Jian Garcia:32.82,25:Jackson Kim:53.17,26:Hazel Hussein:52.51,27:Farah Wilson:51.17,28:Camille Moreau:41.68,29:Aisha Traore:35.63
7302,Montpellier,Tours,26/02/2026,1415,2158,1:Celeste Park:48.39,2:Sekou Kim:42.19,3:Ulysse Petrov:52.59,4:Chau Almeida:48.36,5:Hana Klein:37.91,6:Paul Durand:37.73,7:Ryo Hussein:46.60,8:Natalia Sylla:41.77,9:Theo Silva:43.40,10::,11:Bjorn Pereira:47.29,12:Yasmine Esposito:45.23,13:Jeanne Petrov:51.29,14:Malika Suzuki:49.28,15:Nala Dupont:50.42,16:Erica Sanchez:44.77,17:Kwame Brown:38.18,18:Elena Diallo:33.85,19:Zane Michel:42.39,20:Lian Cruz:33.42,21:Omar Liu:57.63,22:Nala Sanchez:50.29,23:Zola Smith:33.14,24:Taylor Silva:37.90,25:Zola Chung:51.24,26:Kai Michel:53.58,27:Zola Martin:41.29,28::,29:Quentin Chung:50.76,30:Pablo Ziane:36.82
1214,Metz,Caen,02/06/2026,2130,0625,1:Skylar Richard:54.09,2:Youssef Ziane:56.09,3:Jian Singh:37.90,4:Carmen Fernandez:35.93,5:Chen Wong:48.03,6:Aki Muller:50.72,7:Theo Le:49.42,8:Ricardo Liu:44.23,9:Elsa Suzuki:45.09,10:Dmitri Ferrari:42.59,11:Gabriel Garnier:57.59,12:Yara Kovacs:56.29,13:Celeste Lee:50.79,14:Arthur Cisse:42.32,15:Eloise Oliveira:33.53,16:Sara Martinez:55.16,17:Daiki Bianchi:56.62,18:Emma Martin:43.98,19:Skylar Ribeiro:48.03,20:Erica Ribeiro:42.09,21:Ines Rodrigues:33.19,22:Hana Garnier:33.55,23:Erica Sanchez:47.36,24:Zoe Ali:38.25,25:Mei Ali:55.84,26:Lea Bianchi:35.78,27:Li Le:36.59
1758,Angers,Paris,08/09/2026,1315,1844,1:Akira Wang:39.53,2:Tristan Tran:40.24,3:Imani Nkosi:42.73,4:Celeste Nkosi:45.44,5:Amine Weber:31.59,6:Akira Gomes:45.79,7:Margaux Weber:44.75,8:Chau Almeida:39.89,9:Aicha Michel:38.64,10:Austin Gomes:38.01,11:Clement Esposito:39.17,12:Natalia Nkosi:28.05,13:Jason Ndiaye:27.08,14:Fode Khelifi:42.15,15:Taro Doan:34.14,16:Emma Taylor:28.25,17:Amandine Ribeiro:37.43,18:Sonia Kovacs:44.42,19:Gabriel Sanchez:39.47,20:Brenda Dubois:40.62,21:Samira Morozov:39.60,22:Jules Fernandez:27.43,23:Hassan Klein:37.82,24:Alessio Moreau:33.45,25:Paul Durand:32.54,26:Zane Durand:41.43,27:Alessio Lopez:33.19,28:Rose Mohamed:39.58,29:Ryan Sanchez:39.23,30:Lucia Kovacs:29.42,31:Clement Lee:48.11,32:Santiago Robert:31.76,33:Noah Gallo:47.11,34:Olivia Khelifi:32.51,35:Austin Moore:46.55,36:David Simon:35.95,37:Mehdi Rodriguez:37.70,38:Manon Bianchi:47.77,39:Camille Morozov:29.83,40:Felix Khan:29.48,41:Carmen Perez:28.99,42:Fode Almeida:29.52,43:Sofia Kovacs:38.37,44:Sophie Sousa:45.33,45:Kimberly Huang:36.88,46:Hassan Pham:31.31
1033,Rennes,Tours,16/02/2026,1430,1746,1:Yara Doan:18.67,2:Nala Conti:,3:Imani Chung:26.60,4:Clement Zimmermann:18.30,5:Ines Rodrigues:23.59,6:Sekou Santos:21.29,7:Rayan Perez:,8:David Clark:18.16,9:Lucia Ramirez:26.04,10:Taylor Conti:20.18,11::,12:Jackson Wang:21.61,13:Elena Russo:23.44,14:Felix Ali:17.95,15:Zoe Bruno:19.66,16:Ethan Bianchi:,17:Camille Morozov:23.55,18:Lian Garnier:26.70,19:Nour Brown:15.94,20:Emi Lee:23.02,21:Ryan Khelifi:,22:Nour Tran:22.85,23:Alice Martin:18.82,24:Santiago Zimmermann:19.78,25:Hugo Diallo:20.51,26:Carmen Bruno:19.58,27:Sofia Suzuki:16.61,28::,29:Li Dubois:21.56,30:Amine Rossi:17.65
8383,Lille,Metz,04/08/2026,1100,2009,1:Pierre Liu:34.19,2:Miguel Ndiaye:51.54,3:Rayan Rodrigues:35.53,4:Hazel Brown:46.83,5:Jules Torres:43.04,6:Fode Perez:33.51,7:David Esposito:34.83,8:Aisha Park:54.04,9:Li Gomes:44.75,10:Felix Khan:55.12,11:Sekou Ziane:44.15,12:Karim Novak:41.00,13:Aicha Rizzo:43.55,14:Theo Kim:42.61,15:Pablo Robert:50.62,16:Kimberly Williams:44.04,17:Ulysse Laurent:35.12,18:Liam Alves:46.13,19:Nicolas Kowalski:45.81,20:Youssef Doan:54.93,21:Louis Fernandez:38.84,22:Liam Pereira:53.35,23:Sofia Davis:57.42,24:Sophie Cherif:36.45,25:Hugo Thomas:37.78,26:Sonia Tran:37.75,27:David Gomez:53.17,28:Nicolas Greco:45.06
3552,La Rochelle,Tours,25/12/2026,0830,1407,1:Leila Vidal:42.55,2:Fode Yamamoto:27.70,3:Isabella Lefevre:35.07,4:Zoe Huang:42.84,5:Youssef Chung:31.69,6:Bilal Cruz:41.39,7:Driss Williams:28.78,8:Rose Thomas:41.34,9:Sekou Moreau:25.54,10:Santiago Khan:28.22,11:Austin Nkosi:31.57,12:Brenda Ouattara:42.41,13:Manon Gomez:33.99,14:Brenda Simon:35.10,15:Dylan Ouattara:25.51,16:Jian Torres:41.23,17:Chau Huang:42.95,18:Tristan Haddad:33.13,19:Isabella Popov:32.30,20:Noah Diop:39.45,21:Emi Wagner:33.58,22:Fiona Doan:40.09
2396,Angers,Caen,12/09/2026,1930,2330,1:Katya Ahmed:32.83,2:Imani Ahmed:27.36,3:Javier Novak:28.84,4:Simon Le:27.05,5:Dylan Petrov:22.99,6:Alessio Alves:29.85,7:Oceane Ouattara:27.80,8:Amine Lefevre:26.43,9:Nicolas Ouattara:26.65,10:Daiki Clark:24.64,11:Yara Laurent:20.64,12:Mateo Wang:30.62,13:Carmen Bruno:32.08,14:Gabriel Lee:24.03,15:Clement Fournier:27.31,16:Jian Clark:24.00,17:Rose Rodriguez:19.97,18:Emma Dupont:23.56,19:Lucia Huang:19.90,20:Manon Rizzo:26.82,21:Akira Zimmermann:22.58,22:Eloise Suzuki:28.65,23:Adrien Moore:30.42,24:Fode Conti:20.07,25:Jian Garcia:23.69,26:Akira Ferrari:20.66,27:Hazel Hussein:32.72,28:Sekou Fournier:24.98,29:Rose Martin:33.20,30:Lian Pereira:33.17,31:Zachary Chung:21.15,32:Awa Sokolov:22.36,33:Sophie Vo:29.55,34:David Cherif:31.79
3466,Rennes,Lyon,25/06/2026,2200,0602,1:Eloise Oliveira:37.30,2:Zoe Tanaka:36.76,3:Simon Nkosi:34.21,4:Youssef Chung:55.54,5:Samira Wong:45.16,6:Gabriel Yamamoto:48.75,7:Sofia Klein:39.17,8:Lucas Clark:48.66,9:Ethan Cisse:41.26
2160,Lyon,Limoges,13/08/2026,1945,0058,1:Austin Moore:30.32,2:Erica Singh:40.24,3:Nicolas Miller:24.12,4:Olivia Khelifi:29.85,5:Malika Kowalski:33.93,6:Daiki Kim:31.71,7:Gabriel Schmidt:37.12,8::,9:Kenza Taylor:23.40,10:Bjorn Moore:27.54,11:Zoe Tanaka:33.62,12:Baptiste Thomas:36.87,13:Rose Thomas:30.78,14:Li Dubois:32.66,15:Sofia Esposito:39.19,16:Clement Sato:,17::,18:Kofi Muller:34.54,19:Felix Wagner:,20:Harper Dupont:25.97,21:Sekou Fournier:37.00,22:Mateo Fernandez:25.82,23:Dmitri Le:25.55,24::
8902,Tours,Rennes,10/12/2026,1930,2343,1:Louis Haddad:26.48,2:Karim Sanchez:21.61,3:Imani Ahmed:18.82,4:Madison Diop:24.40,5:Skylar Gallo:25.72,6:Jackson Silva:29.56,7:Arthur Garnier:24.52,8:Yumi Chen:20.78,9:Quentin Petrov:28.25,10:Jian Lopez:18.45,11:Zane Fernandez:22.01,12:Alessio Schmidt:20.31,13:Javier Haddad:30.27,14:Adrien Santos:28.92,15:Yara Rodrigues:24.05,16:Erica Tanaka:21.90,17:Corey Martin:28.57,18:Olivia Thomas:26.14,19:Victor Khelifi:27.97,20:Zoe Ali:22.01,21:Elsa Singh:25.52,22:Dmitri Wagner:29.37,23:David Bruno:24.29,24:Alessio Moreau:25.48,25:Kai Martinez:19.23,26:Zoe Vidal:18.59,27:Clement Fournier:26.38,28:Celeste Bianchi:18.41,29:Jian Esposito:23.48,30:Harper Sato:29.09,31:Dmitri Russo:25.67,32:Valentine Davis:27.55,33:Silas Sylla:25.09,34:Sara Greco:24.75,35:Olivia Wong:20.59,36:Olivia Sousa:19.06,37:Fiona Cruz:26.14,38:Zachary Chung:28.27,39:Noah Brown:25.95,40:Manon Lefevre:20.87,41:Amandine Cisse:17.57,42:Eloise Oliveira:29.42,43:Javier Richard:25.39,44:Kimberly Mohamed:23.74,45:Clement Sato:23.29,46:Sekou Yamamoto:17.21,47:Lea Conti:21.16,48:Felix Garcia:21.79,49:Sora Davis:24.49
1264,Brest,Toulouse,09/09/2026,1830,0439,1:Youssef Abebe:47.84,2:Sekou Greco:50.76,3:Li Kowalski:47.63,4:Leila Vidal:34.67,5:Jackson Diop:53.65,6:Javier Sato:47.31,7:Isabella Le:38.84,8:Paul Moreau:50.14,9:Oceane Huang:45.97,10:Carmen Fernandez:44.96,11:Gabriel Garnier:34.02,12:Igor Cisse:56.95,13:Maria Traore:37.13,14:Simon Ahmed:55.11,15:Erica Lopez:47.16,16:Harper Ndiaye:32.64,17:Jian Ali:49.51,18:Theo Tanaka:38.76,19:Ricardo Wagner:33.30,20:Taro Greco:43.68,21:Katya Ahmed:44.31,22:Emma Dupont:57.14,23:Bjorn Greco:35.07,24:Lian Cruz:49.61,25:Jules Lopez:35.42,26:Sonia Dupont:48.40,27:Akira Zimmermann:48.07,28:Louis Singh:57.77,29:Jackson Ramirez:45.70,30:Victor Nkosi:36.73,31:Simon Wilson:46.33,32:Romain Diallo:42.24,33:Bjorn Lefevre:35.50,34:Baptiste Richard:45.15,35:Lian Oliveira:48.39,36:Sophie Alves:54.46,37:Mei Dupont:42.31,38:Dmitri Wagner:49.81,39:Kai Cisse:39.70,40:Thao Moreau:53.52,41:Hazel Hussein:44.15
2926,Caen,Montpellier,17/09/2026,1615,0104,1:Valentine Ferrari:38.84,2:Taylor Klein:57.13,3:Imani Chen:34.94,4:Kenji Simon:39.35,5:Baptiste Sousa:54.59,6:Kenza Taylor:49.95,7:Corey Taylor:57.26,8:Brenda Robert:57.04,9:Brenda Dubois:46.38,10:Li Gomez:33.59,11:Sofia Davis:44.95,12::,13:Sana Martin:43.66,14:Youssef Ziane:52.23,15:Rose Sato:51.82,16:Zola Garcia:58.35,17:Hazel Tran:40.37,18:Minh Novak:48.83,19:Jason Khelifi:58.10,20:Aicha Ziane:57.87,21:Mehdi Wilson:51.07,22:Wei Chung:32.78,23:Liam Ribeiro:35.88,24:Felix Zimmermann:39.48,25:Nala Simon:33.16,26:Hazel Lefevre:39.42,27:Nicolas Greco:53.64,28:Carmen Wagner:42.43,29:Aicha Vidal:39.82,30:Santiago Robert:34.32,31:Natalia Lefevre:39.16,32:Chau Ivanov:36.27,33:Wei Lee:44.09,34:Mateo Wang:58.26,35::,36:Dmitri Klein:32.81,37:Alessio Wong:52.04,38:Adrien Kuznetsov:51.60,39:Javier Dupont:41.55,40:Lucia Ramirez:,41:Sophie Popov:54.72,42:Liam Alves:57.53,43:Brenda Popov:34.24,44:Jason Cruz:38.83,45:Driss Dupont:49.15,46:Isabella Ziane:42.59,47:Dylan Popov:39.70,48::,49::,50:Igor Morozov:51.45,51:Hazel Brown:35.27,52:Lucia Ziane:35.62,53::,54:Baptiste Kuznetsov:39.18
6561,Nice,Rouen,22/10/2026,1915,0823,1:Oceane Boudjema:35.53,2:Zane Suzuki:48.70,3:Chau Ali:37.64,4:Skylar Rossi:34.66,5:Mei Nkosi:39.73,6:Jackson Sanchez:33.34,7:Lian Cruz:41.00,8:Sonia Kim:51.90,9:Minh Sato:36.93,10:Taylor Cruz:39.29,11:Silas Ziane:47.22,12:Natalia Moore:54.40,13:Romain Schulz:55.35,14:Austin Haddad:32.71,15:Madison Muller:39.71,16:Hazel Hussein:51.61,17:Zola Diop:51.00,18:Awa Schmidt:40.14,19:Omar Lee:53.47,20:Farah Thomas:37.14
8952,Montpellier,Strasbourg,02/06/2026,1400,2156,1:Emma Dupont:49.54,2:Elena Boudjema:49.95,3:Miguel Boudjema:54.70,4:Lucia Esposito:38.21,5:Kenza Traore:35.93,6:Kenza Taylor:42.08,7:Pablo Davis:47.21,8:Orion Pereira:49.21,9:Sophie Benali:35.56,10:Chau Wang:32.92,11:Tristan Santos:53.20,12:Paul Pham:39.01,13:Ulysse Morozov:33.31,14:Pierre Ribeiro:34.29,15:Zoe Rodrigues:54.98,16:Kenji Cherif:51.07,17:Rose Martin:49.29,18:Willow Rossi:39.94,19:Farah Wilson:50.56,20:Alessio Lopez:40.64,21:Santiago Sanchez:41.65,22:Bilal Wilson:42.40,23:Akira Abebe:35.93,24:Sana Vo:57.57,25:Jason Greco:52.81,26:Ethan Smith:38.54,27:Nicolas Ali:50.35,28:Nour Morozov:44.90,29:Finn Kowalski:35.37,30:Mei Sanchez:38.67,31:Ryan Khelifi:37.30,32:Eloise Khan:42.35
1739,Montpellier,La Rochelle,02/08/2026,1315,2033,1:Kofi Williams:55.01,2:Kofi Suzuki:46.19,3:Carmen Petrov:42.09,4:Manon Gomez:46.29,5:Austin Liu:37.76,6:Jason Traore:35.75,7:Lea Michel:46.02,8:Zola Williams:41.13,9:Sofia Diop:42.69,10:Maria Garnier:39.53,11:Jeanne Haddad:47.95,12:Willow Vo:54.72,13:Kenji Rizzo:34.09,14:Fode Ferrari:41.84,15:Madison Sylla:41.65,16:Ryan Martin:44.34,17:Zola Garcia:36.61,18:Pablo Pereira:40.62,19:Hassan Gomez:56.02,20:Yara Wong:51.27,21:Natalia Weber:35.55,22:Farah Diallo:43.38,23:Corey Gallo:44.37,24:Paul Muller:33.77,25:Jeanne Smith:37.19,26:Pablo Ziane:37.63,27:Taro Wilson:47.71,28:Pablo Martinez:41.65,29:Daiki Wang:47.63
1274,Metz,Le Mans,08/02/2026,1015,2025,1:Karim Sanchez:44.31,2:Ulysse Kovacs:49.15,3:Bjorn Thomas:43.49,4:Zoe Vidal:45.92,5:Paul Kowalski:36.94,6:Tristan Wang:38.25
6855,Angers,Reims,23/11/2026,1945,0448,1:Samira Russo:52.88,2:Sergei Rossi:54.69,3:Sofia Ramirez:38.10,4:Carmen Cisse:49.31,5:Emi Robert:42.46,6:Nala Garnier:34.23,7:Hazel Fernandez:49.16,8:Sana Zhang:53.11,9:Zoe Ali:53.77,10:Camille Alves:40.05,11:Ryan Conti:44.46,12:Finn Johnson:38.46,13:Harper Fahmi:49.25,14:Mehdi Laurent:48.33,15:Natalia Durand:42.43,16:Akira Fournier:43.43,17:Silas Moussa:37.58,18:Sergei Traore:48.24,19:Valentine Ferrari:52.22,20:Zola Greco:42.98,21:Wei Ribeiro:39.10,22:Aicha Michel:41.88,23:Sophie Gomez:56.08,24:Imani Dupont:52.43,25:Skylar Gallo:57.39,26:Camille Santos:34.11,27:Erica Yamamoto:38.13,28:Jules Torres:32.86,29:Igor Moussa:45.76,30:Kai Roux:36.59,31:Taro Ziane:36.45,32:Nicolas Bernard:39.62,33:Quentin Leroy:46.45,34:Sergei Sokolov:46.93,35:Ethan Zhang:48.11,36:Isabella Nkosi:50.52,37:Manon Gomez:45.81,38:Baptiste Sousa:58.10,39:Mehdi Bernard:47.41,40:Ulysse Park:45.24,41:Emma Almeida:44.83,42:Clement Moore:47.57,43:Zoe Dubois:53.36
4034,Lille,Brest,20/04/2026,0845,1823,1:Daiki Sousa:55.47,2:Oceane Huang:49.13,3:Celeste Boudjema:32.75,4:Natalia Moore:34.62,5:Igor Morozov:53.85
1857,Tours,Angers,10/05/2026,1300,1615,1:Simon Garnier:28.08,2:Lea Sokolov:19.41,3:Willow Popov:22.96,4:Emi Pham:27.62,5:Mei Sanchez:19.52,6:Theo Bruno:24.28,7:Austin Nkosi:20.90,8:Kenji Russo:25.54,9:Adrien Santos:16.50,10:Sergei Vasiliev:27.47,11:Felix Esposito:22.39,12:Katya Yamamoto:20.42,13:Lea Brown:27.13,14:Thao Michel:20.88,15:Celeste Bianchi:16.51,16:Daiki Garcia:25.93,17:Valentine Ferrari:16.29,18:Clement Cherif:16.24,19:Harper Ramirez:16.98,20:Valentine Oliveira:20.17,21:Pierre Diallo:19.60,22:Silas Ziane:20.28,23:Mateo Oliveira:18.37,24:Sekou Ahmed:24.92
9329,Lille,Caen,29/04/2026,1315,1709,1:Theo Le:28.60,2:Youssef Ziane:31.77,3:Eloise Khan:31.06,4:Simon Ahmed:28.17,5:Liam Yamamoto:31.59,6:Adrien Kuznetsov:28.32,7:Dmitri Silva:26.06,8:Lucia Diop:32.28,9:Corey Ivanov:32.88,10:Noah Conti:19.44,11:Orion Pereira:28.01,12:Zola Cherif:20.61,13:Nour Wang:22.71,14:Ryan Vidal:20.85,15:Olivia Kim:29.83,16:Yara Brown:,17:Celeste Lee:24.93,18:Valentine Huang:,19:Zoe Novak:,20:Erica Vo:21.10,21:Willow Tanaka:31.91,22:Gabriel Yamamoto:31.21,23:Amandine Ali:20.29,24:Amandine Ziane:25.77,25:Zola Schmidt:27.90,26:Sana Sousa:28.51,27:Maria Durand:21.99,28:Wei Lee:28.00,29:Romain Haddad:28.95,30:Mateo Laurent:19.57
7726,Strasbourg,Marseille,20/10/2026,1745,2333,1:Romain Wong:49.42,2:Nour Morozov:49.59,3:Hazel Ribeiro:43.50,4:Sofia Davis:37.04,5:Simon Chen:48.12,6:Elsa Ali:50.06,7:Aki Ivanov:45.69,8:Jason Yamamoto:45.34,9:Sana Smith:50.55,10:Emma Taylor:50.94,11:Ulysse Dupont:44.05,12:Taylor Wilson:33.46,13:Lucia Klein:50.98,14:Emma Pham:29.05,15:Bjorn Thomas:29.22,16:Gabriel Miller:30.56,17:Zane Fernandez:40.32,18:Olivia Ribeiro:46.26,19:Lea Michel:49.88,20:Zachary Popov:42.00,21:Alice Dupont:37.11,22:Maria Garnier:40.95,23:Alessio Boudjema:48.63,24:Skylar Bruno:32.04,25:Kenji Simon:51.24,26:Rayan Torres:29.79
9948,Bordeaux,Lyon,30/10/2026,0600,1354,1:Lucia Weber:39.12,2:Zola Williams:40.65,3:Li Wilson:38.09,4:Aicha Santos:50.96,5:Emma Sokolov:48.91,6:Celeste Boudjema:35.43,7:Rayan Moreau:41.52,8:Imani Petrov:41.57,9:Mateo Schulz:34.21,10:Wei Ribeiro:34.74,11:Kwame Weber:33.73,12:Kenza Perez:56.78,13:Liam Pham:46.75,14:Zola Clark:50.98,15:Skylar Davis:52.95,16:Ines Schmidt:46.40,17:Sana Zhang:33.39,18:Leila Taylor:51.01,19:Karim Zhang:41.54,20:Jackson Ramirez:50.29,21:Bjorn Tran:44.13,22:Ricardo Cruz:55.05,23:Zoe Vidal:46.40,24:Lea Sokolov:53.99,25:Carmen Fernandez:53.64,26:Omar Singh:42.68,27:Lucia Huang:39.58,28:Hazel Brown:44.55,29:Isabella Clark:54.63,30:Imani Fournier:51.82,31:Sekou Yamamoto:37.04,32:Liam Nkosi:45.05,33:Mehdi Schmidt:50.88,34:Baptiste Pham:56.39,35:Samira Ramirez:43.34,36:Fiona Doan:46.54,37:Aicha Muller:57.15,38:Taro Wilson:46.36
5448,Dijon,Le Mans,06/04/2026,0700,1327,1:Theo Taylor:,2:Harper Martin:33.22,3:Lea Leroy:32.97,4:Elena Sousa:32.16,5:Zola Smith:27.71,6:Manon Rizzo:,7:David Cherif:35.81,8:Tristan Chung:45.76,9:Romain Santos:38.61,10:Leila Rizzo:36.23,11:Jeanne Smith:41.24,12:Farah Nkosi:41.65
9398,Brest,Tours,04/04/2026,1000,1612,1:Tristan Haddad:45.16,2:Gabriel Fahmi:44.09,3:Ethan Durand:33.10,4:Ryan Moreau:40.69,5:Leila Vidal:36.83,6:Liam Pereira:38.52,7:Baptiste Ribeiro:37.79,8:Manon Dubois:34.35,9:Youssef Abebe:37.40,10:Margaux Durand:46.59,11:Karim Sanchez:41.78,12:Kenza Martinez:40.18,13:Katya Ahmed:27.80,14:Imani Bernard:28.41,15:Farah Rizzo:40.58,16:Santiago Robert:44.76,17:Theo Taylor:33.38,18:Samira Wagner:43.39,19:Chau Lee:43.48,20:Sana Vo:38.01,21:Felix Khan:46.82,22:Liam Yamamoto:35.22,23:Mehdi Laurent:27.20,24:Youssef Conti:30.58,25:Kenji Leroy:45.32,26:Victor Mohamed:45.49,27:Jules Miller:33.46,28:Willow Vo:40.41
2295,Strasbourg,Perpignan,14/05/2026,1730,0309,1:Elsa Martin:53.11,2:Eloise Wilson:33.99,3:Valentine Sato:32.86,4:Minh Chen:54.61,5:Oceane Bruno:57.74,6:Chau Bianchi:37.49,7:Jules Santos:36.23,8:Pablo Pereira:38.82,9:Maria Smith:45.47,10:Emma Brown:40.31,11:Corey Weber:32.60,12:Finn Cherif:57.69,13:Arthur Cisse:49.94,14:Lea Sokolov:50.83,15:Gabriel Park:43.20,16:Daiki Singh:33.66,17:Alessio Lopez:49.92,18:Eloise Sanchez:47.29,19:Tristan Moreau:40.86,20:Natalia Wong:52.82,21:Jason Greco:54.15,22:Adrien Moore:32.97,23:Felix Yamamoto:34.67,24:Samira Ramirez:55.40,25:Gabriel Sanchez:49.18,26:Driss Cruz:51.50,27:Youssef Ramirez:56.62,28:Karim Sanchez:34.12
2214,Toulouse,Brest,29/12/2026,1330,2358,1:Willow Ramirez:55.66,2:Ryo Rizzo:48.74,3:Ryo Perez:48.19,4:Youssef Schmidt:34.75,5:Carmen Sato:52.49,6:Madison Santos:37.48,7:Jules Garcia:36.76,8:Natalia Ali:37.84,9:Aki Ribeiro:40.89,10:Aisha Ali:47.26,11:Youssef Doan:41.63,12:Willow Sokolov:38.58,13:Sofia Ribeiro:53.33,14:Madison Tran:56.36,15:Gabriel Muller:46.13,16:Adrien Martin:46.14,17:Theo Kim:36.34,18:Alessio Boudjema:41.89,19:Imani Laurent:38.68,20:Karim Novak:57.17,21:Mehdi Sato:45.28,22:Sophie Tran:38.36,23:Jeanne Haddad:55.11,24:Yasmine Pereira:52.79,25:Simon Thomas:46.95,26:Imani Dupont:55.23
6232,Caen,Dijon,14/08/2026,0745,1431,1:Ryan Conti:32.72,2:Arthur Wong:36.91,3:Aki Ivanov:45.92,4:Nicolas Clark:40.75,5:Igor Ali:37.26,6:Ryan Fernandez:47.13,7:Jackson Wang:37.55,8:Hazel Brown:33.92,9:Dmitri Lee:46.04,10:Li Gomes:35.44,11:Lea Suzuki:30.39,12:Minh Benali:32.97,13:Nala Mohamed:31.12,14:Nicolas Ferrari:49.01,15:Baptiste Sanchez:51.63,16:Pierre Doan:39.74,17:Oceane Kuznetsov:51.96,18:Akira Ferrari:33.46,19:Willow Smith:44.10,20:Hana Pereira:47.42,21:Maria Rodriguez:50.31,22:Orion Pereira:34.51,23:Jeanne Wagner:48.38,24:Natalia Zhang:47.59,25:Zane Suzuki:50.91,26:Samira Lefevre:48.92,27:Bjorn Johnson:32.17,28:Brenda Ouattara:36.29,29:Minh Rossi:30.79,30:Silas Davis:41.99,31:Daiki Kim:51.94,32:Isabella Lopez:31.73
6613,Tours,Clermont-Ferrand,25/10/2026,1530,1942,1:Samira Ramirez:24.50,2:Zane Almeida:27.40,3:Aki Torres:26.46,4:Willow Simon:28.01,5:Ryo Klein:21.43,6:Imani Diallo:30.30,7:Taylor Durand:27.49,8:Youssef Doan:26.53,9:Tristan Chung:21.61,10:Quentin Gomez:27.45
2721,Perpignan,Tours,15/12/2026,1000,1843,1:Nour Wang:38.93,2:Fode Diallo:53.40,3:Skylar Petit:38.79,4:Sofia Zhang:47.98,5:Jian Pham:38.18,6:Sergei Ribeiro:41.26,7:Sana Sousa:34.91,8:Valentine Durand:35.32,9:Ethan Dupont:55.30,10:Mehdi Zhang:42.79,11:Lea Bianchi:45.07,12:Isabella Novak:47.28,13:Hazel Traore:44.28,14:Quentin Rossi:55.91,15:Jason Traore:55.66,16:Jeanne Schmidt:52.69,17:Ryo Doan:42.31,18:Erica Vo:49.79,19:Amandine Wilson:57.82,20:Daiki Wang:51.27,21:Zane Abebe:46.08,22:Igor Moussa:48.51,23:Zola Garcia:55.57,24:Jackson Wang:57.96,25:Silas Dubois:46.01,26:Hana Silva:49.85,27:Silas Clark:55.83,28:Clement Fernandez:34.10,29:Simon Chen:56.08,30:Ines Laurent:54.35,31:Quentin Fernandez:53.64,32:Malika Taylor:42.92,33:Camille Pereira:53.29,34:Arthur Gomes:50.10,35:Lucia Kovacs:56.20,36:Harper Moreau:57.43,37:Zola Cherif:38.81,38:Omar Lee:40.94,39:Emma Pham:41.78,40:Nala Sanchez:45.09
4754,Limoges,Bordeaux,22/05/2026,1345,1850,1:Louis Singh:,2:Skylar Laurent:36.38,3:Erica Mohamed:26.58,4:Celeste Ramirez:32.47,5:Corey Nguyen:26.64,6:Ricardo Vidal:42.93,7::,8:Li Le:,9:Oceane Bruno:28.79,10::,11:Yara Wilson:25.25,12:Jules Martin:37.57,13:Victor Huang:28.64,14:Mehdi Schmidt:37.52,15:Hugo Greco:28.84,16:Hugo Novak:40.58,17:Natalia Durand:38.56,18:Gabriel Cherif:36.78,19:Hugo Nkosi:34.28,20:Lucia Rizzo:35.96,21:Rayan Perez:28.60,22:Alice Dupont:33.21,23:Jeanne Fahmi:42.67,24:Aicha Wang:27.51,25:Natalia Wong:35.56,26:Madison Diop:44.00,27:Ethan Thomas:40.98,28:Hazel Hussein:26.69,29:Ryo Esposito:28.76,30:Sora Esposito:38.23
9360,Metz,Bordeaux,18/08/2026,2100,0811,1:Hana Klein:43.32,2:Thao Tran:54.20,3:Silas Ribeiro:42.58,4:Tristan Popov:52.88,5:Isabella Lefevre:54.50,6:Louis Singh:46.55,7:Mei Garnier:39.32,8:Clement Moussa:43.87,9:Sekou Ziane:37.61,10:Kenza Wang:33.66,11:Jackson Martinez:38.67,12:Kwame Weber:40.59,13:Karim Haddad:40.15,14:Jeanne Fahmi:50.57,15:Celeste Ramirez:48.88,16:Sofia Ramirez:42.62,17:Amandine Fahmi:57.58,18:Finn Vo:33.86,19:Ryo Chen:45.07,20:Mehdi Conti:44.02,21:Harper Wagner:40.71,22:Farah Thomas:45.31,23:Elsa Rodriguez:54.84,24:Finn Russo:49.52,25:Jeanne Haddad:34.84,26:Emi Cisse:51.38,27:Nour Singh:57.66,28:Aisha Traore:48.89,29:Oceane Lee:56.86,30:Nicolas Sanchez:55.22,31:Ryo Boudjema:35.26,32:Fiona Simon:54.72
2264,Paris,Strasbourg,17/05/2026,2230,0932,1:Carmen Cisse:55.03,2:Lea Bianchi:32.95,3:Harper Kuznetsov:37.39,4:Sora Wagner:58.23,5:Pierre Rodriguez:55.37,6:Imani Laurent:37.85,7:Katya Gallo:41.92,8:Ethan Ramirez:40.86,9:Juan Miller:37.51,10:Mehdi Richard:45.91,11:Austin Haddad:45.92,12:Santiago Robert:42.87,13:Awa Doan:51.20,14:Felix Muller:57.98,15:Willow Michel:54.55,16:Mei Ferrari:47.38,17:Aki Muller:52.60,18:Karim Fahmi:48.69,19:Juan Lopez:46.33,20:Aisha Sanchez:32.77,21:Dmitri Ferrari:42.63,22:Sonia Huang:48.95,23:Hana Silva:45.65,24:Yara Clark:38.46,25:Nour Sousa:53.95,26:Alessio Almeida:57.47,27:Madison Khan:56.18,28:Ines Sokolov:37.67,29:Ryan Vidal:35.87,30:Celeste Chung:46.44,31:Youssef Doan:36.80,32:Karim Sanchez:56.31,33:Nour Smith:54.61,34:Driss Williams:40.57,35:Silas Almeida:43.66,36:Driss Oliveira:35.55,37:Alice Tanaka:40.91,38:Nicolas Bernard:45.08,39:Pierre Garnier:53.52,40:Jian Popov:52.35,41:Karim Leroy:35.40,42:Jian Michel:43.14,43:Zoe Fahmi:34.08,44:Mateo Brown:39.45,45:Emma Pham:32.55,46:Orion Tran:35.82,47:Mei Ali:34.35,48:Adrien Conti:38.39,49:Nour Popov:54.62,50:Driss Cruz:56.50,51:Bilal Kovacs:38.44,52:Lucas Suzuki:46.19,53:Nicolas Greco:41.13
9164,Rennes,Paris,04/05/2026,1000,1507,1:Manon Dubois:30.07,2:Daiki Bianchi:39.39,3:Olivia Lefevre:37.90,4:Carmen Wagner:22.83,5:Farah Nkosi:40.64,6:Katya Ahmed:27.49,7:Sekou Fournier:38.25,8:Driss Kuznetsov:28.45,9:Jeanne Schmidt:24.09,10:Kai Cisse:33.68,11:Fode Perez:31.25,12:Arthur Gomes:37.01,13:Emma Nguyen:37.28,14:Manon Wong:28.35,15:Rose Martin:30.88,16:Katya Wong:32.98,17:Hassan Liu:32.18,18:Dmitri Klein:25.71,19:Zola Le:23.04,20:Lian Oliveira:23.78,21:Harper Ramirez:38.03,22:Sofia Klein:23.08,23:Camille Chen:23.00,24:Jian Robert:34.60,25:David Robert:36.80,26:Olivia Thomas:37.04,27:Isabella Lopez:40.22,28:Alice Johnson:34.34,29:Imani Schmidt:33.53,30:Dmitri Wagner:25.10,31:Amandine Perez:31.87,32:Nour Rodrigues:29.48,33:Nicolas Yamamoto:24.06,34:Kofi Novak:31.45,35:Aki Cisse:35.43,36:Chloe Smith:38.97,37:Nour Smith:25.77,38:Liam Pham:36.57,39:Tristan Durand:26.44,40:Ines Dubois:38.98,41:Louis Sanchez:34.89,42:Jeanne Petrov:37.68,43:Juan Roux:26.99
3459,Brest,Nice,26/04/2026,1900,1100,1:Willow Cisse:46.57,2:Maria Garnier:34.08,3:Rose Miller:44.13,4:Ulysse Vo:,5::,6:Valentine Singh:47.93,7:Pablo Mohamed:49.84,8:Paul Pham:43.72,9:Corey Nguyen:56.99,10:Bjorn Sato:51.60,11:Kenza Martinez:56.02,12:Zoe Dubois:,13:Madison Lee:,14:Thao Ndiaye:37.41,15:Dylan Ouattara:43.20,16:Valentine Oliveira:41.88,17:Lucas Novak:45.61,18:Akira Ferrari:39.30,19:Paul Pereira:43.65,20:Farah Rizzo:,21:Yumi Simon:54.04,22:Santiago Sousa:45.98,23:Ines Schulz:41.38,24:Pablo Garcia:47.89,25:Wei Ferrari:45.93,26:Camille Popov:45.08,27:Ulysse Garnier:37.20,28:Sergei Sokolov:41.30,29:Samira Petit:46.84,30:Elena Diop:44.94,31:Erica Abebe:34.44
1084,Tours,La Rochelle,21/08/2026,2015,0015,1:Hazel Schmidt:20.05,2:Amandine Perez:29.04,3:Sergei Ramirez:32.54,4:Miguel Greco:23.10,5:Hana Martinez:22.55,6:Taro Gallo:21.31
3655,Nice,Brest,04/12/2026,1930,1130,1:Leila Hussein:44.88,2:Karim Ouattara:41.47,3:Fode Almeida:36.55,4:Margaux Dupont:41.06,5:Zane Suzuki:55.73,6:Sana Novak:39.44,7:Kofi Martin:50.18,8:Quentin Nkosi:37.58,9:Nour Fernandez:50.63,10:Kwame Smith:50.23,11:Minh Gomes:38.64,12:Sekou Kim:51.45,13:Sekou Hussein:35.82,14:Lucas Almeida:47.38,15:Nala Miller:50.43,16:Louis Singh:34.15,17:Aisha Moussa:50.35,18:Emma Moussa:32.96,19:Ines Hussein:49.40,20:Isabella Ziane:49.91,21:Farah Diallo:36.91,22:Emi Conti:41.76,23:Gabriel Park:49.37,24:Santiago Miller:35.21,25:Akira Wang:51.57,26:Hugo Thomas:46.63,27:Gabriel Miller:46.12,28:Felix Huang:56.55,29:Hana Martinez:37.35,30:Pierre Bruno:45.86
2292,Dijon,Toulouse,17/07/2026,1630,0109,1:Nour Cruz:,2:Rose Thomas:50.66,3::,4:Camille Schmidt:40.83,5:Mei Wagner:,6:Clement Zimmermann:58.25,7:Erica Sanchez:34.86,8:Nour Popov:50.73,9:Minh Schulz:34.34,10:Emi Johnson:32.72,11:Hassan Brown:,12:Jian Popov:57.29,13:Bilal Sokolov:44.30,14:Mehdi Ali:47.42,15:Jeanne Doan:43.23,16:Ryan Moreau:44.40,17:Madison Tran:32.57,18:Hugo Greco:50.33,19:Sana Vo:39.94,20:Elsa Park:39.49,21:Thao Ndiaye:48.20,22:Gabriel Diop:36.96,23:Rayan Chen:40.13,24:Noah Hussein:54.16,25:Elena Richard:53.54,26:Valentine Sato:55.06,27:Camille Wang:48.24
4873,Clermont-Ferrand,Tours,13/02/2026,1430,1817,1:Malika Nguyen:22.86,2:Sekou Cherif:29.20,3:Gabriel Schmidt:18.71,4:Sofia Gomez:27.97,5:Mateo Laurent:18.56,6:Minh Novak:16.95,7:Sekou Moreau:18.81,8:Lucia Kuznetsov:18.25,9:Noah Conti:27.90,10:Kenza Traore:26.72,11:Amandine Fahmi:25.96,12:Simon Brown:19.42,13:Ricardo Cruz:17.04,14:Dmitri Ferrari:22.09,15:Aki Diop:21.93,16:Taylor Gomes:22.48,17:Minh Smith:24.62,18:Camille Wang:28.40,19:Sana Zhang:18.93,20:Alessio Moreau:17.83,21:Nicolas Wong:17.47,22:Elsa Park:17.80,23:Adrien Chung:28.69,24:Pierre Taylor:17.19,25:Skylar Ribeiro:28.02,26:Erica Lopez:19.07,27:Dmitri Klein:20.28,28:Eloise Oliveira:27.51,29:Leila Greco:17.03,30:Igor Cherif:20.22,31:Lucia Rizzo:26.38,32:Sofia Esposito:16.84
7184,Strasbourg,Dijon,25/08/2026,2115,0119,1:Theo Taylor:30.67,2:Rayan Novak:22.27,3:Ryo Rizzo:27.61,4:Olivia Thomas:27.94,5:Paul Kowalski:22.65,6:Samira Wagner:26.57,7:Zane Almeida:22.91,8:Baptiste Roux:18.42,9:Manon Wagner:29.46,10:Adrien Chung:29.74,11:Jason Ramirez:25.72,12:Ethan Ramirez:22.61,13:Lucas Oliveira:26.69,14:Sara Cruz:22.00,15:Taylor Conti:28.71,16:Chau Lee:22.37,17:Felix Garcia:28.77,18:Pierre Diop:24.84,19:Silas Clark:28.23,20:Bilal Gallo:19.20,21:Zoe Fahmi:19.93,22:Amine Gomez:29.19,23:Imani Schmidt:23.67,24:Elsa Kuznetsov:26.29,25:Jules Moore:26.90,26:Jules Fernandez:17.99,27:Minh Chen:28.48,28:Erica Yamamoto:22.45,29:Zachary Cisse:30.02,30:Lea Michel:22.60,31:Willow Mohamed:28.94,32:Imani Laurent:20.42,33:Li Schmidt:28.03,34:Dmitri Klein:26.13,35:Minh Gomes:19.53,36:David Ferrari:25.97,37:Chau Wang:28.91,38:Isabella Lopez:25.86,39:Silas Hussein:19.77,40:Madison Zhang:27.96,41:Jeanne Petit:24.39
4338,La Rochelle,Brest,19/09/2026,0815,1404,1:Harper Ouattara:47.25,2:Youssef Abebe:48.98,3:Taylor Cruz:43.75,4:Zane Durand:49.39,5:Harper Moreau:30.77,6:Zane Lee:35.97,7:Clement Esposito:44.02,8:Ulysse Torres:32.46,9:Harper Cisse:45.35,10:Lucia Traore:33.42,11:Ulysse Kovacs:39.32,12:Yasmine Kuznetsov:33.32,13:Bjorn Esposito:45.77,14:Minh Smith:47.41,15:Fode Park:29.93,16:Alessio Ziane:44.72,17:Sofia Klein:38.84,18:Lucia Ziane:48.36,19:Liam Pereira:32.67,20:Pablo Diop:31.72,21:Bjorn Thomas:35.02,22:Nour Russo:32.84,23:Sofia Ramirez:33.61,24:Chloe Kim:41.75
7456,Toulouse,Reims,14/04/2026,1130,2036,1:Minh Benali:55.47,2:Chau Simon:57.42,3:Nour Smith:41.60,4:Ryo Bruno:38.94,5:Kenji Mohamed:56.35,6:Ethan Durand:43.38,7:Omar Esposito:49.11,8:Jackson Wang:48.91,9:Sonia Ahmed:38.78,10:Elsa Park:46.93,11:Rayan Conti:49.30,12:Gabriel Garnier:49.79
8430,Montpellier,Paris,11/08/2026,1715,0355,1:Ricardo Wagner:49.92,2:Ulysse Park:40.44,3:Victor Nkosi:44.12,4:Miguel Wagner:53.86,5:Jackson Wang:42.26,6:Lucia Rizzo:49.15,7:Daiki Kim:51.80,8:Willow Fernandez:48.39,9:Kofi Roux:47.46,10:Paul Moreau:35.91,11:Tristan Chen:36.74,12:Willow Simon:53.92,13:Sonia Kovacs:51.07,14:Nour Sousa:34.72,15:Arthur Garnier:33.24,16:Zachary Gomes:34.30,17:Yara Hussein:47.92,18:Chau Fournier:51.90,19:Emi Wagner:50.89,20:Eloise Fahmi:39.20,21:Mei Liu:45.89,22:Alice Vidal:33.47,23:Ulysse Vo:58.29,24:Hana Silva:43.57,25:Finn Russo:43.55,26:Sana Martin:47.52,27:Ryan Ziane:40.98,28:Valentine Rodrigues:39.54,29:Rose Schmidt:54.41,30:Mei Diallo:57.43,31:Zane Bernard:47.26,32:Mei Vidal:50.41,33:Austin Pereira:37.21
8784,Perpignan,Nice,05/07/2026,1415,2124,1:Javier Petrov:47.41,2:Lea Sato:57.17,3:Sergei Ribeiro:45.38,4:Mehdi Laurent:53.47,5:Akira Ferrari:57.94,6:Natalia Sylla:57.67,7:Zane Suzuki:45.53,8:Natalia Ali:37.34,9:Quentin Gomez:34.77,10:Alessio Almeida:53.04,11:Sora Klein:50.27,12:Carmen Miller:53.38,13:Orion Laurent:35.00,14:Chau Torres:51.02,15:Oceane Singh:45.96,16:Olivia Kim:36.24,17:Hassan Russo:45.51,18:Elena Richard:54.87,19:Emma Brown:33.18,20:Aicha Muller:33.79,21:Santiago Sousa:45.77,22:Paul Muller:57.47,23:Yara Kovacs:33.81,24:Kenza Bernard:57.67,25:Minh Gomes:49.71,26:Willow Fernandez:35.52,27:Elena Zhang:51.49,28:Juan Greco:43.41,29:Youssef Wagner:50.67,30:Victor Nkosi:36.65
8408,Rennes,Limoges,27/09/2026,1715,2143,1:Fiona Miller:27.53,2:Zachary Wong:27.05,3:Kenza Vidal:23.15,4:Ryo Klein:32.12,5:Jian Torres:27.83,6:David Santos:27.81,7:Bilal Torres:21.14,8:Orion Faure:24.08,9:Quentin Pereira:29.53,10:Pablo Mohamed:28.32,11:Baptiste Kuznetsov:21.41,12:Harper Dupont:32.96,13:Adrien Laurent:26.68,14:Isabella Benali:34.67,15:Alessio Silva:30.78,16:Amandine Haddad:21.12,17:Isabella Ziane:23.87,18:Lucas Clark:27.49,19:Rose Yamamoto:32.31,20:Eloise Wilson:25.68,21:Arthur Ivanov:23.15,22:Awa Sokolov:35.55,23:Brenda Le:30.74,24:Aki Kovacs:27.54,25:Emma Greco:27.98,26:Yasmine Nguyen:33.33,27:Lian Traore:30.85,28:Jules Kim:21.85,29:Tristan Schmidt:30.24,30:Chau Lee:20.82,31:Willow Abebe:30.94,32:Tristan Chen:22.80,33:Sana Novak:25.30,34:Zane Zhang:29.94,35:Madison Thomas:27.73,36:Rayan Moreau:22.62,37:Sekou Yamamoto:32.21,38:Zola Diop:32.05,39:Noah Diop:27.15,40:Ulysse Petrov:35.94,41:Nour Rodrigues:33.79,42:Lucas Greco:31.95,43:Tristan Durand:32.38,44:Pablo Davis:29.74,45:Javier Brown:32.71,46:Oceane Wang:34.11,47:Noah Gallo:33.48,48:Ryo Williams:32.54,49:Pierre Diallo:32.47,50:Hana Bianchi:20.88,51:Kenza Wang:29.57,52:Katya Doan:23.42,53:Sana Lee:20.73,54:Taylor Gomes:29.46
7629,Limoges,Nice,10/11/2026,1030,2056,1:Paul Ahmed:36.48,2:Kenza Weber:40.22,3:Corey Moreau:39.57,4:Jason Ferrari:46.18,5:Yara Clark:51.27,6:Louis Ndiaye:44.13,7:Ethan Dupont:56.19,8:Jules Oliveira:50.40,9:Ricardo Cisse:55.96,10:Aicha Wang:43.84,11:Lucia Rodriguez:38.14,12:Lea Tran:37.12,13:Driss Williams:40.23,14:Karim Weber:58.13,15:Fiona Petit:46.41,16:Mehdi Benali:51.31,17:Sonia Boudjema:46.33,18:Aisha Bruno:48.93,19:Sekou Haddad:45.79,20:Liam Khelifi:32.65,21:Corey Martin:54.27,22:Paul Pereira:47.82,23:Zane Suzuki:53.12,24:Jules Kim:43.28,25:Bjorn Esposito:38.54,26:Alice Dupont:47.92,27:Emi Nkosi:58.18,28:Baptiste Thomas:37.07
5554,Brest,Bordeaux,16/11/2026,1345,1629,1:Katya Khelifi:21.63,2:Emma Almeida:17.72,3:Isabella Clark:15.66,4:Alice Martin:19.72,5:Daiki Dupont:16.42,6:Youssef Bianchi:17.49,7:Hassan Kowalski:14.29,8:Tristan Moreau:20.46,9:Clement Zimmermann:18.32,10:Javier Richard:22.31,11:Chen Robert:19.98,12:Isabella Schmidt:16.82,13:Fode Park:13.18,14:Akira Fournier:21.92,15:Nour Russo:14.61,16:Manon Popov:18.21,17:Hazel Hussein:16.05,18:Pierre Ziane:20.99,19:Ulysse Liu:14.10,20:Lucia Simon:18.00,21:Pablo Ziane:18.46,22:Ryo Chen:22.33,23:Santiago Robert:19.70,24:Isabella Park:17.24,25:Margaux Muller:22.04,26:Isabella Ivanov:12.93,27:Rose Novak:20.78,28:Taro Zimmermann:21.67
6463,Grenoble,Marseille,07/11/2026,1530,2013,1:Rayan Greco:33.00,2:Silas Torres:38.99,3:Driss Perez:31.88,4:Sekou Haddad:29.13,5:Nala Moore:28.73,6:Hazel Morozov:39.67,7:Chau Fournier:35.51,8:Alessio Ali:40.15,9:Emma Nguyen:23.59,10:Yasmine Kuznetsov:28.83,11:Yumi Zimmermann:36.40,12:Aicha Muller:35.28,13:Alessio Moreau:35.45,14:Simon Wilson:29.64,15:Clement Esposito:38.81,16:Pablo Wang:39.05,17:Miguel Dupont:27.71,18:Jackson Silva:24.80,19:Aki Ribeiro:30.57,20:Carmen Petrov:37.81,21:Li Benali:36.19,22:Lucas Greco:31.87,23:Hugo Leroy:31.75,24:Chau Lee:34.58,25:Finn Weber:32.47,26:Hana Wagner:26.86,27:Harper Miller:31.68,28:Aicha Laurent:39.93,29:Hana Miller:39.75,30:Sonia Diallo:26.83,31:David Clark:25.72,32:Kimberly Diop:27.19,33:Manon Yamamoto:38.07,34:Manon Wagner:24.83,35:Arthur Garnier:33.43,36:Nala Simon:23.59,37:Mehdi Conti:33.12
5898,Caen,Reims,12/11/2026,2115,0600,1:Jules Santos:56.39,2:Ryan Conti:34.59,3:Alessio Schmidt:32.81,4:Malika Kowalski:38.91,5:Austin Gomes:57.57,6:Akira Novak:46.58,7:Hazel Morozov:35.75,8:Adrien Garnier:40.46,9:Jeanne Doan:40.82,10:Manon Bianchi:36.95,11:Romain Gallo:56.93,12:Kofi Wilson:48.85,13:Imani Schmidt:33.39,14:Romain Michel:51.18,15:Gabriel Schmidt:56.58,16:Miguel Novak:47.94,17:Willow Smith:56.45,18:Erica Lopez:42.11,19:Lucas Singh:34.12,20:Brenda Mohamed:36.34,21:Orion Tran:33.14,22:Aisha Bruno:54.72,23:Li Kowalski:58.05,24:Fiona Doan:33.62,25:Hugo Ribeiro:43.66,26:Alessio Lopez:37.59,27:Sophie Alves:35.83,28:Zola Garcia:45.99,29:Lucas Fernandez:50.23,30:Jason Wang:50.25,31:Akira Abebe:54.28,32:Rose Ramirez:42.39,33:Mei Ferrari:50.41,34:Karim Faure:51.45,35:Kimberly Diop:54.56,36:Carmen Perez:45.16,37:Karim Sanchez:58.26,38:Fiona Davis:48.05,39:Aki Ivanov:53.07,40:Kai Cisse:35.09,41:Clement Lee:35.79,42:Mateo Oliveira:49.69,43:Minh Fahmi:36.43,44:Driss Conti:44.90,45:Emi Wagner:50.48,46:Erica Cruz:48.92,47:Ulysse Lopez:47.32,48:Isabella Smith:52.85,49:Kwame Khelifi:34.49,50:Sergei Vasiliev:34.85,51:Felix Tanaka:39.40,52:Adrien Chung:49.32,53:Sara Greco:57.51,54:Lea Tran:57.22
5002,Nantes,Le Mans,12/11/2026,0945,1312,1:Mateo Schulz:25.20,2:Rayan Pham:28.11,3:Driss Perez:29.68,4:Youssef Doan:30.42,5:Zoe Diallo:27.03,6:Zola Le:22.71,7:Mehdi Laurent:24.99,8:Hana Wagner:27.49
2823,Clermont-Ferrand,Dijon,29/06/2026,1315,1732,1:Isabella Novak:33.60,2:Sara Khelifi:21.49,3::,4:Louis Ouattara:24.89,5:Gabriel Cisse:26.26,6:Hazel Ribeiro:28.49,7:Sara Cruz:34.94,8:Paul Durand:26.65,9:Sophie Gomez:29.67,10:Yara Miller:23.54,11:Sophie Vo:33.87,12::,13:Hazel Fournier:24.72,14:Sofia Klein:28.34,15:Akira Petit:23.63,16:Sergei Ramirez:25.40,17:Ryo Boudjema:35.66,18::,19:Minh Rossi:34.19,20:Lian Sokolov:22.86,21:Igor Cherif:33.96,22:Carmen Miller:30.02,23:Kenza Ferrari:34.87,24:Zane Wilson:30.46,25:Amine Cherif:32.03,26:Kofi Pereira:30.98
5343,Nice,Angers,08/06/2026,2030,0855,1:Hazel Singh:37.82,2:Sekou Hussein:36.62,3:Lucas Cherif:35.79,4:Felix Ali:51.85,5:Malika Nguyen:32.79,6:Manon Clark:52.46,7::,8:Imani Zhang:,9:Chau Ouattara:35.99,10:Aicha Wong:34.69,11:Kwame Conti:34.21,12:Lea Conti:46.45,13:Jules Torres:42.29,14:Baptiste Richard:35.26,15:Javier Richard:36.56,16:Pierre Almeida:37.20,17:Bilal Gallo:,18:Valentine Bianchi:38.24,19:Sana Durand:51.91,20:Sophie Popov:44.46,21:Isabella Schmidt:45.76,22:Zane Klein:43.13,23:Skylar Laurent:52.43,24:Ines Hussein:48.26,25::,26:Mehdi Ali:38.81
4683,Tours,Dijon,22/05/2026,1530,2141,1:Austin Greco:,2:Hassan Russo:31.16,3:Alessio Ferrari:47.79,4:Jian Ali:49.53,5:Kimberly Schmidt:41.22,6:Arthur Chung:43.89,7::,8:Leila Kuznetsov:48.43,9:Dylan Popov:44.23,10:Driss Bernard:32.26,11:Lian Le:,12::,13::,14:Amandine Conti:37.37,15:Aicha Laurent:35.93,16:Harper Ziane:36.67,17:Simon Ndiaye:38.49,18:Juan Roux:35.00,19:Chau Wang:47.84,20:Malika Taylor:34.71,21:Margaux Fournier:49.84,22:Gabriel Miller:43.86,23:Ryan Benali:33.17,24:Skylar Davis:47.87,25:Ethan Ferrari:43.21,26:Gabriel Cisse:30.74,27:Margaux Diallo:37.13,28:Baptiste Sousa:47.91,29:Chloe Ferrari:38.67,30:Amandine Johnson:45.26,31:Erica Tanaka:30.55,32:Skylar Chung:35.38,33:Willow Cruz:
9979,Nantes,Dijon,09/03/2026,0930,1749,1:Pablo Petrov:34.23,2:Victor Zimmermann:45.25,3:Harper Nkosi:51.53,4:Zola Torres:54.38,5:Chloe Weber:43.82,6:Mei Tanaka:43.56,7:Javier Leroy:32.77,8:Orion Russo:53.51,9:Quentin Roux:52.17,10:Brenda Popov:39.91,11:Juan Roux:57.87,12:Sergei Dubois:40.15,13:Gabriel Lee:58.17,14:Amandine Perez:50.15,15:Elena Oliveira:41.79,16:Rose Moussa:45.16,17:Sophie Taylor:55.26,18:Noah Conti:43.87,19:Katya Schulz:35.22,20:Baptiste Sanchez:47.74,21:Fiona Petrov:47.30,22:Igor Muller:35.42,23:Zola Cherif:46.56,24:Lucas Clark:48.36,25:Alice Hussein:49.49,26:Silas Sylla:49.19,27:Alice Vidal:54.09,28:Rose Ramirez:39.39,29:Louis Park:41.04,30:Chau Bianchi:39.69,31:Hugo Wilson:55.82,32:Sergei Rossi:35.82,33:Daiki Bianchi:39.52,34:Pierre Ribeiro:54.00,35:Skylar Laurent:34.67,36:Ines Schmidt:46.65,37:Zachary Vo:36.40,38:Thao Tran:33.53,39:Emi Pham:39.58
4059,Limoges,Toulouse,05/04/2026,2245,0346,1:Isabella Ivanov:29.51,2:Jackson Ferrari:29.38,3:Adrien Vasiliev:26.41,4:Eloise Fahmi:24.57,5:Sonia Boudjema:27.00,6:Chloe Traore:39.17,7:Yara Hussein:31.29,8:Brenda Dubois:38.40,9:Pierre Ribeiro:28.79,10:Sora Davis:34.07,11:Ines Rodrigues:40.25,12:Karim Zhang:32.48,13:Taro Gallo:34.72,14:Bjorn Schmidt:39.13,15:Carmen Cisse:33.55,16:Brenda Mohamed:39.76,17:Emi Nkosi:30.72,18:Ryo Rizzo:33.06,19:Rose Rodriguez:31.32,20:Mei Kovacs:23.54,21:Rose Miller:23.93,22:Sana Doan:29.75,23:Madison Santos:38.01,24:Camille Fahmi:37.20,25:Zoe Perez:39.76,26:Skylar Popov:26.68,27:Kwame Schulz:24.18,28:Bilal Ali:36.99,29:Igor Moussa:31.25,30:Zola Martin:27.26,31:Natalia Mohamed:35.95,32:Jason Ndiaye:30.11
1525,Reims,Brest,27/02/2026,1645,0522,1:Finn Cisse:50.24,2:Minh Doan:53.50,3:Lucia Ziane:40.08,4:Rayan Chen:38.61,5:Pierre Morozov:38.93,6:Carmen Bruno:47.63,7:Javier Dupont:45.82,8:Skylar Novak:54.03,9:Emma Petrov:58.39,10:Rose Mohamed:51.94,11:Rose Perez:41.36,12:Nicolas Bernard:37.41,13:Brenda Rizzo:44.99,14:Malika Martin:56.93,15:Sophie Cherif:36.05,16:Sofia Suzuki:40.80,17:Quentin Santos:58.12,18:Awa Cisse:48.21,19:Austin Haddad:39.08,20:Isabella Sanchez:51.76,21:Chau Almeida:44.88,22:Zoe Fahmi:35.33,23:Taro Wilson:38.55,24:Hazel Fournier:57.25,25:Pierre Lee:46.98,26:Rose Ramirez:49.98,27:Sonia Ahmed:42.04,28:Elsa Ali:41.53,29:Zoe Nkosi:50.85,30:Kofi Suzuki:51.37
7504,Montpellier,Lyon,29/07/2026,1845,0055,1:Mehdi Wilson:48.82,2:Jeanne Doan:29.81,3:Mei Ahmed:44.52,4:Erica Sato:44.54,5:Clement Esposito:43.81,6:Sofia Lee:49.74,7:Thao Moreau:35.46,8:Natalia Muller:48.46,9:Samira Wong:47.23,10:Oceane Wang:36.23,11:Jeanne Wagner:47.04,12:Imani Perez:43.09,13:Paul Durand:37.55,14:Dmitri Bruno:40.32,15:Chloe Traore:40.47,16:Camille Chen:35.36,17:Taylor Wilson:47.09,18:Celeste Fournier:44.77,19:Oceane Vo:29.56,20:Adrien Kuznetsov:38.40,21:Sophie Gomez:39.10,22:Jason Ndiaye:33.31,23:Jeanne Doan:40.61,24:Pablo Davis:41.85,25:Jules Garcia:31.09,26:Sana Kovacs:43.72,27:Corey Yamamoto:43.03,28:Hugo Fahmi:35.20
4318,Strasbourg,Lille,02/08/2026,1900,0438,1:Yara Clark:44.48,2:Alice Garnier:35.47,3:Jules Bruno:51.27,4:Pablo Petrov:41.52,5:Sonia Kim:54.96,6:Baptiste Santos:42.84,7:Rayan Conti:38.28,8:Katya Almeida:50.43,9:Bjorn Schmidt:40.57,10:Mehdi Abebe:57.02,11:Adrien Conti:39.37
2341,Reims,Clermont-Ferrand,12/06/2026,1930,0006,1:Imani Bernard:21.02,2:Zoe Huang:30.75,3:Kwame Cherif:28.48,4:Austin Gomes:27.87,5:Chloe Weber:25.92,6:Chloe Lefevre:27.04,7:Thao Moreau:29.21,8:Brenda Robert:23.57,9:Santiago Miller:22.71,10:Sophie Nguyen:20.59,11:Sana Martin:29.95,12:Imani Fournier:22.53,13:Omar Ouattara:28.53,14:Nicolas Miller:26.17,15:Yara Clark:31.11,16:Miguel Sylla:23.66,17:Lucas Khelifi:30.16,18:Ryan Williams:28.48,19:Dmitri Hussein:31.58,20:Leila Vidal:19.43,21:Sergei Bernard:30.07,22:Orion Pereira:24.15,23:Felix Khan:25.52,24:Bjorn Tran:28.83,25:Clement Moussa:23.72,26:Mateo Laurent:30.86,27:Alessio Schmidt:18.77,28:Aisha Khan:20.17
4712,Saint-Etienne,Dijon,28/10/2026,1100,1346,1:Emi Schulz:14.77,2:Samira Ramirez:21.87,3:Nicolas Yamamoto:14.90,4:Kenza Ferrari:16.36,5:Sofia Silva:22.14,6:Karim Petrov:16.89,7:David Clark:20.84,8:Austin Pereira:13.63,9:Corey Ivanov:18.43,10:Rayan Johnson:17.65,11:Sergei Dubois:22.92,12:Javier Sato:20.62,13:David Simon:22.68,14:Lea Weber:18.99,15:Hugo Leroy:15.14,16:Gabriel Garnier:14.29,17:Celeste Taylor:15.78,18:Zane Michel:15.18,19:Bjorn Pereira:16.34,20:Felix Haddad:15.11,21:Mateo Kuznetsov:14.35,22:Alessio Lopez:14.85,23:Samira Tran:21.09,24:Harper Ndiaye:22.23,25:Rayan Moreau:16.04,26:Samira Sokolov:12.92,27:Camille Santos:14.25,28:Hugo Diallo:14.86,29:Kenji Simon:19.50
8245,Limoges,Montpellier,07/09/2026,0930,1511,1:Ricardo Cisse:27.50,2:Erica Mohamed:34.83,3:Youssef Conti:27.28,4:Katya Gallo:37.99,5:Orion Bernard:41.16,6:Arthur Cisse:29.16,7:Harper Ndiaye:36.96,8:Mehdi Ali:23.73,9:Yara Cisse:37.63,10:Kofi Cruz:32.39,11:Taro Zimmermann:26.17,12:Fode Tran:26.87,13:Lucia Hussein:39.37,14:Alice Park:26.29,15:Nala Conti:42.00,16:Kenza Taylor:38.92,17:Corey Lefevre:39.20,18:Silas Klein:24.26,19:Sofia Ramirez:36.27,20:Lucia Ramirez:23.68,21:Lian Le:34.14,22:Driss Oliveira:34.23,23:Dmitri Lee:41.68,24:Madison Thomas:35.31,25:Jackson Martinez:26.08,26:Rose Smith:32.97,27:Oceane Huang:39.19,28:Wei Ferrari:28.62
5541,Bordeaux,Lille,08/10/2026,1200,1949,1:Paul Moussa:36.70,2:Lucia Esposito:36.03,3:Austin Cisse:51.74,4:Alice Johnson:44.31,5:Natalia Durand:41.80,6:Bilal Clark:57.09,7:Imani Fournier:35.12,8:Nour Tran:49.33,9:Elena Russo:43.60,10:Madison Moussa:58.36,11:Austin Haddad:35.34,12:Louis Huang:48.09,13:Willow Sokolov:48.17,14:Zachary Laurent:55.99,15:Mehdi Gomez:54.62,16:Oceane Bernard:41.37,17:Zachary Thomas:38.67,18:Eloise Khan:47.26,19:Lian Lee:57.96,20:Jian Traore:46.65,21:Imani Perez:46.61,22:Lucas Diop:34.39,23:Natalia Davis:43.92,24:Paul Davis:37.02,25:Gabriel Rodrigues:40.81,26:Kenza Williams:34.64,27:Hugo Novak:51.16
2169,Tours,Clermont-Ferrand,22/04/2026,1045,1600,1:Sana Durand:27.00,2:Pierre Gallo:26.70,3:Sophie Tran:30.34,4:Rose Moussa:38.23,5:David Faure:37.22,6:Valentine Khelifi:22.38,7:Felix Tanaka:37.31,8:Felix Taylor:32.56,9:Pierre Morozov:38.20,10:Louis Singh:38.24,11:Imani Alves:26.72,12:Quentin Schulz:32.10,13:Pierre Moussa:32.81,14:Manon Clark:39.14,15:Sophie Nguyen:38.74,16:Dmitri Hussein:39.37
7129,Le Mans,Bordeaux,17/07/2026,0600,0912,1:Clement Wilson:21.97,2:Quentin Rossi:16.68,3:Bjorn Pereira:26.53,4:Silas Klein:23.85,5:Lucas Novak:26.59,6:Javier Davis:22.13,7:Ulysse Weber:16.51,8:Yumi Simon:22.67,9:Thao Ahmed:23.22,10:Sophie Taylor:24.54,11:Sophie Sousa:17.85,12:Liam Fernandez:25.66,13:Juan Petit:25.31,14:Adrien Garnier:15.74,15:Jian Singh:22.25,16:Tristan Ivanov:18.07,17:Silas Sokolov:18.29,18:Liam Bernard:25.82,19:Emi Wang:18.36,20:Lucas Khelifi:15.43,21:Yara Cisse:20.56,22:Amandine Ribeiro:21.53,23:Eloise Fahmi:19.40,24:Chen Morozov:17.99,25:Ryan Sanchez:26.23,26:Igor Moussa:15.56,27:Santiago Robert:25.46,28:Aicha Ndiaye:19.86,29:Louis Fernandez:26.41,30:Nour Singh:23.25,31:Sofia Esposito:16.18,32:Camille Tran:21.71,33:Dylan Perez:22.23
9441,Perpignan,Bordeaux,21/05/2026,1330,2329,1:Austin Pereira:34.29,2:Dmitri Vidal:,3:Malika Sousa:58.34,4::,5:Kenza Pereira:52.65,6:Austin Haddad:46.08,7:Manon Rizzo:49.95,8:David Cherif:56.45,9:Sora Weber:38.87,10:Elsa Singh:43.61,11:Li Dubois:43.56,12:Zane Suzuki:45.74,13:Chau Wang:43.89,14:Zane Johnson:55.80,15:Sophie Cherif:46.25,16:Carmen Simon:34.70
2549,Rennes,La Rochelle,19/10/2026,0730,1155,1:Amandine Moore:21.37,2:Hassan Liu:29.86,3:Hazel Petrov:28.67,4:Louis Moussa:29.91,5:Rose Haddad:33.30,6:Romain Sylla:24.67,7:Sora Weber:19.24,8:Katya Tran:30.94,9:Silas Ziane:20.54,10:Leila Wilson:23.71,11:Tristan Chung:22.28,12:Jules Cruz:30.37,13:Gabriel Garnier:25.84,14:Chau Diop:28.76,15:Kimberly Schmidt:24.03,16:Taylor Zhang:22.75,17:Nour Rodrigues:24.10,18:Pierre Moussa:20.70,19:Isabella Dupont:30.20,20:Valentine Durand:31.84,21:Li Le:29.01,22:Ryan Ivanov:19.46,23:Kai Liu:27.39,24:Baptiste Schmidt:28.41,25:Harper Wagner:23.32,26:Skylar Petit:29.88
4052,Toulouse,Le Mans,16/10/2026,1430,2211,1:Kimberly Mohamed:37.46,2:Lucas Doan:39.50,3:Victor Nkosi:33.47,4:Pablo Diop:46.14,5:Kofi Pereira:42.65,6:Samira Wagner:53.24,7:Sergei Vasiliev:43.33,8:Eloise Suzuki:48.96,9:Chloe Laurent:38.74,10:Oceane Gomez:51.89,11:Alice Hussein:43.49,12:Tristan Diop:47.75,13:Aisha Khan:47.72,14:Baptiste Bianchi:44.45,15:Eloise Fahmi:41.41,16:Lucas Klein:52.90,17:Brenda Dubois:42.14,18:Driss Dupont:58.44,19:Willow Simon:49.01,20:Dylan Roux:51.22,21:Carmen Simon:57.43,22:Farah Wilson:56.56,23:Chau Weber:42.40,24:Theo Le:47.24,25:Javier Zimmermann:50.01,26:Sara Martinez:53.62,27:Kenza Ferrari:56.67,28:Ethan Dupont:43.89,29:Rose Ramirez:40.26
6078,Caen,Nantes,30/09/2026,2100,0050,1:Javier Zimmermann:23.81,2:Kimberly Abebe:19.54,3:Javier Sato:18.31,4:Imani Fournier:26.13,5:Kofi Cruz:17.90,6:Tristan Moreau:18.79,7:Malika Sanchez:26.47,8:Fode Khelifi:17.13,9:Santiago Robert:21.71,10:Minh Tran:17.30,11:Chloe Fernandez:18.59,12:Li Gomes:24.60,13:Olivia Ribeiro:18.54,14:Sekou Santos:26.61,15:Arthur Cherif:22.22,16:Omar Moreau:23.47,17:Nour Sousa:17.07,18:Emi Robert:25.90,19:Li Martinez:19.99,20:Sara Ferrari:14.90,21:Celeste Benali:18.44,22:Alice Torres:24.64,23:Clement Lopez:23.84,24:Katya Santos:23.67,25:Yara Moore:20.25,26:Ethan Dupont:16.74,27:Karim Faure:22.70,28:Chloe Ferrari:15.36,29:Olivia Weber:23.81,30:Fiona Greco:25.40,31:Felix Khan:23.96,32:Bjorn Richard:19.30,33:Carmen Cisse:18.95,34:Fiona Simon:22.69,35:Ryan Fernandez:26.71,36:Wei Ferrari:18.14,37:Jeanne Fahmi:18.37,38:Olivia Ivanov:26.74,39:Isabella Park:21.20,40:Rose Rodriguez:22.83,41:Elsa Garnier:19.74,42:Silas Le:20.20,43:Brenda Popov:19.74,44:Mei Ali:25.20,45:Elena Gomes:21.71,46:Daiki Singh:21.45,47:Lucas Cherif:18.58,48:Oceane Wang:21.72,49:Eloise Khan:24.49,50:Sophie Taylor:25.53,51:Theo Le:17.18,52:Hassan Rodriguez:22.40,53:Jian Michel:22.92,54:Jeanne Doan:25.41
1751,Montpellier,Grenoble,11/03/2026,2230,0308,1:Chau Lee:25.76,2:Emi Nkosi:33.00,3:Valentine Smith:25.72,4::,5:Emma Almeida:25.46,6:Jules Mohamed:25.22,7:Valentine Rizzo:33.72,8:Jackson Ferrari:39.28,9:Ricardo Rodriguez:31.99,10:Alessio Lopez:23.00,11::,12:Kwame Weber:,13:Hana Wagner:22.92,14:Lucia Kuznetsov:38.91,15:Ulysse Laurent:24.34,16:Kenza Nkosi:31.78,17::,18:Felix Zimmermann:34.15,19:Omar Singh:31.93,20::,21:Bjorn Esposito:31.15,22:Jeanne Kovacs:37.24,23:Pierre Bruno:26.02,24:Elena Ziane:,25:Fiona Suzuki:25.03,26:Kwame Perez:36.02,27:Zane Johnson:34.95,28:Harper Rizzo:
8229,Paris,Le Mans,28/05/2026,2245,0332,1:Baptiste Kuznetsov:22.80,2:Youssef Sousa:37.80,3:Chau Kovacs:34.48,4:Jules Lopez:27.45,5:Chau Bianchi:31.51,6:Nicolas Gomes:22.29,7:Erica Morozov:37.09,8:Felix Muller:22.71,9:Willow Abebe:26.99,10:Victor Mohamed:36.95,11:Hana Ali:37.64,12:Harper Dupont:29.55,13:Driss Conti:33.76,14:Zachary Zimmermann:31.38,15:Dylan Popov:36.67,16:Ulysse Vo:27.94,17:Oceane Rodriguez:30.72,18:Lea Diallo:29.50,19:Amandine Cisse:34.67,20:Emma Martin:23.02,21:Louis Sanchez:24.37,22:Fode Boudjema:36.09,23:Emma Cisse:36.13,24:Sophie Schulz:31.18,25:Willow Mohamed:30.95,26:Emi Johnson:31.31,27:Igor Popov:33.94,28:Austin Moussa:25.63,29:Jeanne Doan:23.96,30:Chen Nguyen:33.58,31:Pablo Robert:33.00,32:Harper Ferrari:24.58,33:Jackson Ferrari:30.60,34:Ryo Michel:32.01,35:Austin Santos:22.52
2272,Montpellier,Grenoble,14/07/2026,0715,1119,1:Felix Wagner:26.63,2:Minh Benali:23.11,3:Sora Davis:21.16,4:Yasmine Esposito:26.22,5:Kenza Pereira:26.24,6:Dylan Rizzo:18.97,7:Celeste Lopez:21.81,8:Bilal Ivanov:22.61,9:Tristan Durand:26.58,10:Aisha Bruno:17.54,11:Minh Chen:18.62,12:Ines Dubois:25.58,13:Victor Mohamed:30.43,14:Lian Le:18.55,15:Rayan Conti:23.72,16:Imani Moussa:24.80
9532,Clermont-Ferrand,Nantes,29/11/2026,2200,0447,1:Pablo Diop:53.02,2:Felix Khan:45.26,3:Dylan Perez:31.59,4:Natalia Durand:53.51,5:Kofi Martin:41.14,6:Maria Torres:36.48,7:Brenda Mohamed:44.34,8:Yara Hussein:47.49,9:Eloise Sanchez:52.65,10:Margaux Vasiliev:46.38,11:Brenda Dubois:42.32,12:Ryo Chen:42.21,13:Emi Schulz:44.51,14:Carmen Liu:36.34,15:Zola Clark:43.13,16:Liam Santos:43.98,17:Juan Lefevre:34.15,18:Sana Durand:34.51,19:Lea Diallo:40.71,20:Harper Vasiliev:50.65,21:Kenza Martinez:36.31,22:Nicolas Sanchez:31.29,23:David Rizzo:39.25,24:Louis Rossi:48.59,25:Tristan Moreau:49.95,26:Eloise Khan:40.70,27:Clement Lopez:45.11,28:Ethan Ramirez:39.84,29:Clement Moussa:44.46,30:Imani Rodriguez:35.86,31:Pierre Morozov:52.32,32:Hugo Leroy:48.45
2392,Toulouse,Caen,28/07/2026,2030,0535,1:Silas Sylla:41.58,2:Jason Fournier:49.76,3:Adrien Vo:38.71,4:Clement Lee:36.48,5:Sofia Diop:50.00,6:Malika Vasiliev:51.71,7:Amandine Conti:44.27,8:Miguel Schmidt:46.75,9:Felix Esposito:48.71,10:Erica Sato:57.22,11:Adrien Conti:45.50,12:Nour Tran:56.01,13:Jules Garcia:53.46,14:Romain Sylla:34.76,15:Alice Vidal:48.10,16:Alessio Lopez:56.51,17:Manon Zimmermann:36.03,18:Emi Wang:53.31,19:Kenza Fahmi:41.24,20:Wei Lee:50.08,21:Zachary Wilson:56.11,22:Sekou Santos:56.03,23:David Ferrari:37.22,24:Liam Santos:34.63
7485,Strasbourg,Paris,23/06/2026,,0340,1:Yara Wilson:41.38,2:Taro Ziane:41.88,3:Carmen Sato:34.90,4:Clement Ivanov:52.42,5:Olivia Kim:52.77,6:Kenza Wang:47.96,7:Brenda Bianchi:42.86,8:David Cherif:56.07,9:Nala Simon:52.45,10:Chloe Traore:53.52,11:Natalia Moore:49.15,12:Alice Doan:45.60,13:Dmitri Vidal:43.70,14:Lian Cruz:37.47,15:Eloise Suzuki:34.21,16:Aicha Muller:52.03,17:Driss Greco:55.26,18:Sara Cruz:48.66,19:Lucia Diop:57.43,20:Manon Dubois:40.64,21:Emi Lee:34.17,22:Ryo Michel:51.40,23:Chen Nguyen:42.53,24:Igor Almeida:43.55,25:Amine Torres:47.58,26:Fode Tanaka:43.78,27:Katya Khelifi:57.82,28:Harper Kuznetsov:54.81,29:Simon Garcia:54.61,30:Driss Ziane:39.47,31:Samira Tran:37.83,32:Theo Santos:55.78,33:Jason Khelifi:47.01,34:Zoe Vidal:57.42,35:Amandine Ziane:44.06,36:Emma Miller:54.33,37:Baptiste Suzuki:53.63
9237,Paris,Grenoble,13/05/2026,1015,1806,1:Ethan Liu:35.42,2:Amandine Perez:47.03,3:Daiki Garcia:49.25,4:Ines Schmidt:33.36,5:Mei Sanchez:35.89,6:Fode Tanaka:36.71,7:Zane Morozov:46.82,8:Kenji Clark:49.98,9:Brenda Zimmermann:49.48,10:Harper Cisse:39.64,11:Madison Khan:41.33,12:Mei Ahmed:43.68,13:Felix Ferrari:57.82,14:Lucas Diop:42.00,15:Dmitri Silva:52.51,16:Corey Moreau:42.60,17:Zachary Gomes:45.46
8160,La Rochelle,Tours,08/04/2026,1545,2014,1:Adrien Kuznetsov:22.75,2:Alice Alves:26.63,3:Bilal Torres:35.04,4:Mei Ahmed:31.81,5:Kenza Ferrari:31.07,6:Kofi Novak:30.11
8628,Lille,Brest,04/02/2026,2145,0628,1:Manon Kim:50.11,2:Baptiste Schmidt:32.83,3:Zachary Cisse:47.49,4:Camille Chen:42.50,5:Samira Morozov:35.35,6:Aisha Gallo:49.90,7:Lucia Mohamed:46.11,8:Juan Sokolov:54.17,9:Maria Rodriguez:52.61,10:Chloe Brown:50.62,11:Eloise Miller:35.71,12:Quentin Leroy:49.52,13:Zoe Rodrigues:32.79,14:Nicolas Vidal:54.75,15:Felix Wagner:33.89,16:Yara Clark:48.85,17:Skylar Ribeiro:48.04,18:Mateo Kuznetsov:41.63,19:Rose Novak:41.40,20:Alice Johnson:34.81,21:Pierre Rodriguez:50.55,22:Ulysse Liu:52.91,23:Sara Schmidt:39.51,24:Omar Lopez:56.02,25:Liam Rossi:55.99,26:Alessio Moreau:51.42,27:Kofi Dubois:34.06,28:Chloe Morozov:56.32,29:Imani Diallo:50.37,30:Kimberly Abebe:49.50,31:Brenda Popov:33.44,32:Kenza Nkosi:49.71,33:Ryan Liu:36.98,34:Zoe Dubois:41.07,35:Zola Martin:53.71,36:Pierre Traore:42.48,37:Dmitri Ferrari:41.96,38:Rose Rodriguez:45.93,39:Willow Tanaka:38.20,40:Wei Lefevre:39.44,41:Amine Durand:45.93,42:Taro Doan:48.86,43:Dmitri Lee:46.07,44:Li Kowalski:33.82,45:Juan Alves:50.88,46:Felix Huang:40.90,47:Kai Park:52.57,48:Rose Yamamoto:44.83,49:Jules Miller:39.25,50:Nicolas Yamamoto:46.29,51:Ryo Sanchez:54.86
1463,Brest,Paris,17/04/2026,0615,1434,1:Madison Diop:49.01,2:Dylan Petrov:58.16,3:Javier Haddad:46.74,4:Mehdi Sato:54.44,5:Jeanne Russo:58.46,6:Jeanne Tanaka:43.04,7:Maria Sylla:48.63,8:Karim Novak:35.36,9:Youssef Wagner:50.15,10:Pierre Lee:42.88,11:Romain Lopez:55.43,12:Miguel Pereira:33.44,13:Katya Lee:42.94,14:Quentin Novak:45.58,15:Erica Sato:50.76,16:Farah Russo:41.06,17:Alice Garnier:53.50,18:Silas Cherif:49.10,19:Valentine Smith:38.87,20:Ulysse Petrov:44.26,21:Aicha Wang:53.86,22:Chen Cherif:37.54,23:Sonia Kim:41.51,24:Sekou Bianchi:50.26,25:Kenza Ferrari:46.23,26:Carmen Cisse:47.08,27:Ryo Sanchez:52.17,28:Sofia Davis:50.63,29:Nala Mohamed:53.11,30:Emma Sokolov:47.64
8142,Metz,Rennes,21/12/2026,1500,0105,1:Karim Novak:38.08,2:Emi Johnson:44.36,3:Youssef Almeida:35.28,4:Alessio Moreau:46.91,5:Jason Ferrari:51.92,6:Imani Ahmed:37.78,7:Elsa Ali:57.21,8:Leila Taylor:50.33,9:Celeste Benali:34.66,10:Willow Kim:53.07,11:Erica Morozov:38.25,12:Skylar Ribeiro:53.80,13:Javier Brown:56.18,14:Ulysse Liu:56.79
4102,Strasbourg,Angers,31/03/2026,0715,1905,1:Zachary Laurent:47.80,2:Sophie Gomez:57.95,3:Ulysse Clark:57.89,4:Maria Durand:40.34,5:Jian Lopez:50.50,6:Maria Garnier:37.11,7:Ricardo Dubois:48.29,8:Orion Zhang:34.86,9:Yara Miller:52.79,10:Arthur Gomes:56.40,11:Harper Miller:35.44,12:Chloe Traore:43.27,13:Leila Rizzo:35.72,14:Elena Zhang:51.50,15:Rose Miller:43.54,16:Chau Simon:48.50,17:Pierre Morozov:47.66,18:Jeanne Wang:57.08,19:Karim Haddad:45.13,20:Miguel Ndiaye:49.15,21:Lucia Vo:36.72,22:Ines Schmidt:54.49,23:Lucas Greco:51.04,24:Bjorn Pereira:33.78,25:Fiona Greco:34.24,26:Liam Bernard:38.01,27:Sergei Dubois:39.78,28:Lucia Rodriguez:36.44,29:Baptiste Richard:55.62,30:Imani Alves:55.89
2527,Marseille,Clermont-Ferrand,29/03/2026,1330,1829,1:Bilal Kuznetsov:26.35,2:Akira Fournier:26.18,3:Ryan Ivanov:37.90,4:Amine Torres:39.55,5:Karim Ouattara:31.16,6:Ryo Esposito:41.70,7:Emma Miller:25.55,8:Minh Gomes:32.16,9:Simon Brown:24.04,10:Kofi Pereira:28.51,11:Igor Moussa:41.05,12:Hazel Traore:27.74,13:Sergei Vasiliev:32.06,14:Chau Le:25.69,15:Silas Ribeiro:25.54,16:Juan Alves:25.81,17:Ethan Dupont:42.10,18:Kenza Bernard:35.58,19:Lucia Ziane:38.01,20:Amandine Johnson:30.28,21:Corey Robert:25.63,22:Akira Martin:36.00,23:Noah Ramirez:38.58,24:Sana Lefevre:38.71,25:Paul Muller:30.26,26:Leila Pham:40.27,27:Lucia Simon:28.78,28:Karim Sanchez:39.67,29:Javier Novak:27.04,30:Hana Garnier:37.93,31:Madison Tran:42.50,32:Sofia Silva:28.63,33:Lea Tran:27.40
3993,Rouen,Lille,02/12/2026,0845,1109,1:Yasmine Zhang:19.42,2:Juan Lefevre:22.43,3:Maria Durand:22.15,4:Carmen Simon:16.14,5:Ricardo Nkosi:17.30,6:Natalia Perez:13.79,7:Jeanne Kovacs:,8:Bjorn Gallo:15.64,9:Bilal Mohamed:20.69,10:Pablo Mohamed:15.17,11:Brenda Mohamed:13.50,12:Minh Sato:17.39,13:Louis Fernandez:16.21,14:Chen Wong:20.92,15:Quentin Novak:15.89,16:Pablo Richard:16.62,17:Rose Nkosi:21.38,18:Malika Richard:16.19,19:Silas Clark:14.15,20:Samira Russo:14.36,21:Kenji Rizzo:16.41,22:Amine Cherif:14.87,23:Willow Vo:18.55,24:Akira Chen:12.84,25:Kimberly Schmidt:20.74,26:Malika Martin:,27:Margaux Chen:15.41,28:Omar Ouattara:,29::,30:Youssef Wagner:14.75,31::,32:Corey Ivanov:16.40,33:Simon Thomas:14.44,34:Lea Bianchi:,35:Jules Rizzo:22.46,36:Mehdi Abebe:16.15,37:Chloe Fernandez:14.84,38:Emma Brown:16.86,39:Chau Le:17.35,40:Santiago Zimmermann:21.07,41:Victor Tran:18.40,42:Orion Russo:15.57,43:Rayan Perez:13.05,44:Hassan Rodriguez:14.76
9598,Le Mans,Saint-Etienne,24/09/2026,1100,1547,1:Natalia Wong:34.64,2:Alice Zhang:34.05,3:Kenza Garnier:26.06,4:David Faure:33.99,5:Driss Williams:27.45,6:Madison Tran:25.91,7:Olivia Wong:32.97,8:Ryan Morozov:26.02,9:Valentine Singh:25.43,10:Kwame Vidal:28.99,11:Nicolas Wong:26.37,12:Lea Tran:26.40,13:Chloe Brown:22.27,14:Akira Ferrari:32.39,15:Pablo Martinez:32.16,16:Theo Schmidt:22.15,17:Dylan Ouattara:28.53,18:Ines Haddad:21.61,19:Corey Weber:31.97,20:Corey Gallo:33.82,21:Willow Rossi:22.01,22:Silas Cherif:20.72,23:Emma Brown:29.09,24:Alessio Almeida:35.53,25:Sofia Thomas:33.34,26:Farah Boudjema:28.88
4572,Strasbourg,Paris,20/04/2026,0715,1752,1:Chen Robert:49.10,2:Yumi Zimmermann:41.11,3:Camille Tran:35.79,4:Baptiste Johnson:37.41,5:Baptiste Kuznetsov:44.68,6:Ryan Klein:37.83,7:Sergei Sokolov:38.21,8:Hana Silva:56.75,9:Amine Novak:47.45,10:Pierre Diallo:56.88,11:Baptiste Roux:41.00,12:Malika Robert:46.36,13:Bilal Le:39.21,14:Mei Ziane:41.64,15:Zola Martin:46.82,16:Ethan Ferrari:33.12,17:Minh Sanchez:57.35,18:Jules Torres:54.01,19:Katya Bianchi:33.96,20:Celeste Park:46.97,21:Finn Kovacs:52.12,22:Nicolas Ouattara:51.67,23:Chau Le:48.93,24:Emi Wagner:36.91,25:Hassan Liu:49.67,26:Austin Liu:52.56,27:Lea Sato:41.60,28:Harper Dupont:38.83,29:Wei Schulz:43.75,30:Jian Singh:33.24,31:Arthur Chung:36.96,32:Rayan Novak:56.22,33:Bjorn Moreau:44.33,34:Austin Nkosi:38.37,35:Jian Pham:52.54,36:Mei Tanaka:33.19,37:Aicha Vo:44.73,38:Sana Lefevre:35.06,39:Taylor Kim:50.08,40:Hassan Klein:35.89,41:Chloe Ferrari:46.09,42:Austin Santos:36.72,43:Aki Diop:48.85,44:Baptiste Richard:38.80,45:Miguel Boudjema:49.24,46:Li Abebe:56.27,47:Dmitri Bruno:38.61,48:Ines Le:34.15,49:Imani Perez:55.08,50:Austin Moore:58.44,51:Jackson Wang:38.93,52:Minh Rossi:42.29,53:Li Wilson:36.64,54:Awa Cisse:54.32
9843,Limoges,Metz,22/08/2026,0700,1552,1:Hana Gallo:32.80,2:Bilal Torres:57.96,3:Kai Michel:45.05,4:Chloe Ferrari:44.80,5:Alice Johnson:54.74,6:Isabella Sanchez:53.19,7:Pierre Lee:47.53,8:Camille Fahmi:55.63,9:Hazel Petrov:51.98,10:Brenda Ouattara:35.56,11:Erica Vo:44.99,12:Elena Diop:49.05,13:Camille Chen:55.50,14:Erica Lopez:40.77,15:Alice Dupont:43.29,16:Driss Cisse:40.02,17:Rose Ramirez:50.80,18:Natalia Davis:47.12,19:Elsa Perez:47.76,20:Amandine Wilson:41.61,21:Sora Durand:53.09,22:Sonia Ahmed:54.28
5096,Strasbourg,Dijon,20/04/2026,1000,1529,1:Karim Sanchez:31.75,2:Isabella Benali:,3:Lea Roux:26.26,4:Pierre Doan:28.86,5:Zola Johnson:40.88,6:Noah Gallo:33.05,7:Ryo Chen:28.71,8:Chloe Laurent:37.25,9:Kwame Weber:28.41,10:Hassan Liu:31.45,11:Louis Clark:35.84,12:Pablo Richard:38.36,13:Baptiste Alves:25.96,14:Sana Novak:42.70,15:Katya Yamamoto:37.85,16:Manon Gomez:33.09,17:Omar Kovacs:,18:Celeste Lee:32.37,19:Rayan Garcia:35.48,20:Santiago Khan:41.27,21:Brenda Kovacs:33.76,22::,23:Zoe Huang:39.82,24:Aicha Laurent:42.58
4103,Montpellier,Perpignan,16/12/2026,1115,1623,1:Ryo Esposito:30.64,2:Mei Liu:34.14,3:Amandine Moore:23.76,4:Miguel Boudjema:36.26,5:Karim Faure:35.37,6:Lian Diallo:26.64,7:Rose Perez:26.47,8:Sekou Fournier:31.86,9:Nala Garnier:22.77,10:Louis Ndiaye:30.50,11:Fode Tran:36.89,12:Isabella Popov:34.31,13:Yara Miller:29.58,14:Emma Brown:27.53,15:Kenza Vidal:23.84,16:Mateo Huang:36.66,17:Youssef Ziane:34.61,18:David Santos:30.09,19:Lea Leroy:26.80,20:Lucas Klein:27.11,21:Mei Ali:23.99,22:Lucas Khelifi:32.22,23::,24:Wei Schulz:26.29,25:Taylor Cruz:35.21,26:Imani Alves:33.10,27:Emma Dupont:32.31,28:Taro Zimmermann:36.49,29:Mei Ferrari:33.79,30:Fode Doan:31.85,31:Karim Petrov:30.76,32:Lian Le:29.05,33:Erica Mohamed:23.36,34:Igor Morozov:24.46,35:Rayan Chen:31.92,36:Driss Yamamoto:28.53,37:Daiki Garcia:,38:Katya Rodrigues:34.76,39:Li Gomez:25.95,40:Nala Esposito:33.64,41:Leila Greco:30.98,42:Pierre Liu:28.91,43:Sana Park:34.97,44:Farah Nkosi:33.78,45:Sana Durand:35.62,46:Aki Cisse:34.80,47:Arthur Cherif:37.84,48:Willow Simon:33.39,49:Noah Khan:33.04,50:Imani Moussa:33.38,51::,52:Taylor Smith:34.67,53:Simon Le:,54:Lucia Mohamed:33.91
7785,Brest,Saint-Etienne,09/08/2026,1045,2058,1:Chau Kovacs:50.39,2:Rose Smith:49.85,3:Nicolas Yamamoto:38.14,4:Lucia Kuznetsov:35.35,5:Dmitri Klein:42.62,6:Camille Alves:47.00,7:Malika Brown:54.85,8:Manon Yamamoto:32.62,9:Imani Petrov:55.86,10:Jules Rizzo:38.73,11:Amandine Conti:47.63,12:Liam Pereira:38.57,13:Quentin Chung:57.08,14:Quentin Wilson:37.65,15:Sekou Ahmed:33.17
3731,Perpignan,Toulouse,18/11/2026,1215,1639,1:Chen Robert:28.92,2:Corey Ramirez:38.64,3:Celeste Boudjema:39.40,4:Elsa Singh:36.47,5:Hassan Martin:27.69,6:Bilal Mohamed:32.36,7:Hugo Robert:35.99,8:Minh Ivanov:38.52,9:Taro Clark:24.99,10:Samira Wong:36.49,11:Imani Singh:33.46,12:Pablo Pereira:30.83,13:Felix Khan:34.48,14:Katya Schulz:25.02,15:Taylor Silva:35.59,16:Pierre Bruno:36.09,17:Simon Brown:29.89,18:Hugo Leroy:24.79,19:Minh Doan:23.15,20:Minh Gomes:32.44,21:Zola Williams:32.71,22:Awa Kuznetsov:24.65,23:Emma Nguyen:28.79,24:Felix Cisse:28.70,25:Kai Roux:37.89,26:Manon Clark:35.56,27:Hazel Hussein:36.59,28:Victor Mohamed:27.80,29:Dmitri Bruno:29.41,30:Isabella Benali:29.97
1178,Perpignan,Clermont-Ferrand,13/04/2026,1100,1858,1:Clement Kuznetsov:41.33,2:Liam Ribeiro:46.65,3:Nour Morozov:55.77,4:Amandine Ziane:49.47,5:Katya Wong:45.60,6:Mei Nguyen:37.73,7:Natalia Durand:43.98,8:Alessio Moreau:35.84,9:Hugo Russo:35.41,10:Mei Ahmed:50.98,11:Pierre Morozov:41.76,12:Brenda Zimmermann:50.93,13::,14:Jeanne Russo:53.30,15:Ryo Michel:36.18,16:Jules Park:36.14,17:Austin Greco:55.91,18:Rose Moussa:50.72,19:Alessio Alves:45.43,20:Natalia Muller:36.79,21:Chau Torres:41.56,22:Aicha Garnier:53.09,23::,24:Harper Kuznetsov:54.08
2411,Grenoble,Clermont-Ferrand,24/07/2026,1515,1825,1:Zola Diop:20.78,2:Jackson Diop:18.97,3:Victor Huang:19.35,4:Noah Gallo:18.60,5:Aisha Park:14.08,6:Fode Wilson:22.45,7:Corey Laurent:18.34,8:Zola Schmidt:20.45,9:Liam Pereira:22.52,10:Farah Almeida:20.79,11:Sora Klein:17.72,12:Ryo Michel:23.59,13:Chloe Lefevre:14.88,14:Gabriel Miller:22.22,15:Minh Benali:21.00,16:Jackson Kim:17.37,17:Kenza Bernard:13.87,18:Taylor Moore:24.42,19:Farah Boudjema:22.49,20:Malika Le:15.49,21:Jason Kowalski:21.26,22:Elena Gomes:22.51,23:Pablo Diop:15.12,24:Silas Ziane:17.46,25:Isabella Lefevre:17.84,26:Simon Brown:18.63,27:Madison Diop:18.13,28:Silas Hussein:16.43,29:Hassan Pham:22.23,30:Chau Le:19.44,31:Amandine Ali:13.92,32:Jules Bruno:21.37,33:Sergei Bernard:17.62,34:Javier Dupont:14.55,35:Jeanne Moreau:13.89,36:Youssef Almeida:19.77,37:Jackson Muller:22.55,38:Rose Nkosi:17.25,39:Felix Suzuki:14.83,40:Thao Laurent:18.55,41:Skylar Petit:18.80,42:Santiago Robert:21.09,43:Manon Clark:17.16,44:Kenji Boudjema:24.02,45:Kenza Weber:22.34,46:Kenza Vidal:22.03,47:Hazel Fournier:14.29
4785,Saint-Etienne,Paris,29/05/2026,2130,0321,1:Mehdi Benali:38.62,2:Aicha Rizzo:29.57,3:Amine Gomez:34.79,4:Pierre Wagner:28.29,5:Quentin Greco:38.00,6:Amandine Ziane:40.63,7:Sonia Bernard:26.16,8:Javier Bianchi:28.29,9:Adrien Conti:37.59,10:Hassan Russo:36.68,11:Driss Laurent:33.71,12:Alessio Ouattara:34.72,13:Samira Khelifi:42.02,14:Chen Pereira:29.35
8569,Marseille,Rouen,20/12/2026,0645,1617,1:Noah Schulz:40.07,2:Sofia Klein:41.87,3:Hugo Ribeiro:33.07,4:Margaux Fournier:57.97,5:Malika Sanchez:34.79,6:Austin Doan:41.23,7:Mei Vidal:40.45,8:Natalia Zhang:55.81,9:Sophie Sousa:47.01,10:Alessio Ali:56.79,11:Simon Le:32.88,12:Elsa Perez:46.34
4573,Dijon,Clermont-Ferrand,24/11/2026,1045,1432,1:Kai Michel:20.92,2:Fiona Petit:28.55,3:Kenza Taylor:29.22,4:Zachary Traore:22.35,5:Samira Ramirez:20.77,6:Lian Ferrari:19.98,7:Pierre Ziane:30.67,8:Adrien Garnier:27.03,9:Omar Ouattara:25.52,10:Manon Dupont:33.28,11:Isabella Lefevre:29.26,12:Sergei Bernard:22.13,13:Lian Cherif:25.32,14:Alessio Almeida:32.89,15:Noah Lopez:32.06,16:Madison Moussa:23.57
4077,Tours,Angers,15/06/2026,2030,0103,1:Ethan Brown:21.77,2:Rayan Garcia:28.56,3:David Robert:22.07,4:Manon Taylor:26.18,5:Farah Le:32.75,6:Romain Sylla:21.04,7:Zola Schmidt:29.69,8:Sophie Gomez:25.18,9:Minh Rizzo:29.54,10:Nour Smith:22.59,11:Yara Miller:21.58,12:Samira Khelifi:19.08,13:Liam Ribeiro:30.62,14:Yasmine Kuznetsov:32.25,15:Chau Khan:24.00,16:Emma Greco:33.54,17:Zane Abebe:33.34,18:Liam Nkosi:33.35,19:Jules Bernard:22.38,20:Hana Gallo:22.02,21:Taylor Khan:29.74,22:Jackson Kim:31.55,23:Sonia Tran:21.52,24:Theo Ferrari:20.85,25:Erica Tanaka:27.36,26:Mehdi Abebe:20.83,27:Daiki Kim:24.69,28:Silas Moussa:22.00,29:Ulysse Vo:33.36,30:Imani Diallo:24.88,31:Isabella Nkosi:20.73,32:Wei Chung:23.61
2557,Lyon,Brest,01/06/2026,0930,1906,1:Sophie Popov:51.99,2:Natalia Morozov:42.45,3:Camille Popov:44.73,4:Quentin Schulz:50.41,5:David Clark:40.76,6:Manon Zimmermann:35.67,7:Minh Chen:33.00,8:Minh Le:48.86,9:Lucas Doan:49.28,10:Eloise Sanchez:54.04,11:Sekou Hussein:54.63,12:Silas Miller:52.00,13:Sofia Ramirez:53.07,14:Lucas Khelifi:41.94,15:Akira Torres:48.80,16:Javier Kovacs:48.31,17:Corey Ramirez:50.71,18:Margaux Dupont:51.96,19:Amandine Haddad:51.25,20:Hazel Singh:36.41,21:Pablo Pereira:51.70,22:Kwame Weber:35.37,23:Aicha Garnier:55.65,24:Sonia Boudjema:56.44,25:Ryan Liu:33.31,26:Sophie Chung:38.56,27:Corey Faure:57.75,28:Imani Rodriguez:58.21,29:Elsa Suzuki:44.26,30:Liam Pham:40.72,31:Sophie Clark:51.90,32:Emi Conti:52.45,33:Li Gomez:42.73
7615,Angers,Caen,31/05/2026,1500,1840,1:Gabriel Lee:27.19,2:Sonia Kim:27.61,3:Ryo Bruno:18.41,4:Theo Ferrari:19.52,5:Hassan Martin:28.19,6:Minh Gomes:25.51,7:Farah Russo:19.39
8423,Limoges,Le Mans,29/09/2026,2200,0132,1:Baptiste Alves:29.16,2:Dmitri Le:24.41,3:Willow Fernandez:24.17,4:Javier Brown:23.74,5:Olivia Tanaka:30.98,6:Hugo Wilson:,7:Hazel Khan:20.57,8:Zachary Wilson:19.30,9:Imani Laurent:19.20,10:Lucia Esposito:21.22,11:Driss Laurent:20.04,12::,13:Zola Diop:25.82,14:Awa Cisse:20.42,15:Carmen Simon:31.29,16:Igor Cherif:28.23,17:Yumi Sanchez:23.58,18:David Faure:24.05,19:Daiki Gomez:26.97,20:Rayan Conti:,21:Carmen Faure:29.59,22:Akira Brown:26.10,23:Taro Wilson:27.58,24:Sonia Huang:24.92,25:Mei Nkosi:30.13,26:Ines Kovacs:19.63,27:Kimberly Diop:26.69,28:Jian Michel:28.25,29:Brenda Dubois:20.92,30:Karim Bruno:20.19,31:Daiki Garcia:25.35,32:Bilal Kuznetsov:26.82,33:Minh Novak:31.29,34:Baptiste Roux:26.00
8544,Angers,Saint-Etienne,05/04/2026,1800,2350,1:Manon Kim:37.18,2:Bilal Ivanov:33.99,3:Pierre Almeida:25.63,4:Imani Williams:42.34,5:Jian Zimmermann:39.18,6:Silas Greco:26.51,7:Manon Taylor:30.04,8:Isabella Le:28.07
7234,Marseille,Brest,24/11/2026,1415,0221,1:Sofia Pham:35.26,2:Malika Taylor:43.72,3:Lian Garnier:44.72,4:Ricardo Dubois:54.85,5:Hassan Bruno:50.98,6:Ryan Fernandez:38.70,7:Driss Suzuki:44.66,8:Chen Yamamoto:58.32,9:Imani Diallo:53.83,10:Juan Russo:54.97,11:Maria Rodriguez:36.37,12:Theo Santos:39.68,13:Imani Ali:57.61,14:Javier Bianchi:40.82,15:Sora Weber:42.40,16:Alice Dupont:52.85,17:Zane Abebe:47.21,18:Malika Robert:40.46,19:Pablo Ziane:38.35,20:Samira Khelifi:36.43,21:David Santos:40.75,22:Wei Kim:53.43,23:Erica Tanaka:50.80,24:Nour Cruz:44.22,25:Sekou Greco:54.78,26:Louis Clark:50.44,27:Camille Tran:51.86,28:Margaux Weber:57.31,29:Natalia Wong:44.97,30:Aki Huang:51.44,31:Arthur Abebe:43.90,32:Nala Dupont:35.54,33:Ryo Perez:41.23,34:Camille Diallo:43.43,35:Baptiste Ribeiro:53.19,36:Amandine Cisse:34.12
1927,Metz,Strasbourg,24/04/2026,1415,1729,1:Kofi Roux:24.74,2:Taro Doan:21.38,3:Pierre Diallo:18.22,4:Sara Ferrari:19.18,5:Miguel Novak:27.01,6:Malika Nguyen:20.06,7:Simon Wilson:25.17,8:Tristan Haddad:22.02,9:Rose Miller:15.64,10:Yumi Zimmermann:19.88,11:Jackson Popov:21.16,12:Aicha Garnier:22.20,13:Simon Brown:17.07,14:Karim Leroy:20.51,15:Chau Almeida:21.56,16:Ulysse Johnson:20.63,17:Madison Muller:25.03,18:Zola Le:18.62,19:Pablo Ndiaye:18.16,20:Elena Lopez:21.38,21:Igor Doan:16.74,22:Javier Dupont:18.47,23:Orion Laurent:19.56,24:Willow Simon:22.61,25:Sofia Kovacs:23.00,26:Ryan Moreau:21.27,27:Tristan Wang:18.00,28:Felix Taylor:17.00,29:Silas Sylla:17.86,30:Hassan Singh:15.28,31:Olivia Lefevre:26.55,32:Mehdi Abebe:19.83,33:Kofi Wilson:18.71
9294,Caen,Angers,06/09/2026,1815,2156,1:Gabriel Bernard:28.37,2:Theo Schmidt:22.64,3:Igor Chen:22.52,4:Oceane Wang:31.12,5:Austin Wang:21.95,6:Simon Ndiaye:23.25,7:Amine Rizzo:30.50,8:Aisha Khan:28.54,9:Aisha Martinez:28.70,10:Fode Ferrari:25.00,11:Kwame Perez:18.00,12:Quentin Rossi:25.12,13:Igor Cherif:23.05,14:Sofia Thomas:27.73,15:Manon Gomes:21.33,16:Elsa Ali:30.05,17:Igor Popov:28.83,18:Rayan Garcia:25.82,19:Jeanne Kuznetsov:27.25,20:Chau Ali:21.79,21:Nala Wang:22.88,22:Malika Sanchez:18.27,23:Finn Kovacs:29.27,24:Sana Lee:28.14,25:Kimberly Huang:27.53,26:Karim Sousa:29.13,27:Ricardo Martinez:28.53
2174,Caen,Clermont-Ferrand,29/05/2026,1045,1657,1:Silas Sylla:49.71,2:Natalia Muller:48.14,3:Lucas Fernandez:33.97,4:Sana Lefevre:36.21,5:Ryan Fernandez:47.71,6:Ryan Ivanov:41.79,7:Sofia Suzuki:47.19,8:Manon Wong:45.53,9:Mateo Schulz:39.20,10:Minh Sanchez:36.30,11:Javier Dupont:33.63,12:Youssef Wagner:34.22,13:Felix Schmidt:28.54,14:Kai Michel:50.85,15:Madison Muller:47.16,16:Jason Mohamed:29.10,17:Pierre Wagner:28.43,18:Zane Abebe:42.28,19:Kenji Mohamed:43.88,20:Rayan Perez:29.25,21:Brenda Simon:28.55,22:Javier Sato:46.83
9851,Rennes,Toulouse,26/10/2026,1300,2023,1:Ulysse Dupont:32.77,2:Manon Bianchi:50.49,3:Mehdi Benali:42.36,4:Amandine Faure:37.38,5:Isabella Benali:47.16,6:Sekou Kim:33.84,7:Farah Russo:41.06,8:Li Kowalski:52.36,9:Lucia Traore:45.63,10:Pierre Diop:45.86,11:Baptiste Santos:47.59,12:Santiago Sanchez:37.46,13:Igor Cherif:45.25,14:Alice Alves:44.03,15:Rose Sato:50.20,16:Clement Cherif:48.69,17:Olivia Alves:46.33,18:Emi Lee:41.38,19:Sophie Popov:45.37,20:Sora Davis:49.73,21:David Simon:32.90,22:Bjorn Thomas:52.41,23:Elsa Park:38.62,24:Tristan Santos:49.03,25:Sophie Taylor:35.75,26:Maria Garnier:41.91,27:Yasmine Kuznetsov:33.13,28:Pierre Wagner:57.94,29:Amandine Cisse:48.40
7398,La Rochelle,Angers,22/12/2026,0630,0854,1:Lucia Klein:19.58,2:Yasmine Kuznetsov:20.70,3:Lucas Khelifi:15.56,4:Youssef Wagner:16.95,5:Katya Lee:17.56,6:Hassan Kowalski:20.71,7:Ulysse Nguyen:22.43,8:Manon Kim:16.78,9:Liam Fernandez:20.59,10:Victor Singh:22.03,11:Kenza Taylor:18.75,12:Pierre Bruno:15.87,13:Li Martinez:16.62,14:Mehdi Rodriguez:21.69,15:Ulysse Clark:21.24,16:Valentine Martinez:14.21,17:Sana Park:19.82,18:Minh Rossi:16.52,19:Jian Esposito:20.11,20:Felix Ferrari:20.29,21:Fode Conti:21.39
2145,Saint-Etienne,Bordeaux,06/04/2026,1945,0421,1:Javier Davis:37.30,2:Wei Rizzo:55.28,3:Mei Ziane:47.95,4:Camille Chen:43.10,5:Louis Rossi:49.90,6:Erica Tanaka:34.36,7:Amine Cherif:52.50,8:Alice Johnson:43.13,9:Bilal Torres:44.86,10:Zoe Oliveira:32.78,11:Zane Davis:39.91,12:Felix Haddad:48.41,13:Willow Simon:50.67,14:Rayan Rodriguez:57.58,15:Emma Cisse:38.61,16:Katya Almeida:40.10,17:Erica Morozov:44.76,18:Sora Wagner:54.63,19:Dylan Moreau:44.27,20:Santiago Khan:33.45,21:Theo Schmidt:55.26,22:Silas Tran:54.86,23:Jeanne Ahmed:51.99,24:Ricardo Alves:44.69,25:Simon Le:52.20,26:Taylor Wilson:56.43,27:Li Dubois:48.43,28:Chloe Weber:54.81,29:Karim Novak:57.40
2788,Tours,Paris,13/11/2026,1700,2115,1:Katya Khelifi:21.31,2:Madison Diop:18.58,3:Santiago Robert:29.47,4:Akira Petit:19.34,5:Chloe Fernandez:23.39,6:Jackson Kuznetsov:23.43,7:Juan Tran:23.37,8:Pierre Diallo:29.43,9:Hugo Leroy:21.87,10:Lucas Almeida:29.67,11:Lian Diallo:28.45,12:Driss Yamamoto:22.08,13:Celeste Bianchi:18.73,14:Karim Zhang:27.34,15:Chloe Kovacs:19.11,16:Aisha Gallo:24.08,17:Sophie Nguyen:22.51,18:Sonia Tran:20.20,19:Alice Leroy:30.92,20:Sora Russo:24.14,21:Sophie Gomez:26.95,22:Lian Cruz:23.76,23:Kwame Schulz:23.47,24:Daiki Bianchi:24.29,25:Malika Vasiliev:30.26,26:Camille Morozov:22.37,27:Zane Michel:28.04,28:Kofi Martin:21.34,29:Brenda Zimmermann:20.77,30:Jules Miller:19.51,31:Pierre Thomas:19.53
5577,Grenoble,Saint-Etienne,01/02/2026,0900,1218,1:Sophie Vidal:21.96,2:Li Gomez:29.13,3:Li Gomes:30.46,4:Valentine Smith:25.17,5:Finn Miller:26.20,6:Ryan Benali:21.82,7:Miguel Clark:18.70,8:Minh Rizzo:17.47,9:Omar Doan:23.29,10:Kai Bianchi:27.21,11:Jules Liu:23.01,12:Driss Conti:21.10,13:Gabriel Rodrigues:24.96,14:Rayan Perez:20.01,15:Pierre Diallo:28.51,16:Lian Traore:22.49,17:Brenda Ouattara:25.95,18:Sophie Ouattara:29.01,19:Hazel Lefevre:20.75,20:Tristan Ivanov:24.40,21:Corey Ivanov:22.56,22:Silas Davis:28.16,23:Zachary Chung:25.40,24:Yumi Wilson:22.62,25:Carmen Fernandez:27.47,26:Aisha Park:21.22,27:Jason Yamamoto:25.14,28:Chloe Novak:23.06,29:Thao Ndiaye:18.44,30:Zachary Gomes:20.90,31:Nour Tran:23.86,32:Noah Hussein:23.49,33:Celeste Muller:26.40,34:Leila Khan:29.38,35:Oceane Lee:25.98,36:Nour Singh:27.75,37:Mateo Schulz:30.22,38:Harper Rizzo:29.41,39:Katya Gallo:31.05,40:Ethan Ouattara:27.44,41:Igor Chen:30.45
7681,La Rochelle,Nice,20/10/2026,1230,2316,1:Silas Martin:37.58,2:Manon Gomes:39.00,3:Chen Muller:49.82,4:Madison Muller:42.33,5:Skylar Novak:49.58,6:Rose Novak:,7:Paul Ahmed:47.74,8:Amine Lefevre:55.33,9:Sophie Tran:44.89,10:Lucas Almeida:37.26,11:Alessio Wong:41.95,12:Maria Tran:46.43,13:Sara Khan:47.70,14:Lian Traore:36.16,15::,16:Jian Clark:33.21,17:Valentine Ferrari:55.88,18:Maria Roux:,19:Elena Diallo:
9762,Marseille,Grenoble,01/09/2026,0745,1230,1:Rayan Garcia:28.02,2:Alice Zhang:22.49,3:Camille Ramirez:29.82,4:Romain Wong:30.17,5:Zane Suzuki:22.68,6:Austin Gomes:21.78,7:Brenda Simon:25.47,8:Corey Ivanov:23.88,9:Juan Russo:35.80,10:Fiona Park:30.59,11:Ryo Michel:30.00,12:Imani Bernard:30.80,13:Harper Martin:25.42,14:Karim Petrov:22.61,15:Nala Garnier:22.91,16:Mateo Vasiliev:33.34,17:Ulysse Laurent:21.46,18:Bilal Ivanov:33.77,19:Fiona Petit:29.66,20:Amandine Faure:25.08,21:Romain Zimmermann:31.40,22:Paul Moreau:20.12,23:Sonia Kim:35.15,24:Maria Torres:21.54,25:Ines Pereira:30.34,26:Sora Russo:30.26,27:Sana Doan:33.81,28:Ryan Rossi:33.51,29:Farah Wilson:32.62
4372,Lille,Angers,26/04/2026,0700,1317,1:Hana Gallo:35.11,2:Li Gomes:27.31,3::,4:Rose Garcia:45.54,5:Theo Taylor:28.25,6:Santiago Huang:43.05,7:Manon Ouattara:28.35,8:Ines Dubois:37.70,9:Gabriel Cherif:36.33,10:Juan Fernandez:41.79,11:Aicha Santos:,12::,13:Zola Williams:35.55,14:Mei Ahmed:37.84,15:Orion Russo:30.58,16::,17:Ryan Fernandez:32.11,18:Lucas Greco:29.27,19:Imani Bernard:47.61,20:Kenza Kim:40.92,21:Natalia Davis:35.19,22:Fode Ferrari:46.01,23:Liam Santos:39.14,24:Karim Petrov:43.02,25:Akira Zimmermann:38.66
6209,Metz,Lyon,30/07/2026,2215,0306,1:Romain Michel:24.88,2:Adrien Vasiliev:30.86,3:Manon Clark:31.38,4:Felix Khan:27.58,5:Youssef Doan:22.48,6::,7::,8:Jian Garcia:34.84,9:Rayan Rodriguez:23.59,10:Sophie Vidal:28.64,11:Liam Yamamoto:33.11,12::,13:Chloe Conti:27.59,14:Leila Taylor:30.32,15:Ryan Sato:28.22,16:Hugo Wilson:33.63,17:Juan Lefevre:25.49,18:Quentin Santos:31.15,19:Sekou Fournier:21.93,20:Theo Schmidt:22.09,21:Erica Sokolov:,22:Theo Le:32.20,23:Kenza Nkosi:,24:Pierre Doan:24.37,25:Samira Rossi:34.70,26:Mei Liu:33.26,27:Eloise Sanchez:,28:Silas Sokolov:26.57,29:Taro Greco:34.87,30:Austin Liu:35.27,31:Baptiste Kuznetsov:33.11,32:Zola Schmidt:31.88,33:Jian Diop:29.23,34:Ryan Liu:24.09,35:Lucia Simon:35.67
2969,Le Mans,Reims,27/09/2026,1830,0218,1:Chen Pereira:37.43,2:Oceane Schmidt:49.97,3:Juan Sokolov:47.95,4:Bilal Ivanov:41.89,5:Sora Haddad:48.06,6:David Robert:52.94,7:Chau Kovacs:57.18,8:Imani Nkosi:56.81,9:Rayan Pham:43.54,10:Willow Popov:52.27,11:Pablo Clark:37.28,12:Mei Ahmed:49.38,13:Emi Wagner:43.04,14:Eloise Suzuki:34.15,15:Zane Morozov:51.38,16:Jian Esposito:45.48,17:Sara Fahmi:51.99,18:Zoe Nkosi:35.54,19:Louis Haddad:44.62,20:Kimberly Mohamed:46.22,21:Yumi Russo:44.17,22:Jian Martinez:39.44,23:Leila Hussein:55.32,24:Kenza Khelifi:54.57,25:Sana Martin:56.55,26:Sekou Haddad:49.96,27:Finn Miller:55.88,28:Corey Moreau:42.95,29:Clement Wilson:37.20,30:Sekou Fournier:44.87,31:Ryo Williams:42.48,32:Katya Ahmed:51.99,33:Javier Haddad:44.70,34:Farah Russo:44.74
1799,Rennes,Metz,13/02/2026,1000,2039,1:Theo Ferrari:36.18,2:Hana Klein:39.15,3:Bilal Gallo:49.57,4:Simon Le:49.60,5:Kenji Rizzo:50.04,6:Zoe Huang:45.64,7:Sophie Gomez:46.55,8:Alessio Wong:42.76,9:Hugo Diallo:48.12,10:Emi Conti:58.36,11:Orion Davis:50.21,12:Aicha Kowalski:50.78,13:Amandine Cisse:50.20,14:Santiago Robert:,15:Imani Williams:54.26,16:Youssef Conti:45.06,17:Sora Rodriguez:53.97,18:Jeanne Smith:36.80,19:Skylar Nguyen:58.00,20:Silas Novak:51.28,21::
8716,Metz,Rennes,20/09/2026,0645,1752,1:Bjorn Richard:34.00,2:Jian Fahmi:41.46,3:Bilal Cruz:49.77,4:Rayan Robert:56.16,5:Omar Doan:39.04,6:Camille Ramirez:33.73,7:Kenza Ferrari:54.86,8:Madison Kowalski:45.94,9:Pablo Petrov:42.56,10:Chloe Durand:35.40,11:Adrien Martin:38.85,12:Simon Fernandez:58.07,13:Hugo Fahmi:34.97,14:Jeanne Clark:46.42,15:Youssef Abebe:39.16,16:Louis Kim:52.40,17:Jackson Martinez:44.56,18:Felix Lefevre:36.92,19:Natalia Fournier:55.19,20:Amine Weber:33.15,21:Natalia Nkosi:51.19,22:Lian Sokolov:38.01,23:Brenda Simon:46.00,24:Fiona Petit:49.80,25:Isabella Durand:54.18,26:Felix Vidal:34.50,27:Kenza Fahmi:32.80,28:Awa Schmidt:38.78,29:Nicolas Esposito:39.61,30:Omar Lopez:55.65,31:Amandine Perez:35.68,32:Isabella Novak:43.62,33:Hugo Novak:37.92,34:Pierre Lee:53.12
6001,Dijon,Rennes,01/02/2026,0945,1918,1:Natalia Klein:53.72,2:Romain Sylla:51.77,3:Willow Ali:43.75,4:Nour Wang:38.32,5:Jian Torres:54.93,6:Skylar Almeida:53.65,7:Jason Wang:38.05,8:Chloe Smith:53.26,9:Manon Rizzo:52.36,10:Amine Lefevre:57.14,11:Jackson Muller:52.24,12:Youssef Conti:54.30,13:Manon Taylor:37.50,14:Celeste Taylor:48.63,15:Mateo Vasiliev:45.31,16:Omar Kovacs:49.28,17:Carmen Petrov:48.31,18:Carmen Bruno:51.85,19:Jackson Popov:54.70,20:Igor Morozov:32.56,21:Zane Suzuki:54.98,22:Willow Taylor:52.25,23:Margaux Ribeiro:33.80,24:Lucas Doan:57.59,25:Oceane Wang:52.17,26:Mei Wagner:35.39,27:Omar Martinez:49.73,28:Igor Cisse:51.92,29:Silas Brown:57.31,30:Hazel Ribeiro:33.35,31:Katya Bianchi:40.68,32:Chau Ivanov:43.80,33:Rose Ramirez:51.04,34:Adrien Santos:49.23
1737,Brest,Saint-Etienne,21/10/2026,1845,0442,1:Elena Zhang:58.26,2:Kimberly Schmidt:55.14,3:Jules Miller:49.50,4:Amandine Johnson:37.51,5:Silas Ribeiro:40.23,6:Arthur Robert:50.84,7:Kai Michel:33.48,8:Finn Kovacs:35.81,9:Bilal Thomas:43.27,10:Orion Laurent:48.98,11:Alice Vidal:51.74,12:Chloe Fernandez:37.28,13:Taylor Khan:47.37,14:Jian Robert:55.25,15:Tristan Durand:52.12,16::,17:Silas Ziane:52.83,18:Mateo Laurent:50.65,19:Leila Ndiaye:37.53,20:Akira Zimmermann:38.91,21:Lian Diallo:42.24,22:Yumi Wilson:52.34,23:Thao Tran:,24:Louis Huang:55.65,25:Aki Cisse:48.24,26:Sora Wagner:36.49,27:Yara Brown:33.38,28:Brenda Popov:43.62,29:Olivia Wong:43.86,30:Finn Miller:39.19,31:Olivia Pereira:49.07,32:Skylar Chung:39.35,33::
1186,Reims,Paris,31/12/2026,1345,2208,1:Quentin Schulz:33.39,2:Austin Haddad:40.20,3:Thao Ahmed:,4:Alice Dupont:52.31,5:Sekou Bianchi:42.01,6:Chloe Fernandez:34.77,7:Zane Cherif:37.82,8:Chau Torres:33.01,9:Harper Rizzo:43.63,10:Driss Perez:42.37,11:Elsa Bianchi:38.72,12:Sekou Fournier:46.68,13:Corey Laurent:41.59,14:Emi Park:48.82,15:Nala Wang:52.28,16:Chau Huang:36.30,17:Sophie Popov:51.60,18:Louis Ouattara:,19:Aicha Ndiaye:48.41,20:Lucas Oliveira:56.09,21:Brenda Le:37.81,22:Minh Rizzo:,23:Karim Liu:,24:Bilal Ivanov:33.69,25:Farah Nkosi:58.46,26:Felix Wagner:57.97,27:Erica Vo:49.15,28:Pablo Petrov:34.48,29:Juan Russo:49.27,30:Kenza Martinez:,31:Chau Khan:36.21,32::,33:Zola Schmidt:48.12,34::,35:Kimberly Diop:34.39,36::,37:Natalia Morozov:44.95,38:Chau Diop:56.41,39:Chen Nguyen:41.33,40::,41:Zane Durand:
5826,Toulouse,Paris,25/09/2026,2115,0757,1:Valentine Rizzo:44.99,2:Paul Pereira:37.58,3:Baptiste Bianchi:57.94,4:Natalia Faure:53.59,5:Kwame Weber:44.15,6:Alice Huang:38.58,7:Paul Cruz:38.46,8:Chen Muller:40.47,9:Nala Moore:38.21,10:Driss Perez:55.92,11:Madison Moussa:53.74,12:Hassan Brown:43.30,13:Chloe Laurent:53.07,14:Ulysse Garnier:47.27,15:Arthur Abebe:45.17,16:Natalia Moore:57.08,17:Minh Benali:44.76,18:Ryo Michel:32.70,19:Imani Laurent:39.71,20:Zachary Moussa:55.48,21:Sofia Kovacs:57.68,22:Baptiste Roux:32.83,23:Hazel Fournier:45.67,24:Aki Rodriguez:41.45,25:Natalia Muller:32.97,26:Fode Ferrari:50.44,27:Ryan Sato:55.74,28:Sara Rodrigues:39.81
9735,Marseille,Lille,04/03/2026,0615,1543,1:Orion Laurent:47.46,2:Sonia Kim:35.13,3:Fiona Cruz:46.34,4:Jackson Popov:43.19,5:Youssef Ramirez:38.27,6:Alice Leroy:53.87,7:Kenza Taylor:54.40,8:Adrien Martin:33.72,9:Akira Martin:40.40,10:Imani Williams:49.35,11:Willow Vo:41.30,12:Camille Ramirez:45.46,13:Baptiste Ribeiro:38.11,14:Omar Moreau:40.78,15:Santiago Perez:55.05,16:Daiki Moussa:46.76,17:Chau Khan:51.95,18:Sofia Suzuki:52.38,19:Ryan Liu:38.47,20:Gabriel Rodrigues:49.59,21:Kenza Fahmi:52.28,22:Mehdi Zhang:57.63,23:Lucia Rizzo:35.13,24:Taro Wilson:57.86,25:Kai Ahmed:47.19,26:Sergei Dubois:35.49,27:Katya Wong:46.21,28:Amandine Faure:44.90
6680,Lyon,Toulouse,16/10/2026,0745,1459,1:Nour Sousa:52.78,2:Ryan Sokolov:44.84,3:Alice Alves:51.33,4:Daiki Martinez:32.67,5:Zola Diop:35.17,6:Bjorn Pereira:45.94,7:Zoe Popov:52.49,8:Olivia Alves:49.20,9:Santiago Robert:39.93,10:Simon Thomas:52.10,11:Madison Santos:51.03,12:Juan Greco:34.17,13:Nour Smith:53.25,14:Lian Sokolov:33.33,15:Eloise Oliveira:33.43,16:Sofia Sousa:31.75,17:Nicolas Doan:42.75,18:Hassan Martin:35.97,19:Louis Huang:34.68,20:Emi Cisse:44.36,21:Finn Davis:37.70,22:Kofi Wilson:38.23,23:Brenda Zimmermann:36.95,24:Thao Gallo:41.37,25:Tristan Haddad:47.98,26:Yasmine Kuznetsov:31.17,27:Dmitri Russo:49.98,28:Yara Rodrigues:30.96,29:Oceane Kuznetsov:40.55,30:Ryan Fournier:49.93,31:Chloe Fernandez:33.27,32:Gabriel Bernard:46.68,33:Lucia Kuznetsov:33.61,34:Manon Yamamoto:52.45
5144,Tours,Nantes,30/10/2026,1445,1803,1:Javier Wilson:13.70,2:Nour Wong:15.29,3:Ryo Boudjema:17.79,4:Finn Davis:20.25,5:Clement Moore:21.53,6:Zoe Diallo:20.35,7:Ricardo Alves:15.66,8:Aki Diop:20.23,9:Pierre Thomas:14.64,10:Aicha Wang:18.92,11:Corey Robert:19.84,12:Zoe Huang:16.52,13:Minh Gomes:23.11,14:Fode Diallo:22.27,15:Oceane Ouattara:16.58,16:Alessio Ziane:14.62,17:Javier Kovacs:17.22,18:Dmitri Bruno:15.96,19:Aki Muller:17.70,20:Skylar Almeida:20.07,21:Austin Wang:17.38,22:Elsa Suzuki:21.57,23:Amine Lefevre:18.23,24:Rayan Johnson:22.03,25:Gabriel Cherif:15.94,26:Rayan Robert:13.53,27:Ethan Smith:20.02,28:Imani Rizzo:21.96,29:Baptiste Pham:21.21,30:Hana Gallo:20.90
8692,Perpignan,Tours,25/09/2026,1230,2222,1:Silas Martin:48.81,2:Daiki Clark:55.76,3:Louis Clark:45.87,4:Natalia Martinez:45.21,5:Celeste Bianchi:50.65,6:Malika Brown:34.70,7:Omar Cisse:34.56,8:Margaux Muller:44.88,9:Ines Schulz:43.13,10:Kenza Ferrari:56.37,11:Olivia Pereira:40.87,12:Silas Brown:37.29,13:Rose Mohamed:57.43,14:Li Zhang:46.53,15:Sana Kovacs:55.40,16:Awa Laurent:58.20,17:Ulysse Weber:34.85,18:Akira Fournier:43.28,19:Sekou Haddad:57.25,20:Eloise Schulz:49.43,21:Sara Schmidt:48.16,22:Natalia Fournier:44.49,23:Imani Chung:45.42,24:Miguel Greco:42.35,25:Elena Boudjema:41.49,26:Zoe Tanaka:35.88,27:Rose Sato:42.31
1614,Tours,Le Mans,27/09/2026,1000,1207,1:Nala Le:21.94,2:Clement Wilson:13.88,3:Elena Richard:14.33,4:Malika Suzuki:22.14,5:Isabella Clark:15.58,6:Madison Khan:19.25,7:Lian Ferrari:18.09,8:Chloe Wong:13.13,9:Olivia Thomas:13.94,10:Sophie Vo:20.44,11:Sophie Clark:17.60,12:Corey Taylor:13.13,13:Zane Klein:14.37,14:Dylan Perez:18.69,15:Sara Kuznetsov:15.72,16:Javier Bianchi:18.06,17:Liam Fernandez:18.83,18:Kenza Taylor:19.78
2858,Paris,Lyon,05/09/2026,1000,1531,1:Chau Ouattara:25.20,2:Hugo Leroy:24.34,3:Bjorn Johnson:36.40,4:Karim Novak:38.93,5:Ulysse Vo:34.54,6:Pierre Yamamoto:30.08,7:Sofia Ramirez:26.30,8:Austin Schmidt:30.02,9:Hassan Pham:27.05,10:Silas Ziane:29.04,11:Driss Dupont:28.72,12:Hazel Schmidt:41.51,13:Li Oliveira:28.01,14:Willow Traore:24.67,15:Austin Haddad:35.49,16:Lucia Ramirez:24.32,17:Isabella Benali:34.84,18:Olivia Sousa:40.68,19:Quentin Santos:42.26,20:Thao Singh:34.31,21:Zane Kowalski:32.42,22:Skylar Novak:29.90,23:Lucia Huang:31.65,24:Erica Singh:25.03,25:Bilal Sokolov:37.19,26:Baptiste Thomas:28.91,27:Kai Michel:25.56,28:Skylar Gallo:41.53,29:Lucas Khelifi:42.94,30:Elsa Garnier:29.89
3929,Perpignan,Rennes,10/04/2026,0630,1552,1:Erica Cruz:36.05,2:Skylar Nguyen:40.67,3:Mei Vidal:44.01,4:Leila Roux:50.45,5:Natalia Durand:40.31
7561,Lyon,Toulouse,24/08/2026,0830,1654,1:Igor Popov:,2:Willow Tanaka:51.07,3:Harper Vasiliev:51.71,4:Thao Khan:35.12,5:Jeanne Doan:55.83,6:Igor Cherif:34.62,7:Silas Simon:51.60,8:Manon Bianchi:44.86,9:Imani Ahmed:35.62,10:Lian Cruz:35.04,11:Jules Park:46.03,12:Hassan Liu:41.17,13:Maria Roux:38.28,14:Camille Santos:34.01,15:Nour Wong:37.38,16:Kenza Perez:50.54,17:Jeanne Russo:42.58,18:Zola Martin:42.55,19:Felix Garnier:55.67,20::,21:Nour Brown:,22:Chen Muller:45.07,23:Santiago Sousa:47.36,24:Omar Kovacs:50.41,25:Harper Ziane:33.61,26:Sophie Popov:35.73,27:Aicha Ndiaye:34.02,28:Lucia Hussein:38.34,29:Dylan Petit:44.44,30:Katya Schulz:41.20,31:Chloe Lefevre:55.07,32:Jian Esposito:43.44,33:Amandine Perez:40.85
6889,Toulouse,Tours,25/09/2026,2000,0447,1:Aki Rodriguez:54.09,2:Sora Rodriguez:54.31,3:Erica Tanaka:43.02,4:Zoe Huang:54.12,5:Rayan Conti:51.62,6:Aicha Vo:47.97,7:Kimberly Williams:45.35,8:Zachary Moussa:40.68,9:Nala Le:43.77,10:Theo Gomes:57.14,11:Simon Nkosi:53.38,12:Bilal Kovacs:49.27,13:Kofi Suzuki:33.23,14:Willow Fernandez:39.10,15:Emi Schulz:44.22,16:Rayan Moreau:56.65,17:Katya Doan:41.55,18:Lea Leroy:58.43,19:Lian Diallo:51.15,20:Baptiste Ribeiro:43.94,21:Isabella Smith:43.64,22:Noah Diop:32.74,23:Sophie Tran:35.49
9272,Grenoble,Paris,23/10/2026,1130,1818,1:Jason Kowalski:50.37,2:Victor Nkosi:51.62,3:Baptiste Alves:40.71,4:Sara Khan:32.79,5:Orion Zhang:48.22,6:Daiki Martinez:50.47,7:Alessio Oliveira:43.39,8:Sana Zhang:48.95,9:Li Schmidt:39.09,10:Aicha Garnier:43.25,11:Olivia Sousa:42.93,12:Finn Fernandez:32.42,13:Sana Kovacs:45.78,14:Sofia Ramirez:42.74,15:Kenza Weber:41.85,16:David Simon:35.06,17:Taylor Durand:35.94,18:Amandine Conti:37.77,19:Kwame Perez:44.23,20:Chen Diallo:47.50,21:Malika Martin:37.11,22:Yumi Chen:49.71,23:Samira Tran:41.81,24:Lian Sokolov:41.58,25:Manon Clark:40.10,26:Samira Russo:48.12,27:Aisha Bruno:46.99
5024,Brest,Grenoble,19/08/2026,1745,0518,1:Isabella Nkosi:55.17,2:Ryan Rodriguez:35.03,3:Chloe Fernandez:48.58,4:Kenza Weber:48.83,5:Jules Liu:50.35,6:Amandine Cisse:33.42,7:Minh Rizzo:51.38,8:Willow Cisse:39.52,9:Celeste Bianchi:48.34,10:Zola Garcia:42.49,11:Minh Tran:51.65,12:Aisha Moussa:38.89,13:Kwame Brown:55.71,14:Nicolas Ahmed:39.35,15:Simon Wilson:33.22,16:Juan Greco:55.04,17:Chen Sanchez:58.34,18:Celeste Benali:42.29,19:Carmen Faure:44.98,20:Zane Zhang:57.89,21:Emma Pham:56.16,22:Arthur Chung:32.66,23:Ryo Chen:43.79,24:Rose Yamamoto:32.68,25:Gabriel Cisse:39.70,26:Chen Pereira:44.55,27:Imani Fournier:32.77
2287,La Rochelle,Lyon,16/08/2026,0645,1354,1:Rayan Dubois:52.47,2:Kwame Conti:39.47,3:Mei Ali:34.41,4:Amandine Conti:50.88,5:Ulysse Kovacs:58.30,6:Isabella Mohamed:54.45,7:Jules Moore:35.25,8:Farah Almeida:39.38,9:Amandine Chung:42.60,10:Celeste Lee:51.52,11:Dmitri Silva:34.61,12:Austin Gomes:46.41,13:Rayan Davis:,14:Bilal Mohamed:53.64,15:Sara Petit:51.89,16:Ines Schmidt:56.72,17:Jeanne Doan:46.50,18:Chau Khan:43.32,19:Dmitri Vidal:58.19,20:Skylar Rossi:40.66,21:Emi Cisse:55.91,22:Emi Robert:35.53,23:Rose Haddad:44.66,24:Willow Simon:57.67,25:Nicolas Ouattara:54.47,26:Valentine Chung:42.06,27:Ryan Sokolov:52.05,28:Adrien Chung:56.28,29:Ryan Morozov:53.04,30:Dmitri Le:57.55,31:Manon Taylor:51.82,32:Silas Sokolov:56.88,33:Emma Almeida:35.27,34:Wei Chung:44.67,35:Alice Hussein:33.90,36:Corey Yamamoto:58.35,37:Taylor Kim:33.86,38::,39:Hazel Lefevre:33.32,40:Erica Ribeiro:50.96,41:Clement Ivanov:34.18
5829,Montpellier,Rennes,16/05/2026,1515,0027,1:Isabella Novak:52.77,2:Amine Dupont:43.05,3:Austin Chen:49.26,4:Hassan Singh:51.94,5:Elsa Kim:37.92,6:Chen Yamamoto:48.49,7:Margaux Weber:34.10,8:Kenji Simon:34.87,9:Leila Pham:39.07,10:Zane Wilson:51.86,11:Maria Smith:56.97,12:Amandine Perez:39.88,13:Katya Singh:45.64,14:Farah Rizzo:56.17,15:Santiago Zimmermann:44.60,16:Silas Tran:46.06,17:Akira Petit:55.37,18:Madison Torres:41.55,19:Thao Moreau:48.26,20:Zoe Dubois:43.86,21:Ryan Rodriguez:52.24,22:Pablo Davis:40.63,23:Minh Benali:37.13,24:Carmen Faure:56.23,25:Manon Wagner:45.04,26:Wei Haddad:46.92,27:Jeanne Russo:40.08,28:Bilal Le:40.79,29:Kimberly Williams:44.55,30:Ulysse Torres:55.27,31:Elena Conti:33.86,32:Celeste Bianchi:46.83,33:Aisha Moussa:43.36,34:Ricardo Diop:38.59,35:Sekou Yamamoto:51.19,36:Liam Nkosi:37.76,37:Carmen Fernandez:40.89,38:Silas Moussa:52.37,39:Zane Kowalski:58.11,40:Ryo Boudjema:49.88,41:Jian Clark:35.15,42:Chloe Fernandez:34.67,43:Sofia Zhang:44.75,44:Oceane Vidal:55.61,45:Zola Williams:50.50,46:Lian Cruz:41.94,47:Harper Rizzo:46.96,48:Pierre Diallo:35.19,49:Thao Michel:45.33,50:Mei Wagner:49.20,51:Sonia Michel:53.18,52:Elena Liu:44.36,53:Sergei Perez:42.75,54:Manon Lefevre:58.13,55:Romain Schulz:50.68
4421,Tours,Le Mans,11/07/2026,1000,1245,1:Jason Khelifi:14.97,2:Mei Dupont:22.43,3:Nicolas Vidal:15.54,4:Pablo Robert:13.73,5:Aicha Wong:13.27,6:Sofia Suzuki:13.84,7:Nour Singh:15.28,8:Willow Ramirez:14.26,9:Ulysse Weber:17.70,10:Driss Williams:18.78,11:Kenza Chen:18.03,12:Isabella Ziane:15.77,13:Zoe Fahmi:12.97,14:Hassan Russo:21.84,15:Jeanne Doan:22.07,16:Simon Ahmed:17.39,17:Baptiste Benali:13.43,18:Mei Dubois:13.66,19:Dmitri Klein:21.81,20:Louis Simon:12.75,21:Driss Chung:13.50,22:Chloe Lefevre:17.79,23:Akira Novak:20.22,24:Bjorn Pereira:12.51,25:Adrien Vo:21.52,26:Mateo Laurent:20.98,27:Samira Wong:13.01,28:Silas Brown:20.86,29:Wei Kim:16.47,30:Taro Wilson:12.85,31:Chen Robert:16.17,32:Amine Leroy:20.62,33:Kofi Suzuki:16.64,34:Javier Petrov:13.00,35:Alice Doan:18.25,36:Finn Kowalski:22.17,37:Skylar Popov:13.78,38:Pierre Diallo:21.40,39:Elsa Perez:12.67,40:Sekou Ziane:13.20,41:Jian Zimmermann:18.05,42:Taylor Moore:21.20,43:Miguel Yamamoto:19.39,44:Karim Ouattara:14.86,45:Emma Petrov:21.19,46:Mehdi Ali:18.01,47:Leila Doan:20.10,48:Mei Nkosi:19.87,49:Chau Khan:20.04,50:Camille Morozov:18.59,51:Hana Pereira:17.09,52:Lian Oliveira:16.99,53:Nour Wang:16.45,54:Natalia Wong:20.38,55:Lucia Ramirez:18.97
3123,Saint-Etienne,Tours,07/12/2026,1500,1958,1:Nour Tran:23.95,2:Juan Morozov:34.78,3:Elena Laurent:29.59,4:Madison Tanaka:31.29,5:Erica Morozov:22.26,6:Paul Cruz:33.85,7:Mei Garnier:21.05,8:Noah Vo:20.86,9:Zoe Rodrigues:20.86,10:Kai Ahmed:29.15,11:Isabella Ziane:22.64,12:Dylan Ouattara:22.70,13:Lea Bianchi:30.81,14:Mei Tanaka:30.47,15:Mehdi Abebe:29.41,16:Quentin Ali:22.79,17:Isabella Novak:21.34,18:Igor Cherif:25.19,19:Margaux Muller:27.20,20:Hassan Singh:31.09,21:Celeste Fournier:20.93,22:Chau Zimmermann:25.37,23:Minh Fahmi:23.09,24:Bjorn Moreau:21.85,25:Jeanne Fahmi:25.48,26:Silas Le:31.21,27:Yasmine Pereira:32.70,28:Hazel Fernandez:22.02,29:Nour Cruz:36.21,30:Malika Nguyen:20.38
4230,Rouen,Perpignan,02/11/2026,1945,0646,1:Kimberly Mohamed:46.38,2:Alessio Moreau:32.68,3:Finn Diallo:45.46,4:Imani Chung:40.08,5:Austin Schmidt:45.12,6:Karim Liu:47.55,7:Farah Nkosi:36.43,8:Adrien Laurent:42.94,9:Juan Greco:48.20,10:Lucia Diop:39.07,11:Tristan Garnier:41.91,12:Karim Sousa:56.81,13:Olivia Kim:53.06,14:Leila Taylor:51.86,15:Austin Santos:52.17,16:Skylar Almeida:37.01,17:Celeste Boudjema:38.49,18:Driss Suzuki:39.73,19:Adrien Vo:41.10,20:Quentin Fernandez:57.42,21:Driss Williams:50.49,22:Aki Diop:46.00,23:Jian Martinez:47.98,24:Liam Nkosi:51.24,25:Skylar Petit:49.64,26:Elena Richard:32.94,27:Oceane Vidal:55.80,28:Valentine Smith:46.58
6031,Perpignan,Reims,20/04/2026,1900,0514,1:Hazel Traore:43.87,2:Bilal Thomas:47.76,3:Kenza Ferrari:33.06,4:Zoe Oliveira:43.43,5:Pierre Moussa:49.50,6:Liam Alves:32.85,7:Simon Le:52.96,8:Austin Doan:42.80,9:Rayan Novak:36.92,10:Bilal Sokolov:36.16,11:Noah Lopez:41.17,12:Carmen Wagner:40.82,13:Eloise Moreau:40.78,14:Zane Abebe:52.72,15:Sonia Boudjema:50.41,16:Silas Ziane:57.58,17:Emi Wang:48.32,18:Hana Bianchi:36.93,19:Kai Roux:55.94,20:Celeste Bianchi:50.49,21:Taylor Silva:35.95,22:Samira Morozov:40.99,23:Akira Rossi:44.21,24:Jason Yamamoto:45.71,25:Jules Bernard:39.90,26:Youssef Almeida:57.60,27:Igor Doan:40.83,28:Akira Ferrari:37.61,29:Javier Schmidt:49.88,30:Dmitri Le:35.09,31:Mateo Benali:52.56,32:Taylor Conti:40.41,33:Willow Popov:47.78,34:Alice Garnier:50.56,35:Olivia Ribeiro:33.48,36:Chloe Ferrari:42.86,37:Baptiste Roux:43.39,38:Noah Suzuki:45.39,39:Farah Gallo:32.65,40:Natalia Faure:48.70,41:Taro Zimmermann:34.65,42:Aisha Martinez:35.96,43:Arthur Cherif:33.02,44:Mehdi Abebe:52.12,45:Aisha Ali:45.03
4725,La Rochelle,Rennes,02/12/2026,1545,1935,1:Nour Singh:18.63,2:Chloe Kuznetsov:17.02,3:Margaux Fournier:28.19,4:Erica Lopez:24.69,5:Elsa Garnier:22.91,6:Imani Rodriguez:22.33,7:Akira Novak:18.61,8:Wei Chung:20.84,9:Isabella Lopez:17.47,10:Mei Ahmed:18.54,11:Jason Khelifi:18.17,12:Arthur Gomes:16.53,13:Daiki Garcia:28.31,14:Chau Lee:25.26,15:Amandine Wilson:19.12,16:Yara Brown:22.99,17:Katya Singh:16.75,18:Paul Pham:27.87,19:Javier Bianchi:19.61,20:Baptiste Richard:18.83,21:Pierre Garnier:24.63,22:Bilal Kuznetsov:17.42,23:Jackson Martinez:26.68,24:Brenda Kovacs:18.69,25:Youssef Popov:24.87,26:Finn Kowalski:20.24,27:Zachary Moussa:21.16,28:Ryo Perez:24.17
9711,Rouen,Tours,29/09/2026,1100,1515,1:Alice Johnson:34.92,2:Nour Cruz:23.73,3:Eloise Oliveira:25.00,4:Silas Dubois:25.83,5:Isabella Fahmi:29.17,6:Igor Moussa:29.73,7:Aisha Gallo:36.03,8:Aisha Haddad:27.94,9:Carmen Fernandez:23.38,10:Finn Kovacs:26.67,11:Dylan Petrov:25.26,12:Harper Ferrari:20.40,13:Austin Pereira:35.78,14:Liam Fernandez:30.57,15:Kimberly Williams:28.35,16:Yumi Wang:22.15,17:Sophie Popov:31.19,18:Gabriel Muller:25.42,19:Gabriel Cisse:22.99,20:Yumi Wilson:31.26,21:Mateo Kuznetsov:26.28,22:Lucia Traore:34.04,23:Alessio Moreau:20.19,24:Felix Ali:28.55,25:Kenji Simon:36.09,26:Fode Conti:24.60,27:Jules Garcia:35.99
7247,Nice,Bordeaux,12/04/2026,1015,0018,1:Hugo Greco:34.61,2:Hassan Diallo:41.05,3:Oceane Bernard:37.69,4::,5:Nicolas Bernard:37.73,6::,7:Madison Gomes:58.11,8:Mehdi Sato:47.88,9::,10:Eloise Khan:46.33,11:Brenda Mohamed:33.85,12:Willow Tanaka:54.63,13:Wei Lopez:34.64,14:Juan Rizzo:51.92,15:Wei Leroy:,16:Louis Haddad:33.57,17::,18:Baptiste Pham:36.98,19:Kofi Williams:51.15,20:Celeste Taylor:47.15,21:Jackson Ramirez:54.34,22:Chloe Kuznetsov:54.93,23:Santiago Ferrari:57.88,24::,25:Kenza Martinez:57.70,26::
4259,Reims,Clermont-Ferrand,03/03/2026,0615,1205,1:Baptiste Johnson:48.20,2:Manon Rizzo:32.06,3:Romain Zimmermann:45.05,4:Elena Richard:40.75,5:Sara Fahmi:31.22,6:Corey Martin:43.88,7:Olivia Ribeiro:29.14,8:Youssef Schmidt:36.41,9:Kai Liu:49.05,10:Emi Cisse:34.46,11:Gabriel Miller:37.69,12:Clement Moore:35.53,13:Baptiste Suzuki:36.90,14:Gabriel Fahmi:28.93,15:Chloe Laurent:31.45,16:Manon Kim:39.34,17:Kenji Khan:32.15,18:Bjorn Schmidt:31.07,19:Alice Tanaka:28.78,20:Sophie Sousa:42.53,21:Akira Abebe:38.08,22:Clement Kuznetsov:48.27,23:Lea Weber:48.46,24:Manon Novak:35.18,25:Austin Cisse:41.95,26:Karim Weber:39.82,27:Katya Ahmed:43.65,28:Awa Doan:30.84,29:Malika Vasiliev:36.12,30:Harper Sato:35.87,31:Fiona Vidal:46.50,32:Jeanne Petrov:47.26,33:Dylan Popov:45.26,34:Yara Clark:38.78,35:Clement Esposito:48.06,36:Chau Huang:39.59,37:Kenji Boudjema:48.10,38:Rayan Rodrigues:41.52,39:Celeste Boudjema:38.85,40:Alice Leroy:34.36,41:Li Dubois:45.21,42:Jian Clark:39.42,43:Harper Vasiliev:46.06,44:Felix Cisse:35.59,45:Fode Ferrari:41.06,46:Jules Tanaka:44.44,47:Pierre Doan:28.92,48:Mateo Laurent:48.20,49:Ryan Moreau:49.97,50:Gabriel Cisse:28.81,51:Simon Thomas:43.90,52:Taylor Moore:46.29,53:Kwame Cherif:31.46
9191,Nantes,Paris,20/05/2026,1245,,1:Baptiste Suzuki:40.24,2:Hana Miller:35.78,3:Chloe Ferrari:29.59,4:Nicolas Clark:37.57,5:Sophie Vo:50.21,6:Mei Garnier:33.99,7:Ines Haddad:36.15,8:Sophie Cruz:34.15,9:Pierre Garnier:35.51,10:Valentine Bianchi:45.27,11:Bilal Clark:44.84,12:Isabella Clark:36.04
9082,Paris,Bordeaux,01/05/2026,1345,2112,1:Alessio Moreau:56.91,2:Liam Vasiliev:55.44,3:Juan Sokolov:54.08,4:Javier Bianchi:58.07,5:Gabriel Garnier:34.97,6:Emi Cisse:38.37,7:Chloe Durand:41.60,8:Driss Almeida:46.90,9:Adrien Laurent:45.10,10:Javier Wilson:35.39,11:Katya Ahmed:35.91,12:Kwame Rizzo:38.93,13:Javier Dupont:56.02,14:Youssef Sousa:43.80,15:Sana Novak:35.59,16:Camille Santos:55.46,17:Imani Rizzo:55.53,18:Omar Martinez:42.85,19:Emi Park:51.59,20:Hazel Schmidt:57.58,21:Silas Clark:58.12,22:Lucia Simon:46.16,23:Wei Schmidt:44.42,24:Chloe Traore:38.54,25:Olivia Morozov:44.48,26:Zane Cherif:41.41,27:Maria Durand:57.63,28:Mei Wagner:47.74,29:Youssef Simon:35.86,30:Fode Yamamoto:46.87,31:Chau Torres:40.68,32:Nala Miller:52.91
5376,Saint-Etienne,Nice,01/12/2026,1345,2139,1:Orion Laurent:55.30,2:Rayan Greco:45.56,3:Sergei Rossi:33.92,4:Kenza Wang:58.21,5:Farah Diallo:52.32,6:Chau Huang:43.23,7:Natalia Moore:33.85,8:Ulysse Lopez:41.44,9:Katya Schulz:50.00,10:Amandine Ribeiro:42.32,11:Mateo Abebe:51.31,12:Sophie Tran:48.48,13:Amine Lefevre:58.20,14:Sergei Vasiliev:46.58,15:Aicha Santos:54.92,16:Hazel Morozov:54.76,17:Simon Le:45.66,18:Malika Sanchez:44.49,19:Manon Bianchi:36.87,20:Kimberly Schmidt:50.95,21:Miguel Dupont:40.61,22:Youssef Ziane:34.11,23:Samira Huang:49.77,24:Sofia Wang:55.05,25:Elena Ali:53.34,26:Harper Ramirez:32.92,27:Finn Diallo:47.36,28:Erica Sato:38.88
3598,Tours,Lille,08/10/2026,1430,1820,1:Ryan Cherif:25.35,2:Katya Yamamoto:27.70,3:Margaux Durand:20.73,4:Madison Diop:25.76,5:Taylor Conti:19.75,6:Juan Miller:21.81,7:Nour Tran:18.30,8:Sora Michel:26.97,9:Sana Sousa:29.32,10:Awa Suzuki:25.62,11:Fode Perez:29.81,12:Javier Petrov:22.97,13:Samira Wong:30.78,14:Liam Pereira:18.56,15:Brenda Garnier:28.93,16:Nicolas Gomes:25.80,17:Ryan Conti:22.52,18:Emma Petrov:18.87,19:Alessio Schmidt:25.40,20:Bilal Thomas:26.92,21:Aicha Kowalski:26.71,22:Youssef Morozov:27.49,23:Lian Pereira:25.20,24:Dylan Petit:19.87,25:Arthur Wong:26.62,26:Natalia Mohamed:29.82,27:Finn Miller:28.68,28:Skylar Novak:26.78,29:Manon Kim:29.77,30:Jules Cruz:22.32,31:Yasmine Zhang:26.21,32:Samira Lefevre:21.51
4850,Perpignan,Rennes,12/12/2026,2015,0538,1:Corey Ramirez:58.29,2:Mei Garnier:46.43,3:Hazel Ribeiro:47.73,4:Yumi Wang:40.72,5:Mateo Abebe:47.97,6:Jeanne Doan:42.19,7:Kenza Chen:45.73,8:Arthur Gomes:54.53,9:Alice Dupont:37.43,10:Romain Haddad:44.51,11:Fiona Miller:33.87,12:Kimberly Diop:45.36,13:Driss Chung:44.27,14:Chau Lee:39.10,15:Javier Richard:44.00,16:Akira Chen:45.76,17:Simon Taylor:45.55,18:Thao Michel:43.40,19:Valentine Singh:33.32,20:Jeanne Wang:46.87,21:Malika Taylor:49.55,22:Liam Nkosi:55.27,23:Wei Kim:54.33,24:Celeste Fournier:35.44,25:Jules Miller:44.94,26:Aicha Wang:34.26,27:Hazel Fernandez:47.91,28:Karim Weber:42.04,29:Bjorn Gallo:41.60,30:Aki Cisse:51.06,31:Chau Fournier:46.00,32:Sergei Rossi:58.43,33:Eloise Wilson:49.76,34:Valentine Clark:32.68,35:Hassan Liu:41.47,36:Jules Bernard:36.54,37:Simon Vidal:58.09,38:Mehdi Sato:42.37,39:Samira Wong:46.62,40:Aki Faure:51.21,41:Dmitri Klein:38.81,42:Youssef Almeida:57.76,43:Pierre Almeida:46.31,44:Jackson Ramirez:37.71,45:Oceane Lee:34.96,46:Li Martinez:49.08,47:Driss Williams:34.17
6137,Perpignan,Rennes,29/04/2026,1115,2206,1::,2::,3:Madison Santos:48.66,4:Austin Santos:48.31,5:Manon Lefevre:47.02,6:Miguel Sylla:46.23,7:Jian Torres:36.22,8:Noah Ramirez:50.73,9:Maria Durand:48.78,10:Emma Almeida:39.73,11:Farah Thomas:55.70,12:Ryan Sato:42.11,13:Harper Miller:45.60,14:Nala Fournier:52.10,15:Hazel Schmidt:50.68,16:Hassan Pham:50.21,17:Bilal Cruz:49.08,18:Jackson Ferrari:43.99,19:Kimberly Schmidt:32.71,20:Nour Popov:45.62,21:Silas Martin:42.32,22::,23:Bjorn Thomas:40.85,24:Ethan Ouattara:52.44,25:Jian Fahmi:55.07,26:Celeste Benali:35.88,27:Theo Taylor:34.63,28:Akira Ferrari:,29:Orion Laurent:49.70,30:Emi Conti:54.80,31:Sara Fahmi:35.52,32:Minh Tran:34.82,33::,34:Youssef Doan:45.08,35:Javier Novak:40.33,36:Hugo Miller:44.44
1340,Dijon,Clermont-Ferrand,26/12/2026,1415,1935,1:Taylor Moore:27.28,2:Jian Garcia:31.18,3:Aki Faure:42.90,4:Kenji Khan:30.53,5:Silas Hussein:37.46,6:Zane Almeida:27.03,7:Jackson Diop:42.87,8:Chau Weber:40.81,9:Arthur Garnier:31.88,10:Zachary Wong:27.71,11:Awa Sokolov:28.78,12:Alessio Gomes:28.43,13:Imani Rizzo:33.85,14:Driss Cruz:36.49,15:Victor Zimmermann:30.24,16:Alice Alves:35.50,17:Victor Tran:31.17,18:Bilal Gallo:39.21,19:Taro Gallo:40.41,20:Samira Ouattara:38.74,21:Silas Leroy:40.37,22:Theo Sousa:28.42,23:Finn Weber:34.30,24:Ethan Klein:31.78,25:Samira Wagner:36.00,26:Dmitri Wagner:43.23,27:Dylan Popov:33.71,28:Hazel Lefevre:36.43,29:Hugo Ribeiro:37.75,30:Aki Cisse:32.56,31:Isabella Le:24.94,32:David Faure:36.25,33:Santiago Miller:34.14
5493,Metz,Toulouse,24/08/2026,0700,1521,1:Lucas Almeida:49.77,2:Samira Russo:55.20,3:Harper Ouattara:57.06,4:Igor Alves:55.20,5:Daiki Gomez:46.10,6:Madison Thomas:55.16,7:Zane Fernandez:57.25,8:Paul Pham:37.84,9:Santiago Sanchez:43.69,10:Jason Ndiaye:37.41,11:Maria Garnier:45.29,12:Fode Park:35.38,13:Gabriel Yamamoto:39.49,14:Zoe Huang:44.44,15:Amandine Wilson:46.03,16:Liam Vasiliev:51.06,17:Liam Yamamoto:46.57,18:Zachary Wilson:47.89,19:Celeste Muller:50.78,20:Lucia Vo:46.38,21:Madison Diop:52.49,22:Yara Brown:32.92,23:Paul Davis:32.90,24:Lian Cruz:34.73,25:Felix Haddad:33.85,26:Austin Garcia:46.35,27:Jason Ferrari:56.93,28:Bjorn Tran:47.61,29:Natalia Weber:54.83,30:Juan Lefevre:54.49,31:Silas Novak:55.80,32:Erica Yamamoto:40.12,33:Corey Ivanov:32.83,34:Austin Haddad:43.44,35:Clement Zimmermann:44.90,36:Bjorn Greco:40.60,37:Elsa Perez:32.81,38:Driss Laurent:55.89,39:Eloise Schulz:38.67,40:Thao Michel:46.84,41:Harper Ziane:57.65,42:Chloe Garcia:45.42,43:Sonia Tran:57.06,44:Theo Dubois:55.19,45:Pierre Thomas:55.37,46:Sana Doan:49.19,47:Emma Pham:54.61,48:Wei Ribeiro:36.67,49:Daiki Wang:42.67,50:Maria Rodriguez:51.96,51:Emma Cherif:49.08,52:Amandine Robert:37.97,53:Jules Cherif:52.95
7529,Strasbourg,Tours,13/09/2026,1645,0243,1:Austin Liu:50.69,2:Hazel Traore:33.68,3:Bilal Ali:43.68,4:Elena Boudjema:42.81,5:Bjorn Schmidt:40.18,6:Javier Bianchi:54.14,7:Aisha Traore:49.77,8:Skylar Nguyen:49.61,9:Felix Garnier:33.00,10:Santiago Ferrari:34.91,11:Miguel Boudjema:46.66,12:Miguel Diop:42.12,13:Tristan Durand:40.99,14:Baptiste Pham:57.70,15:Imani Ali:57.41,16:Amine Gomez:57.52,17:Ulysse Lopez:40.13,18:Felix Klein:35.98
4965,Paris,Nantes,04/09/2026,1300,2007,1:Li Martinez:37.34,2:Karim Liu:44.90,3:Amine Torres:55.21,4:Mateo Wang:58.20,5:Lucas Khelifi:51.94,6:Mei Diallo:41.44,7:Sana Vo:39.89,8:Farah Nkosi:53.30,9:Emma Dupont:33.21,10:Zoe Popov:36.69,11:Driss Williams:54.25,12:Manon Popov:40.34,13:Ricardo Dubois:50.04,14:Imani Zhang:35.14,15:Romain Lopez:47.15,16:Eloise Moreau:40.61,17:Simon Brown:37.23,18:Amine Lefevre:55.81,19:Rose Perez:37.11,20:Amandine Conti:48.72,21:Youssef Almeida:38.44,22:Lucas Singh:48.64,23:Zola Greco:36.26,24:Amine Rossi:52.53,25:Dylan Petit:48.76,26:Mateo Novak:57.53,27:Nicolas Esposito:44.85,28:Olivia Weber:34.93,29:Orion Laurent:38.93,30:Malika Suzuki:36.35,31:Kai Roux:51.86
4910,Lyon,La Rochelle,05/07/2026,1145,1801,1:Kofi Suzuki:34.55,2:Chau Diop:52.50,3:Sara Greco:38.91,4:Simon Wilson:43.19,5:Maria Tran:34.90,6:Isabella Park:46.44,7:Javier Haddad:48.32,8:Lian Kim:33.39,9:Leila Johnson:45.22,10:Nicolas Esposito:51.62,11:Hassan Kowalski:35.45,12:Rayan Singh:33.45,13:Mateo Huang:42.22,14:Ryan Sato:49.60,15:Minh Tran:34.34,16:Willow Traore:32.39,17:Sora Russo:39.39,18:Mateo Schulz:52.26
4183,Clermont-Ferrand,Montpellier,26/11/2026,1515,1927,1:Zola Smith:30.34,2:Lucia Huang:24.58,3:Sara Martinez:20.72,4:Elena Liu:22.92,5:Sara Dubois:27.74,6:Liam Rodriguez:27.85,7:Pierre Moussa:32.69,8:Noah Hussein:34.25
6382,Tours,Saint-Etienne,24/05/2026,1600,2108,1:Corey Weber:36.84,2:Adrien Moore:32.91,3:Malika Richard:40.16,4:Katya Yamamoto:31.72,5:Samira Bruno:27.13,6:Quentin Novak:30.75,7:Ethan Bianchi:25.06,8:Ulysse Park:40.62,9:Imani Williams:32.50,10:Manon Wagner:27.27,11:Alessio Moreau:27.76,12:Emi Nkosi:36.36,13:Thao Ndiaye:35.43,14:Paul Muller:31.97,15:Zachary Vo:23.81,16:Javier Zimmermann:31.25,17:Daiki Kim:38.79,18:Gabriel Sanchez:31.03,19:Nicolas Ahmed:23.18,20:Finn Tran:32.94,21:Taylor Smith:30.98,22:Olivia Wong:32.98,23:Lian Lee:26.19,24:Mateo Novak:32.19,25:Corey Faure:31.27,26:Ethan Durand:38.35,27:Sekou Moreau:31.29,28:Taro Greco:35.81,29:Theo Kim:35.19,30:Yumi Liu:39.36,31:Sonia Boudjema:36.66
1688,Saint-Etienne,Brest,29/10/2026,1015,2046,1:Lucia Traore:49.52,2:Lea Wilson:35.21,3:Taylor Wilson:40.96,4:Eloise Wilson:46.67,5:Willow Ramirez:39.96,6:Felix Esposito:42.33
4784,Angers,Nantes,05/05/2026,0830,1057,1:Hassan Liu:14.26,2:Camille Fahmi:14.61,3:Sonia Ahmed:21.11,4:Victor Diop:18.98,5:Mei Garnier:15.23,6:Orion Davis:14.66,7:Jules Santos:14.72,8:Sara Khelifi:14.01,9:Karim Petrov:17.85,10:Daiki Moussa:18.62,11:Taro Pham:14.50,12:Theo Kim:14.99,13:Daiki Dupont:12.64,14:Lucas Khelifi:12.68,15:Margaux Muller:18.07,16:Arthur Chung:16.35,17:Gabriel Cherif:18.01,18:Willow Cruz:15.38,19:Felix Cisse:13.13,20:Jason Ferrari:14.03,21:Pierre Garnier:21.15,22:Aicha Ziane:14.06,23:Hassan Rizzo:16.37,24:Hazel Lefevre:16.74,25:Baptiste Rossi:22.28,26:Alice Huang:21.42,27:Willow Traore:14.26
9586,Reims,Angers,12/12/2026,1845,0309,1:Imani Bernard:50.23,2:Jeanne Doan:40.13,3:Austin Thomas:34.75,4:Mei Nkosi:52.79,5:Natalia Davis:40.65,6:Sophie Wang:57.46,7:Lucas Singh:48.01,8:Karim Weber:50.84,9:Harper Ribeiro:45.75,10:Theo Santos:42.06,11:Awa Doan:32.88,12:Bilal Torres:56.06,13:Sekou Ahmed:48.11,14:Simon Garnier:34.60,15:Chloe Laurent:53.81,16:Adrien Laurent:50.05,17:Emma Cherif:33.37,18:Isabella Le:52.81,19:Sofia Silva:40.77,20:Jian Esposito:57.10,21:Lucia Traore:58.06,22:Malika Robert:45.42,23:Lea Weber:56.57,24:Farah Le:52.47,25:Sofia Davis:48.55,26:Miguel Novak:52.65,27:Bjorn Richard:51.34,28:Bilal Ivanov:38.22,29:Lian Cruz:46.55,30:Pierre Moussa:37.72,31:Aki Huang:58.02,32:Omar Singh:52.55,33:Rayan Johnson:56.32
4705,Angers,Saint-Etienne,19/08/2026,2200,0343,1:Skylar Davis:41.50,2:Simon Le:38.03,3:Isabella Smith:32.85,4:Elena Boudjema:33.43,5:Aicha Garnier:25.70,6:Ryo Bruno:,7:Baptiste Suzuki:30.05,8:Victor Khelifi:34.49,9:Rose Martin:31.45,10:Chau Torres:25.78,11:Ethan Durand:40.20,12::,13:Awa Suzuki:42.58,14:Natalia Sylla:39.90,15:Rayan Torres:25.72,16:Fode Fournier:37.83,17:Louis Sanchez:26.43,18:Theo Dubois:28.21,19:Kenza Garnier:32.14,20:Noah Brown:38.04,21:Jason Yamamoto:25.68,22:Aicha Robert:34.89,23:Isabella Fahmi:42.13,24:Harper Vasiliev:34.57,25:Emma Martin:30.90,26:Hana Bianchi:39.94,27:Taylor Conti:29.42,28:Wei Leroy:32.03,29:Louis Haddad:27.89,30:Kenji Simon:41.83,31:Omar Cisse:38.89,32:Youssef Bianchi:34.09
4554,La Rochelle,Le Mans,04/05/2026,1200,1438,1:Silas Le:19.66,2:Malika Moore:14.25,3:Zachary Zimmermann:16.81,4::,5:Austin Liu:16.35,6:Jeanne Doan:14.91,7:Emi Johnson:13.94,8:Fode Diallo:15.78,9:Alice Dupont:15.63,10:Imani Moussa:20.94,11:Mei Tanaka:13.01,12:Amine Torres:15.44,13:Javier Wang:20.60,14:Farah Thomas:13.25,15:Natalia Zhang:21.12,16:Omar Esposito:14.10,17:Skylar Nguyen:13.30,18:Pierre Diallo:17.52,19:Driss Chung:17.06,20:Zane Almeida:20.97,21:Igor Ali:13.55,22:Jian Popov:21.54,23:Louis Park:16.77,24:Willow Kim:21.97,25:David Cherif:12.73,26:Tristan Durand:19.50,27:Amine Lefevre:19.53,28:Sora Russo:16.53,29:Arthur Abebe:20.14,30:Maria Smith:20.66,31:Zane Cherif:16.33,32:Jian Torres:15.44,33:Ines Kovacs:,34:Yasmine Alves:13.93,35:Chau Ouattara:21.95,36:Zola Williams:13.20,37:Gabriel Miller:16.05,38:Oceane Boudjema:19.72,39:Jason Kowalski:22.02,40:Natalia Weber:20.14,41:Elsa Rodriguez:16.37,42::,43::,44:Manon Rizzo:19.23,45:David Ferrari:15.22,46:Hugo Wilson:20.68,47:Manon Bianchi:18.23,48:Madison Sylla:,49:Erica Sanchez:19.05,50:Sana Smith:18.51,51:Sara Petit:17.99,52:Leila Greco:22.24,53:Juan Petit:14.56
5947,La Rochelle,Montpellier,27/02/2026,1030,1750,1:Manon Gomes:54.97,2:Samira Russo:56.09,3:Nala Miller:57.18,4:Sofia Lee:53.68,5:Finn Weber:48.22,6:Bilal Le:54.98,7:Jules Cruz:44.80,8:Clement Lee:39.37,9:Oceane Greco:41.87,10:Taro Doan:52.54,11:Sara Khan:46.41,12:Amine Cherif:47.95,13:Minh Smith:42.04,14:Simon Garcia:40.78,15:Santiago Perez:33.33,16:Pablo Wang:53.77,17:Baptiste Rodriguez:41.61,18:David Gomez:44.69,19:Jeanne Kuznetsov:51.15,20:Olivia Morozov:44.45,21:Noah Ramirez:41.66,22:Elsa Bianchi:58.15,23:Quentin Fernandez:53.73,24:Corey Nguyen:43.13,25:Emma Brown:43.34,26:Isabella Benali:35.02,27:Isabella Popov:36.95
7755,Lille,Toulouse,06/04/2026,1930,0517,1:Chen Nguyen:34.51,2:Yumi Chen:40.28,3:Alessio Moreau:37.33,4:Sophie Tran:46.16,5:Amandine Conti:55.52,6:David Faure:41.30,7:Zoe Fahmi:43.75,8:Arthur Cherif:57.26,9:Emma Sokolov:53.34,10:Bilal Kuznetsov:44.27,11:Sophie Nguyen:32.87,12:Taro Pham:57.58,13:Carmen Bruno:38.66,14:Thao Khan:42.97,15:Erica Tanaka:42.42,16:Silas Novak:33.00,17:Eloise Schulz:55.06,18:Silas Smith:49.30,19:Romain Santos:50.93,20:Kai Park:36.90,21:Fiona Park:48.49,22:Erica Mohamed:42.76,23:Austin Moussa:34.59,24:Kai Rodrigues:37.66,25:Noah Ramirez:53.76,26:Farah Rizzo:36.73,27:Nour Wong:43.83,28:Amine Rizzo:38.42,29:Daiki Martinez:49.67
6703,Rennes,La Rochelle,25/02/2026,1630,2102,1:Lian Sokolov:23.53,2:Amandine Haddad:31.23,3:Willow Sokolov:29.41,4:Sara Schmidt:29.96,5:Dmitri Ferrari:19.97,6:Mehdi Ali:25.67,7:Nala Moore:25.48,8:Mateo Abebe:25.32,9:Manon Taylor:25.15,10:Bjorn Esposito:33.73,11:Austin Wang:32.58,12:Chloe Morozov:27.09,13:Youssef Ziane:22.62,14:Dylan Petrov:32.03,15:Ryan Vidal:30.34,16:Yasmine Zhang:30.42,17:Gabriel Muller:19.58,18:Awa Klein:23.29,19:Elena Conti:19.39,20:Yara Oliveira:22.88,21:Rose Thomas:23.51,22:Daiki Sousa:22.40,23:Harper Boudjema:25.10,24:Taro Gallo:25.02,25:Jules Cruz:23.34,26:Paul Diop:28.20,27:Jackson Ferrari:30.84,28:Bilal Le:29.76,29:Igor Doan:27.71,30:Minh Schulz:30.66,31:Nala Dupont:25.07
6141,Paris,Strasbourg,03/11/2026,1015,2104,1:Mehdi Schmidt:38.98,2:Omar Esposito:58.23,3:Aisha Haddad:56.18,4:Margaux Durand:35.18,5:Eloise Boudjema:38.73,6:Sergei Traore:49.67,7:Imani Alves:38.32,8:Jeanne Doan:40.07,9:Alessio Silva:42.20,10:Mehdi Laurent:43.22,11:Javier Zimmermann:46.90,12:Olivia Sousa:56.83
8771,Grenoble,Clermont-Ferrand,15/08/2026,1630,2025,1:Sonia Kim:23.46,2:Louis Fernandez:18.05,3:Austin Schmidt:22.12,4:Pierre Rodriguez:27.14,5:Nicolas Vidal:24.81,6:Akira Wang:17.56,7:Li Faure:20.23,8:Emi Cisse:17.18,9:Isabella Lefevre:26.06,10:Mateo Benali:24.70,11:Tristan Tran:28.69,12:Theo Le:26.27,13:Amandine Faure:17.40,14:Brenda Dubois:26.68,15:Elena Diallo:26.99,16:Sofia Suzuki:25.97,17:Imani Petrov:17.36,18:Romain Zimmermann:28.32,19:Bjorn Moreau:28.75,20:Mateo Fernandez:21.04,21:Clement Kuznetsov:27.98,22:Sara Fahmi:17.46,23:Manon Clark:25.68,24:Valentine Martinez:23.79,25:Isabella Schmidt:17.15,26:Yasmine Nguyen:21.09,27:Olivia Sousa:27.23,28:Nala Wang:21.05,29:Chen Diallo:25.72,30:Skylar Nguyen:25.53
7419,Saint-Etienne,La Rochelle,05/07/2026,0945,1526,1:Emi Wagner:29.17,2:Lea Sato:28.43,3:Yara Wong:41.48,4:Li Kowalski:25.66,5:Paul Davis:37.06,6:Tristan Diop:30.69,7:Simon Nkosi:30.24,8:Ethan Klein:27.52,9:Jackson Diop:31.65,10:Oceane Boudjema:31.56,11:Minh Le:24.71,12:Silas Clark:27.65,13:Taylor Fournier:25.28,14:Noah Tanaka:40.86,15:Simon Ndiaye:24.83,16:Jackson Kuznetsov:30.01,17:Emma Almeida:31.46,18:Akira Petit:33.47,19:Mateo Laurent:43.40,20:Sergei Gallo:30.57,21:Yumi Liu:33.94,22:Zane Suzuki:35.55,23:Driss Nguyen:28.41,24:Akira Rossi:30.64,25:Aki Cisse:34.33,26:Mateo Brown:33.34
7376,Nantes,Montpellier,19/05/2026,1930,0401,1:Akira Fournier:39.66,2:Oceane Huang:52.36,3:Sophie Cruz:37.54,4:Manon Taylor:35.77,5:Willow Khelifi:49.09,6:Youssef Popov:45.54,7:Victor Zimmermann:35.46,8:Jeanne Wagner:55.48,9:Lucas Suzuki:34.01,10:Chau Simon:47.80,11:Ethan Smith:49.09,12:Karim Fahmi:58.33,13:Taylor Moore:50.64,14:Corey Moreau:35.09,15:Akira Ferrari:50.20,16:Chau Bianchi:52.04,17:Nour Morozov:58.41,18:Ryo Esposito:56.93,19:Austin Garcia:45.69,20:Javier Novak:55.53,21:Amine Weber:35.45,22:Simon Chen:33.24,23:Quentin Leroy:44.86,24:Dylan Moreau:44.40,25:Madison Diop:57.18,26:Katya Rodrigues:40.48,27:Silas Novak:44.80,28:Rayan Johnson:44.73,29:Sora Davis:37.99,30:Rose Thomas:44.66,31:Valentine Sato:47.44
8574,Metz,Limoges,26/08/2026,1830,0310,1:Driss Oliveira:55.69,2:Isabella Smith:35.84,3:Ryan Klein:40.58,4:Dmitri Bruno:35.37,5:Madison Tran:36.11,6:Nicolas Vidal:47.25,7:Jeanne Moreau:37.00,8:Camille Santos:32.77,9:Zoe Perez:35.12,10:Theo Schmidt:46.06,11:Amine Gomez:40.91,12:Driss Chung:43.09,13:Ryo Boudjema:40.68,14:Pablo Ziane:47.92,15:Farah Nkosi:32.52,16:Finn Kovacs:55.57,17:Nala Simon:41.96,18:Hassan Rodriguez:49.32,19:Willow Tanaka:53.36,20:Jian Zimmermann:34.05,21:Oceane Huang:48.47,22:Malika Sousa:48.19,23:Fode Tanaka:49.27,24:Aicha Muller:48.92,25:Minh Gomes:35.11,26:Harper Ouattara:49.06,27:Harper Ferrari:42.62,28:Ethan Bianchi:55.03,29:Isabella Lefevre:32.72,30:Hugo Nkosi:33.93,31:Zane Wilson:56.19,32:Awa Suzuki:39.15,33:Valentine Moreau:56.21,34:Farah Pereira:58.38
8603,Grenoble,Metz,04/04/2026,1845,2244,1:Katya Khelifi:22.68,2:Taylor Kim:20.41,3:Chloe Novak:17.72,4:Imani Perez:21.48,5:Harper Ferrari:19.86,6:Margaux Khan:26.58,7:Paul Moussa:26.19,8:Arthur Cisse:16.16,9:Carmen Wagner:19.20,10:Alice Johnson:20.75,11:Emma Nguyen:22.04,12:Samira Sokolov:26.54,13:Thao Ndiaye:18.73,14:Jeanne Moreau:18.40,15:Arthur Abebe:17.55,16:Gabriel Fahmi:28.07,17:Madison Tran:22.29,18:Eloise Schulz:18.04,19:Ulysse Kovacs:26.20,20:Theo Silva:25.43,21:Kwame Schulz:22.12,22:Elena Diallo:26.40,23:Hugo Leroy:26.83,24:Driss Oliveira:25.99,25:Kenza Ferrari:18.00
7327,La Rochelle,Toulouse,13/05/2026,0700,1221,1:Daiki Bianchi:31.25,2:Arthur Ivanov:43.62,3:Brenda Zimmermann:37.70,4:Skylar Nguyen:41.50,5:Chloe Kovacs:28.56,6:Mehdi Ali:41.73,7:Willow Cruz:37.46,8:Fode Yamamoto:41.40,9:Chloe Conti:38.90,10:Sergei Sokolov:27.42,11:Omar Singh:27.91,12:Igor Almeida:28.73,13:Sophie Cruz:29.09,14:Orion Laurent:26.12,15:Finn Weber:38.52,16:Samira Martin:30.94,17:Jeanne Taylor:37.82,18:Thao Michel:32.91,19:Jackson Wang:45.86,20:Skylar Rossi:30.23,21:Natalia Muller:25.95,22:Nour Wong:25.75,23:Chen Wong:32.37,24:Mei Nguyen:27.32,25:Juan Miller:40.78,26:Bjorn Schmidt:31.54,27:Aki Muller:34.90,28:Jeanne Kovacs:32.83,29:Yara Miller:40.10,30:Aki Torres:27.34,31:Bilal Thomas:26.82
5750,Perpignan,Strasbourg,24/12/2026,1815,0412,1:Isabella Dupont:55.62,2:Paul Muller:55.77,3:Chloe Ferrari:57.12,4:Clement Ivanov:40.16,5:Louis Zimmermann:49.61,6:Louis Ouattara:35.34,7:Baptiste Pham:54.36,8:Austin Cisse:51.89,9:Amine Rossi:39.60,10:Felix Khan:49.36,11:Sophie Vidal:39.07,12:Amine Gomez:39.66,13:Kenji Leroy:52.50,14:Fiona Miller:57.19,15:Zoe Popov:43.96,16:Felix Muller:57.91,17:Samira Tran:47.75,18:Dylan Rizzo:39.53,19:Ricardo Wagner:33.49,20:Valentine Smith:45.23,21:Farah Rizzo:55.65,22:Valentine Huang:54.31,23:Baptiste Roux:40.27,24:Bjorn Lefevre:56.12,25:Felix Taylor:41.38,26:Skylar Gallo:53.72
1237,Bordeaux,Montpellier,10/04/2026,0900,1819,1:Sofia Ribeiro:49.98,2:Simon Garcia:36.47,3:Mei Ziane:41.68,4:Isabella Nkosi:36.16,5:Jeanne Taylor:53.31,6:Dylan Perez:52.13,7:Quentin Leroy:35.43,8:Sonia Diallo:39.75,9:Brenda Ouattara:33.01,10:Chau Wang:50.03,11:Lucas Oliveira:36.54,12:Zola Torres:37.61,13:Baptiste Rossi:37.30,14:Harper Kuznetsov:49.31,15:Fode Faure:51.45,16:Finn Fernandez:40.32,17:Bilal Kovacs:43.67,18:Samira Martin:48.97,19:Juan Miller:47.13,20:Alessio Silva:49.82,21:Fode Dubois:33.43,22:Quentin Gomez:34.05,23:Emi Pham:45.97,24:Farah Le:46.48,25:Kenza Schulz:51.11,26:Celeste Ramirez:39.22,27:Felix Wagner:53.34,28:Elsa Garnier:36.86,29:Jules Bruno:57.61,30:Kwame Perez:53.00
1909,Paris,Rennes,27/02/2026,0815,1326,1:David Le:33.52,2:Leila Roux:36.83,3:Lucia Mohamed:35.32,4:Imani Bernard:36.12,5:Hugo Thomas:32.33,6:Rayan Davis:36.97,7:Ricardo Liu:39.15,8:Zane Kowalski:24.79,9:Li Dubois:31.43,10:Youssef Chung:31.08,11:Chen Roux:29.36,12:Skylar Rossi:30.25,13:Manon Yamamoto:24.18,14:Brenda Le:38.51,15:Kwame Conti:32.17,16:Yara Moore:29.93,17:Taro Gallo:30.19,18:Rose Miller:42.66,19:Ulysse Schulz:42.37,20:Sofia Zhang:24.42,21:Finn Weber:26.63,22:Sophie Clark:38.83,23:Sora Rodriguez:41.11,24:Ryan Ziane:37.89,25:Theo Gomes:33.09,26:Alessio Silva:42.34,27:Li Le:33.79,28:Lucas Diop:38.06,29:Ulysse Johnson:33.28,30:Brenda Ouattara:35.56,31:Bilal Gallo:33.24,32:Samira Lefevre:28.98,33:Maria Sylla:28.57
7836,Lyon,Dijon,19/12/2026,1330,1514,1:Felix Ali:14.35,2:Oceane Gomez:18.03,3:Hassan Bruno:19.83,4:Zane Almeida:19.58,5:Taro Wang:22.03,6:Igor Cisse:13.90,7:Bjorn Gallo:18.24,8:Li Gomes:21.65,9:Juan Ziane:13.09,10:Yara Clark:18.19,11:Zola Diop:17.11,12:Brenda Le:16.51,13:Elsa Rodriguez:16.40,14:Lucas Singh:12.85,15:Juan Sokolov:19.13,16:Theo Tanaka:22.00,17:Zachary Moussa:16.39,18:Willow Abebe:13.14,19:Jason Fournier:18.16,20:Ricardo Cruz:17.99,21:Paul Moreau:13.41,22:Ethan Torres:19.52,23:Rayan Chen:14.16,24:Zachary Gomes:14.51,25:Lian Diallo:21.01,26:Madison Sylla:21.24,27:Nour Russo:19.26,28:Nicolas Ferrari:13.70,29:Chau Weber:20.21,30:Sofia Pham:15.88,31:Santiago Clark:16.75
3934,Nantes,Tours,07/06/2026,2045,0138,1:Hugo Fahmi:27.84,2:Imani Kuznetsov:24.29,3:Celeste Park:41.82,4:Emi Pham:27.01,5:Kenza Pereira:29.71,6:Taylor Kim:33.96,7:Felix Wagner:31.26,8:Lucia Diop:33.71,9:Chloe Wong:35.38,10:Skylar Richard:30.60,11:Hazel Schmidt:26.77,12:Romain Gallo:27.63,13:Silas Clark:41.71,14:Zane Abebe:29.14,15:Jeanne Russo:31.99,16:Austin Schmidt:34.29,17:Karim Sanchez:24.90,18:Aicha Rizzo:35.61,19:Sora Klein:28.54,20:Nala Le:27.37,21:Kenji Weber:41.89,22:Hazel Lefevre:30.06,23:Eloise Sanchez:42.12,24:Valentine Sato:42.72,25:Igor Muller:32.25,26:Sana Kovacs:32.15,27:Taylor Wilson:35.49,28:Sergei Sokolov:37.82,29:Sofia Kovacs:29.89,30:Ryan Sokolov:27.24,31:Ulysse Vidal:35.06,32:Sara Khelifi:38.99,33:Mehdi Rodriguez:32.34,34:Finn Johnson:27.91,35:Imani Bernard:38.25,36:Chau Lee:33.91,37:Alessio Silva:41.02,38:Eloise Wilson:30.52,39:Chloe Russo:30.79,40:Taro Gallo:26.23,41:Karim Faure:24.92,42:Aki Faure:38.92,43:Erica Sokolov:42.79,44:Sora Durand:30.84
7686,Lille,Paris,30/05/2026,1130,1352,1:Sophie Gomez:21.91,2:Ryan Rossi:13.16,3:Nicolas Gomes:22.59,4:Chloe Weber:18.89,5:Zola Williams:14.28,6:Sana Park:19.48,7:Madison Tanaka:22.82,8:Santiago Perez:18.02,9:Leila Ndiaye:22.23,10:Olivia Khelifi:14.46,11:Zola Torres:22.57,12:Sofia Davis:12.86,13:Rayan Perez:15.55,14:David Simon:20.31,15:Nala Sanchez:15.97,16:Clement Lee:17.99,17:Igor Popov:17.24,18:Aisha Martinez:22.06,19:Sofia Lee:22.59,20:Silas Ziane:20.59,21:Eloise Weber:13.78,22:Margaux Fournier:21.76,23:Harper Ziane:19.58,24:Chau Almeida:15.40,25:Arthur Durand:15.67,26:Santiago Miller:15.94,27:Samira Morozov:19.57,28:Minh Benali:20.80,29:Youssef Simon:21.65,30:Katya Khelifi:15.74
3645,Limoges,Grenoble,12/12/2026,1100,1542,1:Baptiste Pham:29.62,2:Brenda Zimmermann:34.97,3:Finn Weber:27.13,4:Elsa Park:37.93,5:Farah Wilson:25.20,6:Wei Haddad:29.07,7:Bilal Cruz:28.14,8:Wei Ribeiro:27.29,9:Chloe Traore:35.97,10:Chen Wong:34.22,11:Manon Rizzo:36.74,12:Aisha Martinez:34.75,13:Jules Mohamed:30.66,14:Quentin Petrov:31.76,15:Amandine Ziane:36.93,16:Sonia Michel:29.15,17:Driss Suzuki:23.05,18:Amandine Moore:21.58,19:Paul Pham:31.59,20:Samira Martin:28.84,21:Elsa Bianchi:21.93,22:Celeste Ramirez:38.27,23:Bilal Sokolov:27.59,24:Sophie Ouattara:34.05,25:Ulysse Kovacs:36.59,26:Silas Klein:26.16,27:Corey Ramirez:23.01,28:Theo Kim:23.09,29:Harper Ndiaye:36.58,30:Arthur Abebe:24.73,31:Imani Chung:29.07,32:Manon Lefevre:27.98
1829,La Rochelle,Nantes,19/07/2026,0715,1023,1:Skylar Laurent:15.21,2:Juan Russo:24.92,3:Emma Cherif:22.38,4:Zoe Chen:24.98,5:Minh Rossi:15.34,6:Sophie Nguyen:14.52,7:Pierre Rodriguez:19.97,8:Minh Rizzo:19.87,9:Dylan Perez:20.64,10:Harper Ferrari:19.22,11:Valentine Smith:14.99,12:Elsa Bianchi:22.76,13:Theo Schmidt:17.56,14:Theo Sousa:17.19,15:Awa Sato:15.88,16:Ryan Ivanov:16.27,17:Jeanne Fahmi:24.37,18:Pablo Ziane:15.30,19:Hana Gallo:17.50,20:Taro Clark:18.86,21:Clement Fernandez:20.44,22:Lucas Greco:25.04,23:Alice Doan:24.88,24:Nala Esposito:17.11,25:Dmitri Klein:20.37,26:Jackson Diop:23.27,27:Jian Martinez:16.61,28:Aisha Haddad:24.14,29:Kenza Bernard:21.25
3399,Clermont-Ferrand,Metz,16/07/2026,1845,0118,1:Nicolas Clark:39.09,2:Clement Sato:40.52,3:Santiago Sousa:53.20,4:Arthur Ivanov:50.71,5:Juan Tran:53.25,6:Valentine Khelifi:47.72,7:Katya Khelifi:51.01,8:Igor Moussa:50.15,9:Zachary Laurent:51.37,10:Awa Doan:51.07,11:Skylar Chung:46.33,12:Elsa Kim:35.95,13:Farah Pereira:48.47,14:Elena Sousa:32.12,15:Akira Rossi:33.92,16:Yara Kovacs:32.87,17:Baptiste Ribeiro:53.28,18:Aicha Robert:53.89,19:Kenji Weber:48.88,20:Harper Cisse:31.13,21:Leila Hussein:35.22,22:Isabella Mohamed:30.72,23:Ines Sokolov:51.35,24:Jian Esposito:43.53,25:Ulysse Morozov:50.90,26:Lian Cherif:40.16,27:Kofi Petit:44.05,28:Taylor Gomes:51.60,29:Harper Nkosi:32.36,30:Isabella Clark:31.83
2290,Rouen,Bordeaux,25/09/2026,1600,2257,1:Mei Dubois:33.18,2:Yasmine Alves:47.56,3:Bilal Sokolov:53.55,4:Sana Novak:46.31,5:Quentin Greco:46.26,6:Mei Ziane:55.16,7:Minh Sato:40.57,8:Juan Ziane:43.35,9:Igor Ali:42.63,10:Bjorn Greco:43.36,11:Austin Gomes:57.12,12:Clement Lee:34.05,13:Fode Dubois:35.47,14:Chen Sanchez:54.42,15:Felix Nguyen:48.48,16:Louis Simon:41.35,17:Sonia Kim:37.34,18:Igor Moussa:46.12,19:Igor Cherif:55.20,20:Willow Tanaka:56.11,21:Youssef Abebe:33.03,22:Aisha Moussa:50.55,23:Chau Lee:47.78,24:Rose Miller:43.32,25:Hazel Tran:51.74,26:Margaux Dupont:56.13,27:Elsa Ali:33.81,28:Noah Conti:37.89,29:Bjorn Richard:44.59,30:Sofia Wang:35.54,31:Emi Wang:56.75
8943,Montpellier,Nice,06/02/2026,0815,1359,1:Jackson Popov:43.81,2:Rose Smith:46.76,3:Natalia Muller:33.46,4:Imani Ramirez:27.78,5:Zola Cherif:42.94,6:Pablo Robert:45.33,7:Chen Morozov:31.51,8:Eloise Weber:32.23,9:Liam Rodriguez:36.47,10:Ethan Thomas:35.59,11:Leila Doan:28.44,12:Pablo Garcia:42.34,13:Olivia Ivanov:42.02,14:Chau Ivanov:44.30,15:Oceane Huang:28.69,16:Rose Schmidt:38.76,17:Rayan Greco:27.45,18:Kofi Martin:48.40,19:Finn Russo:32.58,20:Katya Ahmed:31.23,21:Youssef Simon:33.91,22:Liam Yamamoto:31.37,23:Ines Rodrigues:28.14,24:Hazel Morozov:27.38,25:Rayan Robert:41.62,26:Sophie Sousa:46.29,27:Eloise Sanchez:45.73,28:Karim Fahmi:33.79,29:Omar Kovacs:46.50,30:Alice Martin:27.27,31:Yasmine Boudjema:36.81,32:Arthur Robert:27.74,33:Zane Klein:45.47,34:Orion Zhang:42.43,35:Driss Williams:29.22,36:Zola Johnson:27.55,37:Kenji Simon:41.85,38:Jeanne Wang:33.26,39:Liam Nkosi:32.05,40:Louis Kim:45.31,41:Jackson Muller:30.96,42:Finn Kovacs:43.57,43:Ryan Ouattara:30.17,44:Javier Brown:34.62,45:Rayan Johnson:36.73,46:Kenza Garnier:33.53,47:Dmitri Vidal:27.49,48:Austin Moussa:32.67,49:Fiona Greco:27.20,50:Willow Cruz:43.30,51:Sofia Wang:34.01,52:Amandine Johnson:34.67,53:Sana Lee:29.18,54:Nala Moore:37.44
4640,Nice,Reims,30/08/2026,1000,1610,1:Taylor Silva:34.70,2:Silas Sylla:30.84,3:Ethan Klein:33.47,4:Olivia Lefevre:30.63,5:Ethan Torres:29.22,6:Natalia Davis:40.06,7:Akira Abebe:27.26,8:Kenza Vidal:31.21,9:Noah Suzuki:43.17,10:Ryan Sanchez:26.92,11:Ulysse Clark:42.16,12:Nicolas Bernard:33.24,13:Yara Laurent:33.63,14:Sofia Thomas:38.78,15:Dmitri Hussein:25.90,16:Silas Moussa:31.16,17:Sara Fahmi:30.38,18:Chau Weber:36.52,19:Li Martinez:45.77,20:Tristan Moreau:43.13,21:Clement Cherif:40.58,22:Willow Simon:41.30,23:Thao Ndiaye:44.98,24:Kenji Rizzo:28.32,25:Brenda Ouattara:41.34,26:Baptiste Santos:43.42,27:David Fernandez:44.18,28:Hassan Diallo:36.81,29:Olivia Pereira:34.68,30:Arthur Wong:31.11,31:Karim Zhang:41.35,32:Felix Ali:28.31,33:Jason Cruz:33.00,34:Nour Cruz:35.26,35:Skylar Petit:34.35
4978,Grenoble,Caen,29/10/2026,1230,1950,1:Wei Ribeiro:52.46,2:Austin Nkosi:45.16,3:Imani Nkosi:54.73,4:Nicolas Greco:48.61,5:Zola Martin:43.83,6:Chau Ivanov:36.65,7:Nala Sanchez:46.16,8:Austin Schmidt:37.62,9:Zoe Davis:58.07,10:Fiona Petrov:50.62,11:Elena Liu:38.79,12:Theo Le:52.58,13:Elena Richard:43.81,14:Kenza Taylor:41.65,15:Quentin Roux:54.30,16:Felix Wagner:34.25,17:Chloe Durand:58.15,18:Elena Gomes:32.95,19:Nour Morozov:50.51,20:Daiki Garcia:47.77,21:Jackson Diop:39.48,22:Lucia Ramirez:42.18
4536,Lille,Le Mans,20/08/2026,1215,1719,1:Elena Richard:31.61,2:Rayan Garcia:35.27,3:Chau Ouattara:39.79,4:Sora Silva:37.74,5:Javier Wilson:41.88,6:Miguel Boudjema:27.92,7:Lian Cruz:30.91,8:Imani Alves:31.10,9:Ricardo Vidal:37.96,10:Dylan Popov:41.20,11:Leila Pham:29.08,12:Natalia Durand:30.14,13:Natalia Fournier:27.97,14:Juan Lopez:30.99
9835,Lyon,Lille,28/10/2026,0715,1358,1:Akira Zimmermann:47.11,2:Ryo Simon:33.90,3:Akira Gomes:33.85,4:Youssef Conti:46.27,5:Erica Cruz:49.84,6:Erica Tanaka:41.02,7:Malika Richard:39.39,8:Alessio Ferrari:53.01,9:Liam Nkosi:48.69,10:Karim Zhang:41.54,11:Hazel Brown:51.66,12:Victor Khelifi:52.90,13:Elena Diop:46.83,14:Ethan Klein:34.97,15:Kenza Khelifi:32.27,16:Aki Torres:29.93,17:Isabella Clark:30.05,18:Awa Klein:29.91,19:Jules Garcia:29.89,20:Igor Muller:46.88
2941,La Rochelle,Bordeaux,11/12/2026,1715,1945,1:Ryo Chen:21.62,2:Nour Morozov:14.97,3:Amandine Chung:13.94,4:Louis Haddad:13.14,5:Emma Cherif:16.41,6:Margaux Khan:21.63,7:Miguel Boudjema:21.47,8:Ricardo Dubois:19.57,9:Paul Muller:13.68,10:Aisha Park:12.52,11:Felix Esposito:17.73,12:Jules Mohamed:16.03,13:Jules Cruz:17.58,14:Zachary Chung:20.61,15:Silas Ziane:17.73,16:Kenza Wang:13.70,17:Awa Kuznetsov:18.50,18:Pierre Rodriguez:17.12,19:Sonia Bernard:12.95,20:Samira Khelifi:18.91,21:Margaux Durand:14.94,22:Simon Chen:14.03,23:Corey Yamamoto:21.54,24:Quentin Leroy:16.91,25:Sophie Schulz:18.48,26:Lian Ferrari:21.30,27:Yara Doan:19.56,28:Imani Moussa:16.93,29:Kenza Pereira:20.67,30:Ryan Morozov:17.45,31:Karim Sanchez:22.49,32:Liam Fernandez:13.72,33:Kofi Suzuki:14.65,34:Silas Novak:20.59,35:Felix Lefevre:15.60,36:Mei Ali:18.92
1092,Paris,Tours,23/10/2026,1145,1549,1:Paul Moreau:19.34,2:Katya Bianchi:28.36,3:Harper Moreau:24.46,4:Margaux Conti:25.48,5:Lucas Khelifi:26.00,6:Louis Huang:24.23,7:Youssef Wagner:19.69,8:Chloe Fernandez:24.88,9:Katya Santos:25.33,10:Omar Esposito:31.29,11:Carmen Perez:33.07,12:Sara Kuznetsov:31.85,13:Emi Rizzo:27.78,14:Camille Chen:27.24,15:Elsa Kim:26.98,16:Felix Esposito:24.16,17:Mateo Novak:25.90,18:Pierre Bruno:32.09,19:Bilal Torres:29.86,20:Omar Lee:29.38,21:Carmen Petrov:32.56,22:Jules Rizzo:30.60,23:Austin Greco:29.57,24:Carmen Fernandez:20.79,25:Wei Ribeiro:32.64,26:Willow Traore:27.58,27:Liam Pham:23.00,28:Orion Laurent:22.17,29:Rose Schmidt:31.26,30:Natalia Zhang:26.50,31:Olivia Lefevre:26.19,32:Pablo Ndiaye:30.18,33:Akira Novak:29.70,34:Rose Novak:24.91,35:Emi Park:23.42,36:Aicha Vidal:25.32,37:Elena Zhang:26.73,38:Sora Petrov:27.11,39:Maria Tran:22.69
8297,Paris,Rouen,07/12/2026,0800,1011,1:Jules Torres:18.51,2:Jeanne Taylor:13.99,3:Paul Moussa:17.29,4:Jackson Kuznetsov:21.03,5:Aki Bianchi:13.24,6:Amine Weber:16.65,7:Farah Rizzo:16.79,8:Paul Davis:14.35,9:Alessio Ali:21.62,10:Javier Leroy:22.12,11:Madison Gomes:20.11,12:Zane Michel:12.77,13:Yumi Zimmermann:21.97,14:Corey Ramirez:16.67,15:Celeste Park:18.98,16:Thao Michel:19.22,17:Yara Wong:15.47,18:Zane Fernandez:19.48,19:Silas Greco:15.98,20:Ulysse Liu:17.94,21:Mehdi Rodriguez:18.30,22:Pierre Garnier:19.84,23:Ricardo Dubois:15.24,24:Chau Bianchi:20.65,25:Harper Moreau:12.50,26:Corey Ivanov:18.20,27:Mei Ziane:13.57,28:Ethan Cisse:19.29,29:Ryo Bruno:12.53,30:Carmen Liu:13.69,31:Fode Dubois:20.68,32:Zane Suzuki:12.77,33:Romain Lopez:21.40,34:Zoe Huang:12.51,35:Austin Garcia:18.61,36:Harper Nkosi:14.19,37:Corey Robert:13.04,38:Maria Tran:19.42,39:Alice Doan:19.98,40:Margaux Conti:21.12,41:Chloe Garcia:19.92,42:Erica Lopez:18.10,43:Celeste Chung:18.79,44:Paul Pereira:17.67,45:Chau Lee:15.23,46:Zoe Huang:21.25,47:Sekou Cherif:16.34,48:Ryo Doan:17.63,49:Ryan Khelifi:16.49
6489,Marseille,Saint-Etienne,20/09/2026,2100,0119,1:Sekou Fournier:32.97,2:Farah Almeida:30.54,3:Sekou Ahmed:28.76,4:Alice Vidal:31.54,5:Eloise Weber:29.56,6:Farah Nkosi:23.10,7:Miguel Alves:25.30,8:Jian Robert:30.75,9:Minh Sato:24.02,10:Jules Lopez:28.92,11:Celeste Lopez:31.64,12:Sonia Greco:26.09,13:Ryo Bruno:28.95,14:Nala Simon:24.51,15:Mei Garnier:22.07,16:Pablo Garcia:20.65,17:Quentin Greco:31.16,18:Awa Kuznetsov:20.01,19:Valentine Smith:21.43,20:Imani Williams:30.59,21:Tristan Ivanov:29.21,22:Aicha Laurent:21.69,23:Kimberly Abebe:28.33,24:Ryan Sato:30.82,25:Daiki Dubois:31.87,26:Lucas Diop:27.85,27:Pierre Liu:32.51,28:Isabella Lopez:25.43,29:Elsa Kuznetsov:25.65,30:Rayan Torres:32.76,31:Sophie Vidal:25.15,32:Taro Greco:24.91,33:Alessio Boudjema:22.53,34:Sophie Popov:29.57,35:Gabriel Yamamoto:25.38,36:Akira Chen:29.81,37:Lea Suzuki:31.56,38:Aki Huang:30.14,39:Wei Ferrari:31.50,40:Madison Tanaka:21.78,41:Corey Martin:21.87,42:Orion Lefevre:26.37,43:Sekou Santos:31.03,44:Igor Cisse:29.43
1464,Dijon,Limoges,14/11/2026,1230,1805,1:Corey Nguyen:34.23,2:Alice Doan:34.72,3:Erica Morozov:27.02,4:Nour Cruz:33.49,5:Omar Esposito:37.52,6:Ulysse Clark:34.46,7:Erica Abebe:30.42,8:Kwame Cherif:27.93,9:David Esposito:35.45,10:Natalia Martinez:43.77,11:Daiki Moussa:29.83,12:Oceane Kuznetsov:29.99,13:Li Wilson:27.22,14:Ricardo Martinez:30.15,15:Maria Sylla:41.68,16:Baptiste Johnson:26.60,17:Eloise Popov:28.26,18:Driss Nguyen:34.86,19:Farah Boudjema:40.00,20:Hassan Russo:26.10,21:Hazel Laurent:27.73,22:Katya Yamamoto:43.17,23:Elsa Park:40.09,24:Elena Oliveira:27.53,25:Li Martinez:26.71,26:Jackson Sanchez:34.07,27:Oceane Boudjema:40.50,28:Silas Cherif:38.59,29:Margaux Conti:32.32,30:Lucia Diop:26.92,31:Wei Schulz:25.01,32:Jules Lopez:40.00,33:Corey Martin:38.62,34:Adrien Vasiliev:34.61,35:Sonia Dupont:41.88,36:Farah Russo:43.90,37:Willow Tanaka:29.29,38:Celeste Boudjema:27.17,39:Leila Vidal:36.57,40:Theo Gomes:28.87,41:Hugo Leroy:25.52,42:Akira Novak:41.10,43:Omar Lopez:39.86,44:Mehdi Roux:30.56,45:Kofi Cruz:33.28,46:Isabella Durand:25.85
2410,Toulouse,Le Mans,24/06/2026,1545,2145,1:Baptiste Roux:29.83,2:Liam Pereira:37.25,3:Omar Cisse:45.84,4:Wei Moreau:45.58,5:Felix Huang:44.67,6:Imani Dupont:32.71,7:Kofi Roux:40.31,8:Erica Sanchez:38.62,9:Katya Schulz:36.28,10:Samira Morozov:36.98,11:Celeste Boudjema:48.12,12:Maria Roux:30.90,13:Lian Le:45.65,14:Emma Greco:33.81,15:Taro Pham:48.30,16:Yara Cisse:39.51,17:Alessio Lopez:44.87,18:Willow Simon:37.05,19:Noah Schulz:42.85,20:Rayan Davis:34.32,21:Nala Mohamed:44.06,22:Olivia Morozov:29.85,23:Bjorn Esposito:36.32,24:Dmitri Vidal:39.68,25:Aicha Vo:40.93,26:Oceane Huang:42.34,27:Yara Laurent:45.09,28:Ricardo Martinez:33.08,29:Willow Simon:44.86,30:Farah Wilson:37.67
6647,Lyon,Nice,10/10/2026,2145,0625,1:Silas Greco:52.29,2:Jason Wang:34.92,3:Santiago Ferrari:42.40,4:Samira Rossi:36.66,5:Brenda Mohamed:40.45,6:Corey Moreau:33.29,7:Elena Ziane:37.69,8:Jeanne Petit:40.75,9:Adrien Vo:46.67,10:Adrien Martin:43.15,11:Madison Sylla:50.05,12:Rose Garcia:45.02,13:Valentine Martinez:46.61,14:Ethan Brown:32.77,15:Jackson Martinez:43.48,16:Youssef Morozov:54.27,17:Orion Lefevre:51.88,18:Rayan Pham:36.80,19:Imani Alves:49.16,20:Felix Ali:41.41,21:Igor Chen:35.14,22:Jian Pham:38.89
6453,Grenoble,Tours,05/04/2026,1945,0158,1:Manon Moreau:42.38,2:Chloe Novak:39.24,3:Amandine Pham:48.28,4:Pierre Almeida:28.15,5:Pablo Ziane:38.48,6:Ethan Bianchi:48.73,7:Samira Huang:40.75,8:Aki Ribeiro:38.62,9:Emi Nkosi:41.66,10:Erica Sato:29.56,11:Kwame Rizzo:49.08,12:Rayan Chen:37.61,13:Elena Conti:43.72,14:Kenza Vidal:48.73,15:Imani Singh:45.11,16:Yara Clark:31.12,17:Hana Williams:43.21,18:Orion Pereira:33.80,19:Zane Zhang:49.38,20:Hassan Martin:34.23,21:Paul Sanchez:29.21,22:Alessio Lopez:29.63
4989,Bordeaux,Paris,25/07/2026,2245,0742,1:Madison Khan:54.73,2:Sonia Kim:55.01,3:Sora Weber:58.07,4:Noah Ramirez:53.80,5:Javier Sato:50.54,6:Pierre Wagner:49.88,7:Adrien Laurent:37.70,8:Ryo Perez:50.53,9:Felix Lefevre:35.64,10:Baptiste Wong:50.78,11:Corey Gallo:54.97,12:Juan Alves:45.00,13:Nala Sanchez:48.68,14:Bjorn Esposito:35.40,15:Nala Simon:54.44,16:Chloe Ferrari:47.84,17:Silas Dubois:49.81,18:Lian Oliveira:45.53,19:Leila Leroy:42.99,20:Chau Diop:42.37,21:Mateo Laurent:42.20,22:Akira Miller:50.58,23:Taro Wang:38.77,24:Sekou Pereira:48.19,25:Pierre Yamamoto:40.42,26:Romain Diallo:33.07,27:Amandine Le:32.93,28:Taro Greco:40.88,29:Dmitri Vidal:56.14,30:Louis Haddad:58.08,31:Manon Taylor:44.64,32:Samira Wong:51.68,33:Ulysse Nguyen:41.64,34:Alice Dupont:54.02,35:Gabriel Diop:32.94,36:Sophie Vo:37.10,37:Sophie Tran:39.27,38:Malika Nguyen:39.00,39:Ryan Rodriguez:34.84,40:Rose Yamamoto:50.41,41:Wei Leroy:47.37,42:Erica Sokolov:58.46,43:Rayan Torres:56.03,44:Daiki Wang:56.72,45:Jackson Kim:53.80,46:Baptiste Santos:56.90,47:Emi Johnson:37.20,48:Kenji Russo:54.92,49:Sofia Chen:53.66,50:Chen Sanchez:53.42,51:Jules Garcia:39.98,52:Isabella Clark:56.38,53:Silas Miller:35.27,54:Ryo Williams:49.56,55:Yasmine Pereira:35.04
3662,Strasbourg,Paris,28/07/2026,2030,0634,1:Aki Cisse:38.89,2:Samira Tran:55.05,3:Nour Sousa:51.29,4:Nicolas Ferrari:53.06,5:Madison Gomes:36.63,6:Tristan Sousa:33.37,7:Ethan Dupont:40.64,8:Sonia Dupont:,9:Rose Thomas:44.66,10:Chloe Ferrari:57.02,11:Hazel Ribeiro:51.53,12:Pierre Yamamoto:48.91,13:Noah Brown:52.95,14:Jason Fournier:43.48,15:Imani Bernard:42.77,16:Yara Cisse:58.23,17:Valentine Ferrari:,18::,19:Ricardo Cruz:50.06,20:Madison Tran:50.08,21:Jackson Popov:43.87,22:Silas Torres:44.43,23:David Clark:50.13,24:Minh Fahmi:46.65,25:Amine Novak:,26:Bjorn Torres:56.26,27:Kofi Ndiaye:43.09,28:Erica Yamamoto:34.25,29:Santiago Sanchez:34.00,30:Santiago Abebe:38.37,31:Isabella Ivanov:37.85,32:Willow Cisse:44.28,33:Brenda Simon:39.46,34:Wei Lopez:37.03,35:Theo Bruno:35.04,36:Samira Sokolov:33.33,37:Oceane Lee:56.85,38:Aisha Khan:35.42,39:Mehdi Roux:57.44,40:Silas Dubois:40.97
4799,Dijon,Montpellier,10/08/2026,0900,1430,1:Nour Morozov:36.38,2:Pierre Diallo:30.79,3:Simon Chen:41.82,4:Manon Yamamoto:24.56,5:Amandine Moore:27.77,6:Felix Vidal:26.18,7:Kofi Martin:32.35,8:Bjorn Esposito:31.69,9:Rose Perez:26.87,10:Madison Muller:41.19,11:Willow Cisse:41.97
5190,Nice,Lyon,20/03/2026,1815,0147,1:Wei Chung:53.71,2:Skylar Popov:56.93,3:Daiki Clark:40.36,4::,5:Kenji Zimmermann:50.65,6:Pablo Mohamed:,7:Chloe Lefevre:,8:Rose Robert:33.81,9:Ryo Rizzo:37.85,10:Santiago Robert:48.61,11:Igor Muller:48.23,12:Gabriel Yamamoto:42.41,13::,14:Jules Cherif:,15:Zola Diop:43.49,16:Victor Singh:33.53,17:Jules Miller:34.53,18:Driss Cisse:49.74,19:Ryan Rossi:,20:Simon Yamamoto:48.58,21:Hassan Russo:43.65,22:Isabella Smith:33.61,23:Austin Garcia:37.39,24::,25:Mateo Laurent:56.70,26:Santiago Abebe:,27:Karim Bruno:,28:Adrien Vasiliev:49.81,29:Jeanne Tanaka:55.00,30:Chloe Ferrari:50.17,31:Fode Doan:45.44,32:Kenza Kim:52.00,33:Nour Sousa:41.53,34:Oceane Huang:42.45,35:Juan Lefevre:52.02,36:Gabriel Ouattara:48.59,37:Baptiste Sousa:55.53,38:Adrien Garnier:52.81,39:Elsa Kim:44.01,40:Sofia Thomas:41.08,41:Clement Fournier:36.11,42:Ethan Durand:37.87,43:Finn Weber:36.45,44::,45:Jeanne Ahmed:50.08,46:Sana Lee:57.69,47:Willow Vo:44.11
1205,Strasbourg,Tours,02/05/2026,1715,0258,1:Kofi Suzuki:44.89,2:Ines Hussein:50.25,3:Driss Suzuki:37.02,4:Minh Benali:54.49,5:Driss Thomas:45.39,6:Farah Gallo:37.65,7:Noah Ramirez:32.78,8:Romain Haddad:57.09,9:Elsa Kuznetsov:36.29,10:Camille Diallo:49.90,11:Emi Conti:53.52,12:Rayan Davis:43.67,13:Liam Yamamoto:55.52,14:Felix Haddad:43.45,15:Igor Popov:56.34,16:Wei Benali:51.20,17:Jian Ali:38.73,18:Aki Ribeiro:43.97,19:Kai Nguyen:51.44,20:Natalia Faure:45.23,21:Zola Schmidt:36.70,22:Yara Moore:43.70,23:Miguel Sylla:53.09,24:Chau Almeida:35.78,25:Sora Garnier:38.11,26:Natalia Zhang:33.01,27:Silas Smith:48.02,28:Sophie Chung:46.71,29:Aicha Garnier:32.99,30:Eloise Moreau:58.40,31:Chen Diallo:43.93,32:Noah Khan:57.92,33:Liam Ribeiro:46.59,34:Tristan Tran:50.52,35:Willow Tanaka:55.93,36:Silas Greco:57.09,37:Olivia Morozov:45.07,38:Hugo Leroy:44.61,39:Jeanne Smith:34.35,40:Youssef Doan:47.80,41:Igor Muller:53.99,42:Zoe Tanaka:51.13,43:Zachary Vo:55.22,44:Jackson Kuznetsov:38.85,45:Lucia Weber:39.73,46:Fiona Greco:52.35
2146,Saint-Etienne,Clermont-Ferrand,17/02/2026,0700,1011,1::,2:Oceane Gomez:18.36,3:Hana Miller:18.22,4:Felix Esposito:18.61,5:Sekou Bernard:18.50,6:Manon Lefevre:,7:Eloise Miller:15.60,8:Ines Schulz:20.16,9:Tristan Ivanov:15.34,10:Sonia Dupont:17.47,11:Igor Moussa:18.21,12:Madison Thomas:22.39,13:Sophie Alves:18.01,14:Corey Gallo:20.97,15:Minh Ivanov:17.40,16:Jules Fernandez:19.89,17:Malika Nguyen:15.01,18:Alessio Gomes:21.35,19:Driss Kuznetsov:20.73,20:Erica Sanchez:15.77,21:Samira Gomes:18.04,22:Imani Dupont:21.80,23:Bjorn Schmidt:,24:Hazel Fernandez:14.04,25:Kwame Conti:18.85,26:Erica Tanaka:20.11,27:Minh Sato:15.54,28:Victor Diop:15.23,29:Olivia Sousa:19.76,30:Liam Rossi:14.31,31:Sora Wagner:20.85,32:Mei Vidal:15.79,33:Paul Davis:12.51,34:Farah Le:,35:Karim Faure:19.49,36:Theo Dubois:19.53,37:Sekou Santos:16.38
2768,Limoges,Toulouse,09/06/2026,1745,2236,1:Ines Schmidt:24.03,2:Thao Ahmed:38.14,3:Nicolas Kowalski:33.58,4:Harper Kuznetsov:25.14,5:Quentin Pereira:23.53,6:Amandine Pham:22.38,7:Pablo Liu:28.51,8:Hana Klein:33.04,9:Chloe Weber:24.62,10:Zoe Vidal:32.03,11:Mei Ahmed:37.09,12:Bilal Wilson:37.59,13:Brenda Kovacs:27.89,14:Awa Schmidt:37.75,15:Youssef Conti:25.53,16:Willow Vo:27.69,17:Clement Kuznetsov:38.54,18:Kenza Khelifi:27.51,19:Ethan Ramirez:28.70,20:Sekou Cherif:23.87,21:Oceane Lee:37.23,22:Oceane Schmidt:25.34,23:Chau Diop:26.76,24:Elsa Park:25.85,25:Li Dubois:32.32,26:Isabella Benali:33.79,27:Malika Moore:23.19,28:Ryo Esposito:37.20,29:Austin Doan:22.60,30:Willow Mohamed:21.92,31:Samira Wong:29.12,32:Emi Rizzo:31.57
6028,Saint-Etienne,Le Mans,06/09/2026,1515,2035,1:Zachary Wilson:24.68,2:Daiki Sousa:39.53,3:Quentin Gomez:36.12,4:Baptiste Rossi:41.17,5:Fiona Garnier:27.34,6:Rayan Rodrigues:25.71,7:Sergei Ribeiro:24.25,8:Santiago Perez:35.98,9:Chen Pereira:28.93,10:Yumi Liu:23.18,11:Natalia Lefevre:23.74,12:Gabriel Brown:34.42,13:Austin Wang:26.61,14:Amandine Perez:35.56,15:Katya Khelifi:29.81,16:Li Dubois:25.53,17:Clement Lee:38.70,18:Skylar Nguyen:31.63,19:Tristan Chen:30.10,20:Quentin Fernandez:30.91,21:Victor Huang:39.41,22:Amandine Cisse:37.53,23:Noah Tanaka:23.04,24:Hana Ali:40.11,25:Rose Nkosi:32.58,26:Karim Nguyen:28.04,27:Akira Brown:35.41,28:Chau Fournier:37.59,29:Erica Sanchez:24.27,30:Samira Khelifi:22.96,31:Elena Ziane:35.79,32:Driss Suzuki:33.39,33:Sana Doan:23.54,34:Ryan Moreau:34.85
8345,Saint-Etienne,Brest,02/02/2026,0630,1533,1:Willow Tanaka:52.23,2:Arthur Khan:37.53,3:Orion Faure:49.90,4:Nicolas Ferrari:54.50,5:Elena Laurent:38.23,6:Ryo Williams:57.72,7:Aki Huang:47.87,8:Tristan Sousa:35.81,9:Zola Greco:49.09,10:Finn Vo:53.43,11:Elsa Kuznetsov:51.70,12:Manon Wagner:48.02,13:Sophie Popov:55.01,14:Youssef Abebe:34.63,15:Elsa Greco:46.76,16:Driss Yamamoto:54.72,17:Aki Kovacs:57.01,18:Kwame Schulz:53.77,19:Zane Abebe:38.70,20:Madison Zhang:56.92,21:Baptiste Benali:51.34,22:Samira Ramirez:36.44
3734,Nice,Limoges,10/09/2026,2215,0748,1:Hassan Liu:54.46,2:Hugo Russo:58.47,3:Sergei Traore:47.45,4:Yumi Russo:57.27,5:Taylor Wong:47.44,6:Pablo Clark:33.63,7:Simon Ndiaye:51.57,8:Theo Bruno:33.40,9:Sana Martin:50.47,10:Zola Diop:53.73,11:Amandine Le:39.54,12:Ethan Bianchi:57.78,13:Silas Ziane:38.00,14:Carmen Miller:42.48,15:Oceane Almeida:54.99,16:Santiago Clark:46.07,17:Taylor Zhang:49.51,18:Felix Yamamoto:54.09,19:Kenza Perez:58.16,20:Zola Greco:40.96,21:Kofi Cruz:57.96,22:Ines Schmidt:55.11,23:Katya Lee:46.23,24:Clement Fernandez:48.04,25:Samira Wong:42.82,26:Chloe Ferrari:39.92,27:Natalia Ali:57.71,28:Mei Vidal:53.60,29:Sora Rodriguez:46.10
9285,Clermont-Ferrand,Le Mans,09/05/2026,1530,2010,1:Chau Almeida:31.42,2:Willow Tanaka:35.00,3:Omar Ouattara:26.28,4:Aicha Muller:24.29,5:Rose Yamamoto:27.08,6:Nour Wong:41.46,7:Maria Smith:34.88,8:Wei Ribeiro:26.46,9:Silas Sokolov:24.90,10:Isabella Ivanov:25.86,11:Eloise Miller:26.00,12:Jules Fernandez:25.28,13:Hana Miller:28.49,14:Pierre Ribeiro:30.99,15:Willow Popov:23.84,16:Felix Klein:30.82
4279,Limoges,Dijon,01/10/2026,1745,2356,1:Zane Suzuki:36.47,2:Daiki Bianchi:43.53,3:Youssef Sousa:32.99,4:Sonia Kim:33.71,5:Ines Hussein:36.18,6:Lian Cruz:28.13,7:Awa Suzuki:36.71,8:Victor Zimmermann:41.86,9:Orion Simon:35.87,10:Rayan Dubois:40.82,11:Jules Park:43.83,12:Yara Rodrigues:33.87,13:Hazel Schmidt:47.11,14:Silas Smith:42.76,15:Minh Tran:37.74,16:Elena Lopez:29.00,17:Liam Rossi:41.87,18:Felix Taylor:39.92,19:Farah Boudjema:29.04,20:Theo Ferrari:48.36,21:Camille Tran:32.87,22:Thao Michel:38.18,23:Celeste Bianchi:28.32,24:Jian Fahmi:41.90,25:Louis Park:41.07,26:Nour Russo:39.68,27:Gabriel Cherif:30.03,28:Carmen Faure:28.45,29:Sophie Alves:44.32,30:Kwame Khelifi:45.35
3425,Angers,Clermont-Ferrand,04/12/2026,0915,1450,1:Rose Haddad:26.71,2:Malika Le:,3:Chen Morozov:34.68,4:Sara Schmidt:37.01,5:Felix Klein:,6:Arthur Wong:31.50,7:Dmitri Lee:35.93,8::,9:Aicha Laurent:26.25,10:Hassan Liu:23.76,11:Sergei Sokolov:32.10,12:Ryan Rodriguez:23.17,13:Omar Ouattara:40.01,14:Farah Pereira:28.63,15:Louis Singh:24.18,16:Baptiste Roux:38.97,17:Lea Conti:34.05,18:Yasmine Boudjema:33.01,19:Camille Tran:33.45,20:Bjorn Esposito:30.83,21:Omar Doan:23.20,22:Celeste Chung:23.12,23:Wei Moreau:39.96,24::,25:Dylan Rizzo:,26:Baptiste Roux:31.49,27:Amine Rossi:32.94,28:Kenji Leroy:33.14,29:Yumi Wang:39.21,30:Kenza Pereira:31.48,31:Farah Gallo:24.36,32:Olivia Thomas:34.88,33:Paul Pereira:32.68,34:Noah Suzuki:25.51,35:Natalia Perez:40.76,36:Minh Ivanov:26.92,37::,38:Fode Ferrari:29.32,39:Orion Simon:28.55,40:Jian Robert:28.19,41:Elena Richard:33.22,42:Alessio Boudjema:39.79,43:Jeanne Petit:,44:Sana Lefevre:35.71,45:Valentine Rizzo:37.59,46:Kai Park:40.80
9386,Rouen,Lyon,05/07/2026,1715,2310,1:Kwame Cherif:36.06,2:Jeanne Fahmi:36.66,3:Kai Michel:38.27,4:Dmitri Ferrari:39.53,5:Jules Park:43.79,6:Ines Pereira:29.09,7:Mei Ziane:33.12,8:Baptiste Roux:36.36,9:Nour Fernandez:44.74,10:Fode Ferrari:45.74,11:Erica Cruz:47.13,12:Youssef Abebe:26.37,13:Juan Roux:32.29
4419,Limoges,Caen,31/10/2026,1700,2249,1:Paul Durand:40.43,2:Corey Gallo:45.80,3:Alice Martin:39.68,4:Aicha Garnier:34.62,5:Corey Robert:36.52,6:Isabella Schmidt:37.70,7:Santiago Clark:31.74,8:Lian Oliveira:41.30,9:Chau Lee:34.35,10:Jeanne Fahmi:33.56,11:Amine Gomez:30.37,12:Orion Russo:49.17,13:Aicha Santos:42.99,14:Mateo Oliveira:49.41,15:Brenda Kovacs:31.45,16:Fode Moussa:31.61,17:Bilal Cruz:28.14,18:Bjorn Torres:49.92,19:Nicolas Khelifi:32.07,20:Javier Richard:38.88,21:Ricardo Dubois:30.21,22:Yasmine Alves:40.53,23:Zoe Diallo:48.45,24:Awa Sato:37.66,25:Jason Fournier:42.39,26:Chloe Conti:49.06,27:Sekou Yamamoto:37.80,28:Celeste Nkosi:47.70,29:Pierre Garnier:43.80,30:Natalia Durand:28.27,31:Samira Gomes:34.39,32:Paul Ahmed:45.37,33:Nala Mohamed:29.70
6508,Toulouse,Lyon,13/10/2026,2100,0532,1:Jeanne Fahmi:34.25,2:David Le:47.53,3:Elena Lopez:48.81,4:Jian Garcia:34.19,5:Juan Greco:35.77,6:Quentin Rossi:33.54,7:Alice Dupont:53.67,8:Kenza Garnier:56.47,9:Sonia Ahmed:45.40,10:Natalia Zhang:42.19,11:Santiago Sousa:52.58,12:Nala Esposito:58.04,13:Imani Zhang:32.57,14:Lucia Esposito:34.44,15:Ricardo Nkosi:38.60,16:Chau Ouattara:38.13,17:Dmitri Bruno:53.64,18:Clement Ivanov:36.79,19:Juan Fernandez:36.68,20:Kenza Traore:49.73,21:Simon Garnier:51.22,22:Ryan Conti:56.20,23:Jeanne Tanaka:35.53,24:Mateo Fernandez:38.17,25:Natalia Perez:49.96,26:Juan Miller:43.90,27:Hassan Pham:38.97,28:Kofi Wilson:42.45,29:Erica Sato:34.16,30:Madison Moussa:45.62,31:Mehdi Sato:47.44,32:Hazel Fournier:52.43,33:Harper Moreau:42.50,34:Imani Moussa:54.03,35:Fode Wang:47.46,36:Akira Gomes:39.18,37:Mei Garnier:36.58,38:Nala Miller:55.57,39:Celeste Nkosi:46.63,40:Miguel Yamamoto:52.63,41:Jackson Silva:42.93,42:Sora Weber:41.08,43:Akira Petit:56.14,44:Driss Chung:48.08,45:Bilal Mohamed:33.90,46:Felix Lefevre:35.46,47:Kimberly Schmidt:43.18,48:Sofia Zhang:49.37,49:Jackson Wang:50.85,50:Eloise Moreau:40.88,51:Arthur Ivanov:40.44
4547,Lyon,Angers,15/04/2026,1015,1618,1:Zoe Nkosi:28.15,2:Tristan Ivanov:40.54,3:Fode Tanaka:45.57,4:Rose Mohamed:43.24,5:Paul Davis:46.23,6:Noah Diop:33.22,7:Nala Fournier:31.15,8:Erica Vo:27.04,9:Skylar Nguyen:41.93,10:Celeste Bianchi:47.96,11:Mei Wagner:31.57,12:Nala Simon:47.54,13:Hazel Traore:37.23,14:Victor Mohamed:30.40,15:Noah Tanaka:32.79,16:Camille Diallo:40.31,17:Samira Russo:44.42,18:Simon Garcia:41.10,19:Ryan Morozov:41.67,20:Liam Bernard:27.21,21:Paul Chen:29.16,22:Rayan Singh:37.26,23:Sofia Gomez:30.35,24:Erica Abebe:31.01,25:Mei Dubois:31.91,26:Camille Ramirez:30.11,27:Silas Miller:47.84,28:Lucia Kuznetsov:31.81,29:Javier Davis:40.44,30:Margaux Fournier:46.79,31:Aki Ribeiro:40.80,32:Taro Pham:46.37,33:Sana Zhang:28.36,34:Victor Huang:32.99
7433,Perpignan,Reims,27/07/2026,1930,0556,1:Amine Leroy:40.22,2:David Le:32.93,3:David Thomas:32.85,4:Chen Yamamoto:58.39,5:Li Schmidt:38.11,6:Ricardo Rodriguez:45.30,7:Ethan Ouattara:36.52,8:Sana Liu:35.91,9:Sara Cruz:33.57,10:Karim Liu:33.95,11:Chloe Russo:52.65,12:Igor Cisse:49.49,13:Liam Fernandez:56.47,14:Sekou Greco:34.62,15:Zola Schmidt:44.39,16:Harper Fahmi:47.68,17:Yumi Simon:39.02,18:Aki Rodriguez:48.65,19:Zola Martin:32.70,20:Ulysse Schulz:41.31,21:Sara Tran:57.71,22:Kenza Pereira:38.76,23:Elsa Rodriguez:33.52,24:Nicolas Zimmermann:40.58,25:Omar Ouattara:44.71
1363,Angers,Le Mans,30/07/2026,1145,1438,1:Alice Hussein:12.95,2::,3:Miguel Sylla:15.50,4:Lian Oliveira:19.27,5:Quentin Roux:17.41,6:Rose Rodriguez:12.68,7:Manon Dubois:14.45,8:Taro Clark:21.37,9:Pierre Liu:20.26,10:Harper Ziane:16.23,11:Lucas Novak:17.39,12:Kwame Weber:16.11,13:Minh Rizzo:20.44,14:Taylor Wilson:13.83,15:Ryan Ivanov:12.72,16:Imani Ali:12.79,17:Akira Zimmermann:21.47,18:Imani Bernard:16.13,19:Hassan Klein:21.58,20:Pierre Cruz:,21:Oceane Ouattara:16.82,22:Amandine Conti:15.72,23:Zoe Dubois:17.91,24:Katya Wong:,25:Sophie Benali:18.83,26:David Esposito:17.94,27:Chloe Ferrari:17.51,28:Alessio Haddad:16.93,29:Orion Tran:22.20,30:Arthur Abebe:15.92
4526,Grenoble,Montpellier,20/04/2026,1015,1502,1:Clement Esposito:25.23,2:Miguel Wagner:36.99,3:Ryan Sokolov:33.78,4:Youssef Wagner:36.15,5:Omar Doan:24.71,6:Romain Wong:25.23,7:Natalia Moore:28.41,8:Kofi Williams:28.69,9:Fiona Miller:26.50,10:Oceane Bernard:36.54,11:Wei Kim:31.82,12:Amandine Robert:31.70,13:Felix Vidal:33.24,14:Juan Tran:36.73,15:Yumi Nkosi:22.57,16:Chloe Brown:22.06,17:Celeste Benali:29.33,18:Valentine Bianchi:32.98,19:Felix Tanaka:36.69,20:Zoe Dubois:34.11,21:Sora Klein:35.90,22:Maria Sylla:24.78,23:Kenji Russo:26.61,24:Zoe Oliveira:31.32,25:Lian Pereira:27.73,26:Samira Ouattara:25.21,27:Ryan Sanchez:35.39,28:Isabella Lefevre:38.96,29:Harper Sato:26.21,30:Sora Davis:33.01,31:Jeanne Wagner:38.72,32:Katya Santos:31.77,33:Simon Le:28.35
2783,Perpignan,La Rochelle,27/10/2026,1615,2327,1:Nour Singh:37.38,2:Jules Torres:48.29,3:Ryan Sato:38.94,4:Lucas Diop:44.40,5:Celeste Fournier:50.38,6:Chloe Kuznetsov:52.89,7:David Santos:40.47,8:Victor Diop:43.72,9:Valentine Martinez:51.67,10:Sekou Bianchi:46.65,11:Katya Gallo:47.27,12:Camille Diallo:32.83,13:Rayan Perez:41.93,14:Youssef Bianchi:49.07,15:Aisha Sanchez:37.75,16:Dmitri Wagner:31.80,17:Nicolas Doan:46.28,18:Olivia Morozov:53.23
8473,Angers,Saint-Etienne,02/11/2026,2000,0256,1:Imani Alves:37.44,2:Corey Gallo:31.08,3:Ethan Ferrari:37.40,4:Rayan Perez:41.13,5:Sophie Ali:30.24,6:Aki Muller:32.65,7:Silas Smith:33.71,8:Celeste Lopez:44.00,9:Sana Ali:48.56,10:Celeste Bianchi:49.77,11:Kenza Williams:44.71,12:Zane Morozov:40.78,13:Austin Wang:44.81,14:Alice Johnson:37.65,15:Theo Ferrari:29.41,16:Mateo Huang:38.79,17:Austin Nkosi:49.01,18:Erica Yamamoto:38.89,19:Brenda Zimmermann:,20::,21:Skylar Gallo:30.89,22:Li Wilson:31.40
9836,Paris,Grenoble,10/09/2026,0930,1733,1:Skylar Petit:45.44,2:Ulysse Schulz:50.40,3:Skylar Richard:41.40,4:Malika Sanchez:53.91,5:Thao Lee:45.23,6:Jeanne Petrov:40.78,7:Sana Zhang:39.06,8:Igor Chen:38.80,9:Jeanne Doan:55.52,10:Zachary Wong:46.02,11:Valentine Khelifi:48.92,12:Rayan Garcia:42.64,13:Akira Novak:50.97,14:Farah Russo:44.09,15:Austin Greco:50.99,16:Isabella Mohamed:40.66,17:Olivia Khelifi:53.95,18:Ines Le:57.07,19:Elsa Singh:41.79,20:Zoe Huang:35.11,21:Orion Tran:40.50,22:Hugo Tran:45.75,23:Liam Pham:54.00,24:Corey Faure:48.15,25:Harper Wagner:44.25,26:Nicolas Yamamoto:36.36,27:Driss Dupont:47.11,28:Awa Kuznetsov:53.07,29:Maria Garnier:50.56,30:Pablo Petrov:53.72,31:Corey Lefevre:57.79,32:Kai Ahmed:37.79,33:Pablo Pereira:55.33,34:Sophie Gomez:56.55,35:Sora Petrov:56.90,36:Leila Ndiaye:35.09,37:Victor Zimmermann:48.92,38:Lucas Greco:33.55,39:Kimberly Diop:34.47,40:Margaux Dupont:40.40,41:Erica Yamamoto:36.51,42:Simon Moore:45.85,43:Emma Sokolov:38.52,44:Youssef Conti:48.05,45:Erica Tanaka:55.23
9489,Strasbourg,Tours,23/03/2026,1300,2315,1:Daiki Dubois:55.58,2:Zoe Kowalski:34.74,3:Louis Sanchez:42.27,4:Theo Santos:49.76,5:Lian Lee:44.26,6:Alessio Moreau:34.35,7:Juan Miller:46.08,8:Zane Michel:40.73,9:Chau Wang:37.05,10:Jules Rizzo:54.58,11:Lucia Simon:33.57,12:Jules Kim:34.95,13:Igor Moussa:39.68,14:Nicolas Esposito:41.97,15:Brenda Ouattara:56.01,16:Finn Fernandez:49.15,17:Katya Tran:54.88,18:Sara Cruz:43.49,19:Wei Lefevre:42.77,20:Taylor Moreau:51.37,21:Sora Weber:48.81,22:Carmen Sato:49.36,23:Isabella Durand:32.60,24:Katya Schulz:50.63,25:Pierre Traore:46.85,26:Skylar Rossi:47.32,27:Driss Almeida:55.23,28:Zoe Dubois:45.04,29:Nicolas Miller:37.41,30:Ryan Ouattara:37.83,31:Sofia Ribeiro:46.05
3427,Lille,Clermont-Ferrand,14/06/2026,1330,1943,1:Jeanne Wagner:31.73,2:Imani Chen:34.38,3:Theo Gomes:43.64,4:Youssef Doan:36.63,5:Ulysse Morozov:34.18,6:Finn Cherif:37.40,7:Alice Johnson:28.41,8::,9:Felix Ali:45.41,10:Miguel Wagner:34.54,11:Dmitri Wagner:33.75,12:Tristan Garnier:47.86,13::,14:Amandine Ribeiro:33.91,15:Ryo Esposito:47.14,16:Theo Silva:,17:Chloe Conti:43.63,18:Louis Park:42.99,19:Brenda Mohamed:34.03,20::,21::,22:Leila Rizzo:37.90,23:Ethan Liu:47.44,24:Willow Traore:29.67,25:Romain Sylla:28.77,26:Yumi Nkosi:44.38,27:Ryan Fernandez:29.60,28:Dylan Ouattara:41.56,29:Li Oliveira:33.85
6113,Rennes,Metz,05/11/2026,2245,1023,1:Fode Yamamoto:34.72,2:Felix Ivanov:52.87,3:David Cherif:36.80,4:Karim Bruno:36.48,5:Lea Sokolov:32.54,6:Rose Sato:34.17,7:Aicha Vo:36.65,8:Driss Thomas:53.64,9:Samira Russo:43.96,10:Thao Moreau:49.09,11:Gabriel Brown:51.56,12:Ethan Bianchi:56.50,13:Finn Wilson:51.80,14:Fiona Suzuki:43.79,15:Mehdi Wilson:52.87,16:Lea Leroy:33.18,17:Hassan Gomez:56.73,18:Margaux Vasiliev:53.29,19:Zane Abebe:39.97,20:Liam Pereira:35.95,21:Sekou Pereira:50.21,22:Amandine Pham:34.62,23:Jeanne Haddad:34.76,24:Samira Huang:45.10,25:Fode Fournier:49.83,26:Bjorn Esposito:50.16,27:Jules Tanaka:33.92,28:Youssef Abebe:50.85
1676,Montpellier,Rennes,13/02/2026,0700,1638,1::,2::,3:Ulysse Garnier:38.75,4:Valentine Oliveira:46.97,5:Sekou Cherif:47.47,6:Karim Sanchez:55.57,7:Dmitri Vidal:49.49,8:Lucia Rizzo:34.03,9:Baptiste Wong:51.75,10:Liam Ribeiro:55.80,11::,12:Harper Vasiliev:52.75,13:Jules Rizzo:38.13,14:Harper Sato:36.65,15:Sofia Diop:,16:Sophie Ali:33.75,17:Chloe Ferrari:40.44,18:Gabriel Park:48.98,19:Samira Tran:54.18,20:Samira Bruno:53.63,21:Lucas Cherif:37.31,22:Aki Kovacs:,23::,24:Silas Tran:,25:Kenji Simon:54.90,26:Chen Roux:39.37,27:Jason Ramirez:38.98,28:Paul Moreau:51.77,29:Hazel Schmidt:47.32,30:Ethan Ouattara:53.13,31:Natalia Cruz:53.17
8818,Brest,Le Mans,18/10/2026,1630,2256,1:Isabella Lopez:37.15,2:Miguel Clark:37.50,3:Juan Petit:29.24,4:Chloe Kim:41.64,5:David Le:44.13,6:Silas Sylla:44.64,7:Mateo Laurent:34.93,8:Lian Le:32.29
2481,Nice,Rennes,23/05/2026,0900,2253,1:Eloise Moreau:52.48,2:Olivia Kuznetsov:58.07,3:Bilal Wilson:46.27,4:Isabella Durand:57.04,5:Aisha Ali:51.55,6:Zoe Tanaka:46.10,7:Felix Haddad:55.70,8:Alessio Lopez:35.79,9:Lea Bianchi:54.63,10:Kwame Vidal:44.19
4626,Reims,Caen,04/06/2026,2015,0418,1:Willow Ali:38.90,2:Quentin Greco:54.20,3:Kai Michel:33.68,4:Amandine Perez:37.11,5:Mateo Oliveira:54.46,6:Javier Novak:44.71,7:Kai Ahmed:48.54,8:Ricardo Alves:40.57,9:Sophie Vo:46.53,10:Santiago Robert:47.01,11:Ethan Dupont:41.45,12:Nour Morozov:57.04,13:Austin Haddad:54.44,14:Rayan Garcia:37.27,15:Jian Martinez:52.50,16:Silas Martin:48.94,17:Katya Ahmed:57.77,18:Adrien Conti:46.42,19:Silas Martin:43.19,20:Mehdi Schmidt:47.48
1014,Nantes,Reims,16/07/2026,1615,0157,1:Isabella Novak:35.09,2:Louis Moussa:54.08,3:Theo Tanaka:53.14,4:Amandine Pham:34.07,5:Theo Taylor:35.04,6:Willow Simon:51.10,7:Zane Johnson:33.00,8:Quentin Nkosi:34.36,9:Silas Sylla:37.67,10:Kenza Davis:41.37,11:Alessio Moreau:42.58,12:Youssef Morozov:47.49,13:Theo Dubois:32.52,14:Austin Cisse:41.07,15:Brenda Ouattara:57.20,16:Mei Vidal:38.11,17:Felix Vidal:34.74,18:Amandine Chung:39.68,19:Hana Wagner:49.02,20:Tristan Wang:49.97,21:Finn Kowalski:55.63,22:Chau Simon:53.90,23:Aicha Vidal:55.69,24:Orion Pereira:34.59,25:Juan Alves:53.29,26:Jules Liu:47.27,27:Taylor Durand:36.01,28:Sekou Hussein:51.16,29:Daiki Clark:45.04,30:Farah Thomas:46.77,31:Daiki Smith:50.93,32:Sofia Klein:57.18
6254,Saint-Etienne,Tours,17/06/2026,1900,0005,1:Manon Taylor:33.71,2:Nala Moore:33.17,3:Isabella Lefevre:34.44,4:Sofia Suzuki:34.16,5:Arthur Khan:25.00,6:Clement Cherif:34.06,7:Nicolas Kowalski:20.69,8:Samira Ouattara:23.31,9:Kai Michel:21.09,10:Willow Simon:21.71,11:Hassan Liu:29.00,12:Maria Sylla:27.50,13:Amine Torres:28.42,14:Imani Rodriguez:24.43,15:David Le:28.40,16:Aicha Kowalski:28.82,17:Felix Garcia:23.16,18:Kai Rodrigues:32.52,19:Madison Torres:25.92,20:Kenji Leroy:35.98,21:Yumi Zimmermann:26.73,22:Igor Moussa:24.64,23:Camille Morozov:33.45,24:Dylan Ouattara:29.88,25:Austin Schmidt:20.87,26:Brenda Ouattara:35.27,27:Igor Cisse:24.64,28:Sergei Bernard:34.25,29:Willow Taylor:21.06
7834,Montpellier,Nantes,17/08/2026,1630,0049,1:Brenda Kovacs:34.45,2:Lucas Cherif:34.64,3:Driss Cruz:34.00,4:Pierre Moussa:57.54,5:Taylor Moore:33.22,6:Youssef Conti:46.59,7:Harper Dupont:40.53,8:Zachary Chung:42.57,9:Natalia Nkosi:41.24,10:Chen Robert:56.53,11:Hugo Greco:46.73,12:Jules Fernandez:37.62,13:Lian Cherif:53.90,14:Imani Rodriguez:42.52,15:Awa Suzuki:43.44,16:Erica Mohamed:47.57,17:Paul Durand:48.64,18:Amandine Robert:40.34,19:Chen Roux:49.34,20:Akira Chen:56.80,21:Chloe Durand:39.00,22:Sonia Boudjema:51.69,23:Brenda Simon:46.64,24:Ines Dubois:42.50,25:Youssef Abebe:52.71,26:Nicolas Bernard:57.51,27:Elsa Kuznetsov:55.99,28:Aki Muller:33.76
4229,Angers,Clermont-Ferrand,12/04/2026,2030,0218,1:Kwame Schulz:41.37,2:Chau Simon:43.69,3:Daiki Gomez:33.71,4:Margaux Durand:38.65,5:Bjorn Esposito:47.94,6:Kimberly Abebe:50.88,7:Yara Hussein:43.02,8:Felix Khan:33.45,9:Maria Tran:29.15,10:Willow Ramirez:29.26,11:David Esposito:30.65,12:Malika Le:38.72,13:Li Oliveira:45.92,14:Hana Martinez:46.54,15:Ryo Perez:42.91,16:Noah Diop:35.59,17:Olivia Ivanov:44.17,18:Santiago Abebe:41.39,19:Karim Ouattara:30.82,20:Javier Wilson:37.92,21:Kai Michel:33.41,22:Wei Benali:38.68,23:Olivia Wong:39.64,24:Emi Lee:36.42,25:Ulysse Wang:38.28,26:Emma Sokolov:33.62,27:Clement Esposito:40.04
3663,Le Mans,Montpellier,11/07/2026,1200,2004,1:Eloise Fahmi:,2:Nour Smith:47.42,3:Silas Hussein:36.44,4:Zane Klein:43.11,5:Aki Ribeiro:57.70,6:Sergei Traore:54.46,7:Ines Haddad:44.08,8:Awa Kuznetsov:55.41,9:Felix Tanaka:48.05,10:Jason Ferrari:46.36,11:Juan Alves:49.22,12:Pierre Diallo:40.58,13:Carmen Simon:37.15,14:Corey Faure:54.85,15:Juan Miller:35.00,16:Manon Zimmermann:54.48,17:Bjorn Schmidt:43.89,18:Adrien Chung:40.81,19:Zoe Novak:43.36,20:Minh Gomes:55.70,21:Silas Le:38.40,22:Silas Cherif:44.10,23:Javier Brown:33.47,24:Kenza Ferrari:47.64,25:Zoe Davis:35.06,26:Theo Bruno:44.63,27:Corey Robert:34.66,28:Margaux Diallo:34.88,29:Mateo Benali:43.56,30::
5745,Limoges,Rouen,29/09/2026,1830,0041,1:Victor Tran:43.86,2:Rayan Robert:33.32,3:Simon Chen:37.50,4:Aisha Sanchez:39.32,5:Manon Gomes:27.98,6:Celeste Lopez:30.79,7:Eloise Khan:38.53,8:Madison Torres:32.13,9:Bilal Thomas:45.21,10:Hassan Martin:26.95,11:Taro Zimmermann:33.51,12:Olivia Morozov:40.15,13:Jeanne Fahmi:32.87,14:Felix Vidal:27.99,15:Nour Russo:30.92,16:Yasmine Pereira:27.92,17:Aicha Robert:41.31,18:Akira Zimmermann:33.98,19:Sana Park:39.19
7536,Rouen,Saint-Etienne,07/07/2026,0900,1440,1:Austin Liu:40.81,2:Finn Johnson:38.81,3:Zane Johnson:31.93,4:Lucia Mohamed:45.05,5:Karim Sousa:40.19,6:Ethan Smith:31.89,7:Omar Doan:38.02,8:Imani Chen:30.90,9:Zane Bernard:29.09,10:Baptiste Schmidt:27.71,11:Zoe Popov:32.03,12:Orion Simon:34.85,13:Clement Esposito:40.93,14:Lucas Diop:33.56,15:Javier Wilson:40.24,16:Sergei Boudjema:41.81,17:Silas Klein:27.17,18:Willow Sokolov:30.88,19:Hana Ali:32.36
9047,Le Mans,Caen,09/02/2026,2000,2315,1:Ryo Hussein:17.86,2:Imani Schmidt:18.45,3:Pablo Pereira:16.29,4:Igor Almeida:24.44,5:Theo Ferrari:23.31,6:Mateo Wang:23.09,7:Arthur Abebe:23.61,8:Clement Moore:16.09,9:Samira Huang:26.57,10:Nicolas Ferrari:17.11,11:Elena Lopez:19.38,12:Taro Gallo:19.32,13:Kai Liu:24.37,14:Zachary Laurent:19.81,15:Kimberly Huang:19.25,16:Baptiste Rizzo:24.59,17:Jules Bruno:20.03,18:Liam Alves:16.39,19:Sana Zhang:18.68,20:Karim Sousa:18.32,21:Taylor Conti:20.95,22:Elena Sousa:22.39
2885,Montpellier,Limoges,27/08/2026,1315,1803,1:Camille Rizzo:24.83,2:Jian Fahmi:35.30,3:Silas Sokolov:35.04,4:Bilal Sokolov:,5:Li Schmidt:25.32,6:Kenza Wang:24.68,7:Bjorn Greco:22.71,8:Imani Rodriguez:33.90,9:Gabriel Fahmi:29.86,10:Sekou Yamamoto:24.94,11:Finn Davis:27.74,12:Dmitri Russo:25.54,13:Madison Kowalski:24.19,14:Rose Ramirez:25.19,15:Corey Taylor:22.35,16:Erica Sokolov:21.89,17:Bjorn Sato:29.97,18:Jason Fournier:32.35,19:Javier Wang:23.80,20:Silas Simon:,21:Imani Fournier:29.49,22:Chau Weber:26.05,23:Lucas Suzuki:24.00,24:Lea Tran:24.53
5085,Limoges,La Rochelle,13/11/2026,0600,0821,1:Rayan Dubois:18.51,2:Chloe Weber:14.34,3:Aicha Robert:13.20,4:Manon Rizzo:22.19,5:Driss Cruz:20.54,6:Alice Martin:17.17,7:Jules Garcia:16.92,8:Yara Miller:17.94,9:Bilal Torres:19.27,10:Mehdi Wilson:17.00,11:Nour Sousa:14.18,12:Quentin Chung:15.61,13:Mateo Laurent:13.61,14:Manon Clark:14.58,15:Mateo Huang:14.76,16:Maria Roux:16.48,17:Nicolas Wong:19.70,18:Kenza Khelifi:20.69,19:Amandine Robert:20.90,20:Fode Park:17.81,21:Javier Haddad:21.68,22:Jeanne Kuznetsov:19.26,23:Natalia Lefevre:14.21,24:Pierre Morozov:18.29,25:Manon Novak:18.80,26:Fode Moussa:16.51,27:Jules Cherif:18.49,28:Hassan Klein:18.99,29:Chen Robert:21.07,30:Driss Yamamoto:14.82,31:Zachary Wong:22.21,32:Rose Haddad:14.61,33:Zachary Moussa:15.69,34:Kenji Cherif:18.76,35:Sora Silva:18.75,36:Nicolas Miller:17.51,37:Alice Leroy:18.76,38:Erica Singh:18.73,39:Hugo Wilson:21.02,40:Pierre Moussa:21.73,41:Dmitri Lee:22.28,42:Sana Martin:14.74,43:Miguel Pereira:17.25
8304,Metz,Limoges,25/07/2026,0945,1808,1:Rayan Johnson:46.79,2:Orion Bernard:57.50,3:Karim Sanchez:51.37,4:Imani Alves:32.97,5:Sana Smith:35.96,6:Jackson Ramirez:50.45,7:Zoe Rodrigues:37.47,8:Elsa Garnier:43.30,9:Yasmine Alves:40.62,10:Quentin Fernandez:41.89,11:Ryo Boudjema:57.62,12:Baptiste Sousa:44.49,13:Ryan Benali:32.86,14:Pierre Ribeiro:55.79,15:Imani Petrov:48.62,16:Chloe Russo:39.33,17:Jules Santos:53.91,18:Samira Sokolov:41.91,19:Imani Fournier:43.96,20:Jian Zimmermann:52.86,21:Amandine Moore:41.68,22:Katya Lee:57.66,23:Willow Simon:46.43,24:Jason Mohamed:45.71,25:Louis Simon:43.73,26:Isabella Dupont:42.47,27:Rayan Singh:54.08,28:Austin Nkosi:48.27,29:Zachary Thomas:58.23,30:Mateo Fernandez:43.84,31:Olivia Khelifi:37.35,32:Adrien Martin:46.77,33:Minh Gomes:48.12,34:Aisha Martinez:41.84,35:Hugo Tran:55.42,36:Daiki Gomez:35.80,37:Noah Vo:35.06,38:Yara Brown:42.59,39:Hassan Rizzo:51.45,40:Kofi Wilson:53.50
5224,Tours,Perpignan,03/11/2026,0800,1835,1:Hugo Diallo:36.46,2:Farah Nkosi:41.06,3:Brenda Kovacs:52.77,4:Valentine Durand:45.79,5:Pablo Garcia:33.86,6:Samira Huang:56.12,7:Yara Rodrigues:44.61,8:Pierre Diop:57.46,9:Minh Schulz:40.60,10:Madison Torres:48.69,11:Driss Cisse:42.18,12:Miguel Pereira:33.03,13:Kwame Weber:44.01,14:Tristan Wang:41.70,15:Wei Leroy:46.40,16:Omar Martinez:49.41
8191,Tours,Reims,09/02/2026,1630,2349,1:Mateo Schulz:35.43,2:Willow Simon:47.04,3:Natalia Muller:48.38,4:Javier Bianchi:54.84,5:Kenza Taylor:54.21,6:Ryan Morozov:40.66,7:Natalia Mohamed:51.04,8:Youssef Conti:53.27,9:Mehdi Conti:34.27,10:Sekou Ahmed:49.15,11:Elena Oliveira:42.78,12:Amandine Wilson:48.97,13:Mehdi Benali:44.91,14:Lea Sato:42.77,15:Kenji Russo:44.61,16:Karim Fahmi:40.09,17:Baptiste Pham:56.62,18:Javier Sato:35.67,19:Amine Gomez:,20:Chen Yamamoto:34.91,21:Fode Boudjema:44.21,22:Yumi Simon:35.12,23:Jian Ali:,24:Alessio Gomes:47.69,25:Amandine Haddad:32.97,26:Sekou Santos:37.37,27:Chloe Brown:55.42,28:Paul Cruz:55.52,29:Ulysse Petrov:32.52
6475,Lyon,Grenoble,18/12/2026,1100,1407,1:Chen Diallo:15.08,2:Omar Singh:18.36,3:Sofia Pham:16.05,4:Santiago Huang:24.26,5:Brenda Rizzo:22.69,6:Alessio Oliveira:21.43,7:Olivia Lefevre:22.24,8:Celeste Ramirez:18.82,9:Sofia Kovacs:19.70,10:Sara Khan:17.02,11:Chau Ivanov:16.69,12:Hassan Liu:23.13,13:Aicha Wong:19.98,14:Felix Esposito:16.16,15:Jackson Diop:14.54,16:Driss Cisse:14.28,17:Louis Haddad:21.63,18:Clement Cherif:20.97,19:Awa Schmidt:18.21,20:Felix Wagner:16.34,21:Lian Cruz:21.77,22:Margaux Khan:16.64,23:Zola Torres:24.97,24:Orion Faure:23.56,25:Natalia Durand:17.78,26:Fode Fournier:17.82,27:Sora Weber:19.44,28:Sophie Nguyen:21.63,29:Margaux Durand:18.15
6899,Grenoble,Bordeaux,04/07/2026,2230,0646,1:Natalia Fournier:51.67,2:Nour Singh:47.83,3:Sergei Bernard:37.40,4:Driss Perez:38.47,5:Silas Greco:45.84,6:Mei Ahmed:47.09,7:Kofi Roux:36.78,8:Carmen Fernandez:35.61,9:Sora Esposito:41.07,10:Katya Santos:41.85,11:Imani Perez:40.06,12:Skylar Novak:42.94,13:Sora Davis:45.74,14:Hazel Schmidt:34.93,15:Ines Doan:44.17,16:Sana Lefevre:40.05,17:Leila Kuznetsov:46.77,18:Taylor Silva:45.99,19:Harper Ouattara:36.88,20:Taro Greco:53.21,21:Paul Davis:48.29,22:Lea Sokolov:44.17,23:Ethan Brown:34.15,24:Fode Tanaka:55.02,25:Kenza Garnier:36.68,26:Driss Ziane:41.69,27:Simon Taylor:39.96
1707,Reims,Rennes,11/04/2026,1815,0508,1:Farah Gallo:51.68,2:Tristan Wang:37.23,3:Javier Kovacs:53.30,4:Yara Laurent:49.30,5:Willow Sokolov:57.59,6:Sara Rodrigues:42.34,7:Jules Garcia:46.50,8:Sofia Davis:35.60,9:Elena Russo:42.31,10:Natalia Durand:50.69,11:Kai Bianchi:45.98,12:Romain Gallo:42.80,13:Sonia Kovacs:46.01,14:Olivia Wong:34.54,15:Javier Zimmermann:54.08,16:Igor Chen:56.64,17:Hugo Fahmi:44.31,18:Aicha Kowalski:41.34,19:Baptiste Bianchi:35.20,20:Ryan Fournier:55.36,21:Amandine Ribeiro:53.22,22:Omar Singh:38.15,23:Elsa Martin:44.36,24:Nour Rodrigues:40.09,25:Li Gomez:42.92,26:Theo Le:40.49,27:Olivia Thomas:38.03,28:Alice Alves:43.26,29:Madison Santos:45.39
6348,Reims,Clermont-Ferrand,09/04/2026,1815,2325,1:Victor Singh:31.99,2:Taro Pham:35.82,3:Aki Ribeiro:34.06,4:Hugo Fahmi:43.04,5:Natalia Klein:38.59,6:Liam Rossi:31.72,7:Willow Ali:27.51,8:Kenza Fahmi:26.74,9:Willow Cisse:35.29,10:Amine Lefevre:35.33,11:Jules Park:45.55,12:Sophie Vo:38.50,13:Rose Schmidt:44.53,14:Lucas Doan:26.11,15:Leila Vidal:31.64,16:Sofia Lee:34.89,17:Ryan Benali:43.77,18:Yasmine Nguyen:31.71,19:Ulysse Weber:34.08,20:Sekou Ziane:42.18,21:Sara Rodrigues:32.95,22:Carmen Perez:37.67,23:Amine Dupont:43.25,24:Skylar Gallo:31.92,25:Lian Cruz:32.37,26:Minh Fahmi:38.39,27:Leila Greco:26.32,28:Madison Moussa:35.37,29:Chau Kovacs:32.90,30:Leila Rizzo:29.42,31:Elena Conti:27.34,32:Karim Nguyen:38.19
1760,Perpignan,Strasbourg,22/02/2026,0745,1740,1:Hana Silva:37.76,2:Olivia Wong:46.78,3:Imani Fournier:33.44,4:Amandine Ali:39.21,5:Yara Cisse:51.82,6:Silas Martin:45.74,7:Ricardo Cruz:39.17,8:Igor Almeida:46.44,9:Rayan Rodriguez:55.84,10:Dylan Popov:35.68,11:Miguel Ndiaye:37.92,12:Sofia Lee:34.22,13:Miguel Diop:51.91,14:Lucia Mohamed:44.52,15:Sophie Cherif:35.34,16:Corey Ramirez:41.69,17:Nicolas Sanchez:33.13,18:Hassan Martin:56.48,19:Wei Benali:36.18,20:Kai Park:33.64,21:David Fernandez:40.99,22:Kofi Dubois:40.68,23:Felix Lefevre:43.47,24:Kofi Cruz:38.08,25:Li Schmidt:50.00,26:Elena Richard:47.38,27:Willow Rossi:52.03
2951,Rouen,Montpellier,22/04/2026,0915,1808,1:Simon Le:54.43,2:Rose Vasiliev:47.87,3:Elena Ziane:32.72,4:Emma Greco:57.23,5:Kenza Perez:52.12,6:Kimberly Abebe:43.62,7:Chloe Kovacs:54.41,8:Willow Taylor:55.39,9:Rose Moussa:42.13,10:Louis Park:47.70,11:Noah Schulz:52.31,12:Sora Michel:51.03,13:Madison Khan:,14:Corey Nguyen:38.18,15:Felix Esposito:56.76,16:Celeste Nkosi:33.05,17:Elsa Garnier:38.87,18:Hazel Ribeiro:38.11,19:Amandine Wilson:35.55,20::,21:Emi Cisse:46.46,22:Ryan Rossi:44.87,23::,24:Louis Simon:55.37,25:Sara Schmidt:42.41,26:Nicolas Ferrari:39.22,27:Hugo Greco:33.15,28::,29::
1128,Nantes,Saint-Etienne,09/09/2026,1145,1903,1:Ulysse Park:40.45,2:Gabriel Diop:38.46,3:Brenda Rizzo:37.74,4:Kai Rossi:55.72,5:Yara Brown:47.84,6:Zoe Bruno:39.64,7:Zoe Chen:56.97,8:Kofi Pereira:48.93,9:Isabella Lopez:53.17,10:Bilal Ali:58.44,11:Youssef Abebe:44.36,12:Ryan Fournier:36.24,13:Skylar Laurent:49.43,14:Romain Schulz:57.73,15:Leila Vo:54.68,16:Valentine Clark:58.48
5812,Rennes,Clermont-Ferrand,07/10/2026,2130,0442,1:Jeanne Schmidt:50.27,2:Eloise Wilson:45.27,3:Harper Cisse:37.36,4:Rayan Conti:52.23,5:Chau Wang:47.49,6:Yara Kovacs:44.19,7:Hugo Nkosi:49.21,8:Kenza Schulz:50.35,9:Erica Singh:57.10,10:Fode Moussa:43.72,11:Valentine Khelifi:37.70,12:Silas Davis:57.30,13:Romain Santos:33.09,14:Chloe Kim:38.72,15:Igor Ali:36.49,16:Akira Fournier:51.83,17:Liam Rossi:39.29,18:Silas Moussa:43.69,19:Willow Cruz:54.31,20:Natalia Zhang:50.13,21:Skylar Nguyen:48.07,22:Alessio Schulz:33.51,23:Celeste Benali:36.15,24:Victor Tran:41.80,25:Chau Lee:40.27,26:Nour Cruz:44.88,27:Orion Tran:38.47,28:Lucia Esposito:56.49
4815,Brest,Metz,17/09/2026,1445,0526,1:Pierre Diop:43.69,2:Liam Khelifi:45.69,3:Kenji Zimmermann:44.40,4:Kenza Weber:32.98,5:Gabriel Fahmi:33.12,6:Taylor Fournier:36.62,7:Natalia Wong:38.58,8:Finn Johnson:49.37,9:Brenda Bianchi:55.92,10:Pierre Cruz:36.75,11:Youssef Simon:35.81,12:Felix Ivanov:42.35,13:Sana Sousa:38.08,14:Arthur Ivanov:42.42,15:Igor Popov:46.12,16:Madison Khan:41.92,17:Zoe Bruno:44.03
2639,Rennes,Caen,03/09/2026,0715,1033,1:Jackson Kim:20.44,2:Taro Gallo:17.46,3:Kwame Perez:18.46,4:Theo Kim:18.23,5:Brenda Bianchi:21.08,6:Orion Laurent:26.19,7:Willow Smith:20.29,8:Lucas Doan:20.24,9:Ulysse Kovacs:26.98,10:Sergei Ramirez:23.55,11:Adrien Vasiliev:17.26,12:Youssef Abebe:25.61,13:Yasmine Nguyen:26.00,14:Leila Leroy:23.36,15:Imani Schmidt:24.88,16:Leila Ndiaye:26.27,17:Rose Rodriguez:16.17,18:Jian Zimmermann:25.24,19:Mehdi Zhang:25.98,20:Elena Richard:22.77,21:Sora Esposito:24.74,22:Baptiste Ribeiro:21.19,23:Daiki Garcia:23.40,24:Maria Durand:24.56,25:Juan Morozov:21.25,26:Sekou Pereira:21.56,27:Minh Benali:16.52,28:Hugo Wilson:25.26,29:Kenza Pereira:27.29,30:Youssef Doan:17.43,31:Sekou Hussein:17.78,32:Farah Almeida:24.66,33:Javier Davis:16.96,34:Bilal Wilson:19.92,35:Maria Rodriguez:20.29,36:Jeanne Fahmi:20.48,37:Austin Wang:15.76,38:Minh Chen:20.62,39:Aki Ivanov:22.96,40:Li Schmidt:16.71,41:Elsa Rodriguez:27.34,42:Chen Cherif:27.41,43:Taro Clark:18.93,44:Karim Weber:17.08,45:Fode Dubois:19.53,46:Zoe Nkosi:24.52,47:Akira Gomes:18.09,48:Silas Ziane:19.21,49:Sergei Traore:21.25,50:Pierre Diallo:20.08
5598,Rouen,Strasbourg,25/04/2026,0730,1744,1:Lea Brown:53.55,2:Lucia Kuznetsov:48.55,3:Zoe Fahmi:43.64,4:Dylan Petrov:49.25,5:Paul Pham:56.92,6:Javier Dupont:52.01,7:Santiago Clark:42.84,8:Ulysse Clark:49.16,9:Emi Johnson:41.86,10:Ethan Durand:33.11,11:Aisha Park:33.87,12:Felix Esposito:50.69,13:Jackson Ferrari:57.85,14:Elena Oliveira:54.99,15:Theo Kim:52.20,16:Willow Traore:42.93,17:Imani Dupont:41.14,18:Fiona Garnier:57.61,19:Driss Perez:54.30,20:Youssef Lopez:57.31,21:Erica Sanchez:47.71,22:Katya Tran:52.24,23:Sara Khan:54.83,24:Kimberly Abebe:42.80,25:Kimberly Schmidt:43.15,26:Kenji Cherif:37.03,27:Manon Kim:57.95,28:Olivia Alves:56.90,29:Jeanne Petrov:57.49,30:Mateo Laurent:37.11,31:Corey Nguyen:40.64,32:Alessio Haddad:43.69,33:Alessio Ziane:39.37,34:Chau Torres:41.59,35:Nour Singh:45.70,36:Maria Roux:48.65,37:Javier Haddad:50.24,38:Liam Pham:45.62
3659,Reims,Marseille,02/09/2026,1815,2254,1:Hassan Bruno:23.60,2:Kenza Fahmi:30.07,3:Sofia Gomez:31.85,4:Jackson Kim:24.83,5:Clement Moussa:20.30,6:Kimberly Abebe:23.68,7:Rose Martin:21.38,8:Camille Alves:25.17,9:Wei Ribeiro:32.17,10:Ricardo Vidal:29.08,11:Ulysse Garnier:28.42,12:Hugo Martin:25.62,13:Aisha Haddad:23.14,14:Santiago Khan:33.64,15:Kenza Vidal:26.29,16:Tristan Popov:28.75,17:Amine Lefevre:21.37,18:Maria Roux:31.94,19:Emma Cisse:24.89,20:Rayan Johnson:32.17,21:Zoe Chen:25.82,22:Youssef Abebe:22.57,23:Leila Rizzo:21.09,24:Silas Cherif:20.66,25:Elsa Bianchi:27.08,26:Eloise Wilson:20.60,27:Lian Lee:27.97,28:Felix Muller:25.67,29:Corey Lefevre:27.95,30:Ryan Martin:32.20,31:Jason Greco:29.55,32:Quentin Santos:32.17,33:Javier Dupont:20.79,34:Paul Pham:29.94,35:Omar Moreau:20.40,36:Pablo Petrov:33.01,37:Nala Esposito:24.90,38:Chau Almeida:28.94,39:Louis Ouattara:25.78
6976,Marseille,Lille,15/11/2026,0745,1757,1:Yasmine Boudjema:54.40,2:Erica Sato:37.86,3:Alice Dupont:41.98,4:Margaux Ribeiro:54.01,5:Sekou Ziane:41.29,6:Kwame Cherif:41.89,7:Farah Russo:56.33,8:Camille Fahmi:41.62,9:Rose Moussa:44.03,10:Igor Park:53.39,11:Isabella Sanchez:37.29,12:Zoe Dubois:55.38,13:Igor Alves:57.30,14:Bilal Ali:35.47,15:Austin Nkosi:40.94,16:Quentin Nkosi:52.62,17:Silas Martin:47.69,18:Zoe Novak:49.26,19:Rayan Johnson:57.79,20:Katya Lee:42.46,21:Alessio Alves:47.79,22:Leila Wilson:42.77,23:Felix Ivanov:42.29,24:Aicha Santos:57.21,25:Isabella Popov:47.78,26:Nicolas Sanchez:36.47,27:Daiki Gomez:36.79,28:Noah Brown:35.67,29:Noah Schulz:37.32,30:Chen Yamamoto:34.64,31:Isabella Lopez:47.19,32:Zane Cherif:53.98,33:Hassan Rizzo:40.50,34:Chau Huang:56.83,35:Silas Tran:46.82,36:Lucia Vo:38.33,37:Jeanne Smith:54.87,38:Youssef Sousa:33.70,39:Isabella Dupont:51.35,40:Chen Nguyen:58.39,41:Kofi Novak:44.95,42:Brenda Dubois:45.68,43:Manon Yamamoto:40.17,44:Zola Schmidt:36.42,45:Willow Vo:51.66,46:Dylan Petrov:56.46,47:Kenza Schulz:45.94,48:Jian Diop:53.08,49:Margaux Schmidt:34.17,50:Imani Petrov:54.28,51:Eloise Moreau:44.33
2435,Paris,Clermont-Ferrand,15/07/2026,1915,0056,1:Hana Pereira:35.80,2:Simon Moore:34.97,3:Omar Kovacs:25.66,4:Austin Moore:35.52,5:Fiona Davis:40.98,6:Nicolas Greco:25.39,7:Taro Pham:42.10,8:Arthur Robert:27.62,9:Chloe Garcia:23.87,10:Emma Sokolov:37.69,11:Eloise Suzuki:32.33,12:Margaux Diallo:37.42,13:Ryo Klein:41.00,14:Sora Haddad:35.99,15:Santiago Sanchez:36.55,16:Zachary Zimmermann:40.64,17:Samira Rossi:33.41,18:Taro Doan:25.85,19:Jason Ndiaye:40.58,20:Erica Mohamed:36.81,21:Aki Vo:26.25,22:Chen Yamamoto:40.95,23:Sekou Bianchi:25.92,24:Orion Lefevre:35.22,25:Chen Cherif:34.74,26:Kai Bianchi:37.65,27:Pierre Garnier:33.43,28:Madison Santos:39.76,29:Manon Dubois:33.44,30:Kenji Leroy:31.57,31:Lian Lee:24.22,32:Lian Cruz:27.69,33:Valentine Singh:37.02,34:Karim Nguyen:25.97,35:Sophie Popov:29.08,36:Lucia Huang:27.57,37:David Thomas:31.17,38:Karim Faure:29.80,39:Chloe Conti:40.10,40:Hassan Liu:29.58,41:Pierre Diallo:34.39,42:Isabella Park:26.18,43:Elsa Greco:40.09,44:Jeanne Ahmed:29.64,45:Li Gomes:27.41,46:Nala Esposito:30.85,47:Sekou Haddad:41.46,48:Orion Tran:42.72,49:Zane Suzuki:33.57,50:Nour Smith:26.95,51:Mei Liu:28.91
8637,Lyon,Angers,14/05/2026,1930,0244,1:Elena Lopez:45.58,2:Tristan Chung:38.99,3:Pierre Traore:40.81,4:Elena Boudjema:42.87,5:Kenza Taylor:45.37,6:Simon Wilson:37.56,7:Brenda Popov:36.80,8:Omar Moreau:48.09,9:Akira Chen:49.55,10:Aicha Michel:47.92,11:Kimberly Williams:56.58,12:Victor Huang:44.31,13:Daiki Wang:53.61,14:Mehdi Rodriguez:46.64,15:Quentin Pereira:47.00,16:Isabella Clark:51.01,17:Ethan Weber:54.43,18:Orion Faure:47.92,19:Zoe Chen:55.42,20:Karim Sousa:49.02,21:Kenza Schulz:53.76,22:Liam Ribeiro:47.95,23:Willow Cisse:46.45,24:Yumi Wang:47.85,25:Lea Suzuki:46.07,26:Madison Diop:36.13,27:Rayan Davis:54.35,28:Clement Kuznetsov:52.92
1200,Saint-Etienne,Angers,28/03/2026,2030,0259,1:Taro Gallo:38.51,2:Paul Pham:42.74,3:Jules Fernandez:33.72,4:Zoe Nkosi:32.29,5:Gabriel Diop:28.26,6:Finn Miller:27.76,7:Jackson Popov:30.21,8:Maria Garnier:47.75,9:Chen Cherif:43.48,10:Valentine Durand:32.96,11:Daiki Kim:43.52,12:Oceane Bruno:40.46,13:Isabella Park:36.25,14:Jason Khelifi:34.47,15:Mateo Oliveira:38.17,16:Gabriel Bernard:35.54,17:Chloe Kuznetsov:36.30,18:Sara Khan:36.87
9591,Lille,La Rochelle,20/06/2026,1415,2114,1:Aicha Kowalski:34.13,2:Minh Chen:41.34,3:Erica Vo:47.35,4:Sofia Davis:50.22,5:Zola Le:40.61,6:Elsa Singh:41.60,7:Zachary Zimmermann:44.38,8:Orion Laurent:48.56,9:Akira Chen:41.66,10:Chau Diop:44.89,11:Maria Durand:50.78,12:Kenji Leroy:34.27,13:Sekou Santos:31.91,14:Chen Sanchez:39.55,15:Aki Ribeiro:50.85
1756,Rouen,Angers,18/09/2026,1030,1458,1:Felix Lefevre:22.27,2:Louis Simon:24.90,3:Jules Bruno:33.11,4:Driss Williams:34.74,5:Mehdi Conti:30.87,6:Nala Mohamed:24.29,7:Tristan Garnier:27.27,8:Rose Garcia:31.40,9:Taylor Wilson:32.49,10:Natalia Cruz:27.39,11:Paul Pereira:23.39,12:Noah Vo:31.96,13:Harper Ribeiro:19.84,14:Karim Leroy:20.88,15:Natalia Durand:26.39,16:Sora Wagner:32.44,17:Hazel Ribeiro:26.68,18:Taylor Moore:32.88,19:Zachary Wong:33.80,20:Fode Wilson:33.72,21:Silas Simon:21.66,22:Miguel Sylla:23.54,23:Leila Vo:31.11,24:Chau Fournier:31.15,25:Dylan Ouattara:25.52,26:Santiago Sanchez:32.08
1303,Grenoble,Lille,01/12/2026,1445,2124,1::,2:Taylor Moore:38.05,3:Sana Lee:52.02,4::,5:Zola Torres:35.40,6:Kofi Ndiaye:30.80,7:Corey Yamamoto:39.16,8:Elena Laurent:38.64,9:Pablo Clark:35.97,10:Jian Ramirez:39.23,11:Arthur Robert:37.11,12:Sana Park:36.26,13:Kwame Weber:42.76,14:Ricardo Liu:48.42,15:Theo Tanaka:49.26,16:Kofi Muller:33.34,17:Sana Zhang:50.01,18:Rose Vasiliev:48.84,19:Elena Ali:32.20,20:Adrien Santos:50.35,21:Yumi Nkosi:38.15,22:Mehdi Sato:50.83,23:Arthur Cherif:51.82,24:Brenda Ouattara:39.30,25:Romain Gallo:46.90,26:Oceane Singh:48.93,27::,28:Jeanne Wagner:46.72,29:Willow Vo:32.83,30:Igor Park:33.79,31:Bilal Le:50.29,32:Jason Klein:49.21,33:Yumi Wilson:43.08,34:Rose Ramirez:36.12,35:Imani Ahmed:52.30,36:Yara Oliveira:34.18,37::,38:Ines Dubois:44.39,39:Ryo Doan:48.66,40::,41:Silas Hussein:44.52,42:Miguel Schmidt:51.28,43:Carmen Faure:34.45,44:Natalia Weber:40.66,45:Santiago Clark:52.91,46:Sara Cruz:36.43,47::,48:Zola Garcia:35.68
5777,Caen,Metz,22/09/2026,1000,2008,1:Brenda Garnier:55.84,2:Natalia Klein:39.99,3:Javier Leroy:52.95,4:Igor Alves:42.25,5:Fode Moussa:55.00,6:Ricardo Nkosi:50.10,7:Fode Tran:54.66,8:Jeanne Ahmed:44.57,9:Finn Diallo:46.27,10:Chen Robert:43.89,11:Samira Khelifi:50.99,12:Elena Zhang:55.78,13:Baptiste Thomas:45.11,14:Alessio Ziane:34.30,15:Manon Rizzo:54.85,16:Noah Conti:38.85,17:Clement Moussa:46.08,18:Ryan Fournier:48.70,19:Baptiste Benali:37.75,20:Silas Simon:33.78,21:Jian Ramirez:33.96,22:Sofia Diop:51.78,23:Carmen Cisse:44.08,24:Samira Wong:44.48,25:Sophie Nguyen:52.67,26:Felix Cisse:42.04,27:Zola Diop:58.33,28:Chloe Laurent:58.13,29:Malika Vasiliev:47.38,30:Madison Torres:39.49,31:Jian Garcia:44.31
7609,Rouen,Limoges,12/10/2026,1845,0014,1:Mateo Fernandez:39.15,2:Felix Esposito:43.38,3:Gabriel Sanchez:44.26,4:Fiona Cruz:32.40,5:Omar Lopez:29.48,6:Zane Suzuki:30.11,7:Kimberly Williams:31.02,8:Emma Sokolov:28.09,9:Natalia Wong:28.37,10:Chloe Smith:42.90,11:Miguel Dupont:40.83,12:Katya Bianchi:42.54,13:Aki Rodriguez:31.52,14:Margaux Diallo:40.76,15:Juan Rizzo:29.94,16:Katya Yamamoto:43.74,17:Zola Martin:31.04,18:Paul Muller:39.47,19:Madison Diop:43.64,20:Sonia Tran:30.36,21:Hana Pereira:27.54,22:Louis Clark:32.33,23:Karim Faure:36.82,24:Lian Pereira:24.85,25:Jeanne Haddad:38.74,26:Clement Fernandez:32.89,27:Ulysse Schulz:40.09,28:Paul Davis:26.05,29:Emi Wagner:29.95
8865,Brest,Saint-Etienne,27/12/2026,0645,1721,1:Carmen Liu:36.01,2:Bjorn Lefevre:47.26,3:Aicha Wong:52.54,4:Jeanne Haddad:46.78,5:Karim Petrov:49.84,6:Orion Pereira:47.65,7:Chloe Novak:44.07,8:Mateo Wang:53.78,9:Zane Davis:50.49
1585,Saint-Etienne,Nantes,09/08/2026,1145,1854,1:Pablo Clark:56.55,2:Brenda Garnier:51.69,3:Sofia Davis:41.14,4:Kenza Traore:40.99,5:Sana Kovacs:38.72,6:Sara Khan:41.19,7:Katya Yamamoto:53.47,8:Ethan Ramirez:54.44,9:Sergei Vasiliev:36.56,10:Miguel Dupont:35.73,11:Carmen Liu:42.48,12:Oceane Singh:52.91,13:Kai Rodrigues:36.43,14:Fode Wilson:38.66,15:Akira Gomes:49.84,16:Ryo Rizzo:38.54,17:Ricardo Alves:35.25,18:Oceane Vidal:49.38,19:Willow Kim:50.48,20:Austin Doan:37.37,21:Sergei Ribeiro:54.90,22:Jian Diop:56.78,23:Emma Dupont:53.06,24:Oceane Ouattara:46.04,25:Silas Klein:32.80,26:Sofia Lee:36.59,27:Hassan Brown:49.18,28:Yara Cisse:49.76
2173,Perpignan,Dijon,22/03/2026,1430,2333,1:Ines Schmidt:51.46,2:Kenji Boudjema:58.11,3:Emma Moussa:53.92,4:Chen Robert:47.12,5:Madison Tran:55.05,6:Karim Nguyen:42.73,7:Akira Chen:42.94,8:Gabriel Bernard:55.88,9:Sophie Schulz:33.44,10:Dylan Petrov:51.51,11:Kenza Taylor:42.93,12:Clement Esposito:56.19,13:Mateo Laurent:45.04,14:Samira Khelifi:38.28,15:Bilal Kovacs:47.43,16:Theo Santos:34.53,17:Nala Mohamed:49.22,18:Nour Popov:56.08,19:Chen Pereira:39.24,20:Ricardo Vidal:47.44,21:Harper Rizzo:38.40,22:Chen Muller:53.54,23:Manon Wong:41.54,24:Dmitri Lee:42.87,25:Oceane Greco:38.69,26:Ryan Ivanov:36.10,27:Juan Greco:46.04,28:Jackson Kuznetsov:38.44,29:Elena Laurent:34.77,30:Igor Doan:48.74,31:Olivia Alves:34.37,32:Sana Kovacs:49.45,33:Javier Wilson:48.33
6171,Paris,Grenoble,14/12/2026,1615,2305,1:Thao Moreau:55.08,2:Zoe Rodrigues:38.42,3:Pablo Pereira:32.27,4:Ryan Benali:48.25,5:Fode Khelifi:42.13,6:Madison Santos:42.70,7:Chau Zimmermann:55.15,8:Sofia Ramirez:32.95,9:Quentin Novak:54.57,10:Juan Alves:44.48,11:Hazel Singh:55.17,12:Alice Tanaka:48.93,13:Pierre Moussa:32.25,14:Chloe Singh:38.42,15:Lucia Vo:41.41,16:Theo Kim:34.27,17:Taylor Khan:40.69,18:Javier Bianchi:33.43,19:Wei Chung:36.39,20:Yara Laurent:34.75,21:Thao Lee:31.56,22:Akira Abebe:46.33,23:Zane Lee:36.56,24:Valentine Moreau:46.63,25:Tristan Wang:42.93,26:Wei Ferrari:33.24,27:Mei Vidal:50.59,28:Elsa Conti:51.07,29:David Thomas:54.79,30:Austin Nkosi:53.11,31:Jian Torres:41.83,32:Kofi Muller:44.63,33:Emi Johnson:44.27
1604,Tours,Brest,19/03/2026,0645,1310,1:Sara Kuznetsov:49.25,2:Theo Bruno:53.16,3:David Simon:43.46,4:Valentine Yamamoto:47.00,5:Baptiste Sanchez:53.56,6:Liam Alves:53.75,7:Elsa Perez:49.87,8:Erica Abebe:52.97,9:Quentin Rossi:45.24,10:Ryan Sokolov:31.22,11:Rose Perez:53.62,12:Sana Lefevre:37.77,13:Aki Diop:41.88,14:Sergei Vasiliev:54.46,15:Taro Wilson:48.63,16:Minh Benali:33.02,17:Ryan Sato:50.84,18:Pierre Traore:33.42,19:Zoe Popov:37.59,20:Zane Fernandez:35.61,21:Li Faure:51.03,22:Oceane Singh:49.86,23:Yara Moore:55.14,24:Austin Greco:53.00,25:Sana Doan:35.94,26:Pierre Moussa:50.51,27:Sophie Vo:38.81,28:Kenji Boudjema:32.20
1165,Strasbourg,Bordeaux,31/05/2026,1700,0615,1:Hana Gallo:52.66,2:Harper Dupont:49.90,3:Corey Nguyen:41.65,4:Ryan Moreau:49.50,5:Harper Martin:42.23,6:Harper Miller:38.68,7:Ines Sokolov:44.98,8:Bilal Mohamed:38.42,9:Elsa Garnier:57.86,10:Chau Almeida:49.77,11:Austin Moussa:42.27,12:Imani Williams:32.51,13:Sekou Moreau:54.79,14:Ines Haddad:43.84,15:Zola Williams:35.05,16:Fiona Vidal:41.04,17:Sophie Cherif:57.87,18:Isabella Le:45.81,19:Katya Santos:39.97,20:Amine Torres:32.51,21:Jian Fahmi:33.34,22:Amandine Perez:36.30,23:Austin Moore:37.14,24:Imani Alves:48.66,25:Kenza Weber:35.86,26:Miguel Clark:39.43,27:Baptiste Thomas:51.37,28:Alessio Almeida:42.72,29:Hugo Tran:48.02,30:Alessio Lopez:55.17,31:Emi Cisse:39.03,32:Clement Fernandez:35.20,33:Kenza Kim:58.31,34:Li Zhang:35.68,35:Katya Almeida:40.69,36:Chau Wang:52.80,37:Emma Conti:39.87,38:Akira Petit:40.32,39:Zane Johnson:52.40,40:Ricardo Vidal:46.40,41:Minh Novak:37.38,42:Mehdi Gomez:39.09,43:Willow Smith:35.81,44:Fiona Petit:39.58,45:Pablo Ndiaye:33.51,46:Ryan Fernandez:53.23,47:Alice Tanaka:55.54,48:Isabella Park:48.83
5845,Nice,La Rochelle,17/08/2026,2030,0802,1:Madison Lee:53.84,2:Yumi Sanchez:46.02,3:Felix Suzuki:39.57,4:Mateo Wang:44.83,5:Carmen Faure:43.07,6:Amandine Perez:50.89,7:Simon Fernandez:57.24,8:Margaux Durand:53.44,9:Sergei Sokolov:57.73,10:Driss Yamamoto:33.24,11:Arthur Gomes:42.85,12:Amine Weber:34.71,13:Lian Traore:36.39,14:Baptiste Alves:38.90,15:Dylan Popov:40.85,16:Oceane Robert:35.25,17:Jackson Ramirez:33.61,18:David Fernandez:45.93,19:Chloe Weber:37.18,20:Adrien Conti:44.97,21:Javier Davis:47.92,22:Sonia Bernard:45.78,23:Samira Sokolov:48.03,24:Lucas Simon:42.70,25:Jason Ramirez:42.66,26:Sara Petit:52.88,27:Sonia Greco:32.70,28:Chloe Kuznetsov:43.22
1583,Lille,Paris,26/04/2026,1730,1900,1:Silas Miller:13.26,2:Akira Park:20.67,3:Mateo Vasiliev:20.89,4:Jian Ali:13.92,5:Lucia Traore:21.19,6:Aisha Park:16.43,7:Taro Gallo:13.54,8:Carmen Liu:19.89,9:Samira Ramirez:14.25,10:Yara Rodrigues:21.68,11:Liam Alves:21.34,12:Yumi Sanchez:17.72,13:Pierre Moussa:22.36,14:Hassan Liu:21.28,15:Imani Williams:16.13,16:Pierre Moussa:19.18,17:Natalia Morozov:19.33,18:Hana Bianchi:21.74,19:Fiona Garnier:12.99,20:Rose Martin:19.82
9641,Dijon,Lyon,28/08/2026,2130,0053,1:Lea Leroy:27.23,2:Lea Sokolov:17.76,3:Nicolas Kowalski:23.54,4:Lucas Diop:25.36,5:Pablo Davis:19.62,6:Sara Ferrari:28.44,7:Sophie Cherif:25.24,8:Zola Torres:18.09,9:Minh Benali:16.90,10:Yasmine Nguyen:16.82,11:Lucia Diop:18.20,12:Madison Sylla:19.88,13:Ricardo Nkosi:26.08,14:Silas Sylla:17.29,15:Isabella Lefevre:24.65,16:Simon Vidal:27.43,17:David Esposito:23.01,18:Chau Weber:20.49,19:Kimberly Huang:23.07,20:Javier Leroy:26.49,21:Aisha Ali:24.64,22:Dmitri Silva:19.60,23:Madison Tran:28.73,24:Chloe Ferrari:29.17,25:Manon Moreau:20.94,26:Aki Rodriguez:16.54,27:Willow Cruz:20.93,28:Kenza Weber:17.09,29:Noah Diop:23.60
3388,Nantes,Marseille,07/10/2026,1700,0214,1:Aicha Rizzo:35.76,2:Lucas Khelifi:41.12,3:Adrien Laurent:50.67,4:Karim Faure:51.76,5:Skylar Nguyen:56.69,6:Sergei Bernard:50.99,7:Zola Greco:32.88,8:Ryo Hussein:44.74,9:Hassan Gomez:42.38,10:Bjorn Schmidt:44.79,11:Aisha Ali:48.15,12:Hugo Dubois:50.26,13:Lea Leroy:37.36,14:Ricardo Liu:44.14,15:Louis Sanchez:37.34,16:Bjorn Richard:58.12,17:Theo Le:38.18,18:Hassan Liu:56.82,19:Finn Kowalski:53.44,20:Driss Suzuki:56.58,21:Jules Rizzo:55.39,22:Minh Schulz:45.20,23:Li Schmidt:54.44,24:Baptiste Wong:36.72,25:Brenda Mohamed:34.90,26:Miguel Ndiaye:49.44,27:Rose Moussa:40.36,28:Nala Simon:52.36,29:Ulysse Schulz:40.20,30:Alice Dupont:48.87
7930,Angers,Lille,13/10/2026,0645,1201,1:Noah Conti:41.03,2:Madison Lee:35.63,3:Bjorn Schmidt:33.63,4:Orion Bernard:35.72,5:Jules Cruz:40.77,6:Javier Dupont:44.94,7:Kenza Williams:38.29,8::,9:Igor Muller:26.77,10:Wei Ribeiro:33.26,11:Aisha Haddad:39.69,12:Nicolas Doan:,13:Taylor Zhang:41.38,14::,15:Celeste Muller:30.85,16:Orion Pereira:33.20,17:Sora Haddad:26.59,18:Baptiste Roux:44.17,19:Lucas Khelifi:35.62,20:Elena Russo:,21:Sonia Boudjema:38.90,22:Liam Pereira:31.35,23:Camille Rizzo:31.55,24:Austin Haddad:41.51,25:Emma Sokolov:33.52,26:Sophie Clark:26.96,27:Manon Silva:35.17,28:Isabella Novak:44.32,29:Willow Popov:27.93,30:Leila Doan:30.72,31:Ethan Brown:,32:Sophie Chung:29.16
7747,Angers,Dijon,01/02/2026,1030,1836,1:Arthur Cisse:54.00,2:Pierre Traore:57.27,3:David Le:50.83,4:Ulysse Morozov:41.28,5:Ines Hussein:50.51,6:Clement Fournier:35.25,7:Taylor Moreau:42.20,8:Finn Vo:43.22,9:Quentin Fernandez:51.03,10:Sekou Kim:46.63,11:Karim Zhang:46.50,12:Daiki Clark:48.21,13:Natalia Perez:45.74,14:Theo Dubois:45.00,15:Ryan Fournier:52.94,16:Oceane Vidal:53.87,17:Oceane Greco:38.09,18:Imani Zhang:46.58,19:Dmitri Ferrari:49.04,20:Aicha Michel:56.92,21:Leila Leroy:35.34,22:Isabella Ziane:44.11,23:Natalia Moore:56.21,24:Mehdi Gomez:46.86,25:Simon Wilson:50.96,26:Erica Abebe:54.15,27:Malika Vasiliev:32.95,28:Fiona Cruz:44.25,29:Skylar Rossi:44.83,30:Jian Esposito:47.13
5542,Strasbourg,Metz,13/08/2026,0915,1143,1:Amandine Ribeiro:15.52,2:Quentin Roux:13.74,3:Emi Wang:21.63,4:Liam Yamamoto:12.64,5:Theo Ferrari:21.98,6:Eloise Khan:18.75,7:Yara Miller:14.29,8:Liam Pham:14.10,9:Pierre Diallo:12.58,10:Jian Robert:14.57,11:Alessio Wong:17.33,12:Liam Bernard:13.49,13:Sofia Ramirez:13.95,14:Ulysse Johnson:15.38,15:Rayan Moreau:17.17,16:Yara Brown:21.23,17:Wei Schulz:21.42,18:Zane Suzuki:16.74,19:Silas Novak:16.64,20:Imani Bernard:14.65,21:Pierre Traore:21.13,22:Jason Klein:15.68,23:Nala Sanchez:12.76,24:Hassan Bruno:20.75,25:David Santos:18.59,26:Akira Petit:18.51,27:Rayan Pham:15.92,28:Minh Schulz:20.42,29:Juan Morozov:13.70,30:Quentin Pereira:19.11,31:Wei Chung:15.15,32:Aisha Khan:21.27,33:Akira Fournier:21.64,34:Igor Muller:21.77,35:Ulysse Roux:20.03,36:Sonia Kovacs:16.21,37:Corey Gallo:14.36,38:Olivia Kim:20.24,39:Lea Diallo:18.83,40:Chen Cherif:22.27,41:Baptiste Wong:22.42,42:Malika Kowalski:20.72
1728,Angers,Perpignan,27/06/2026,1315,2109,1:Finn Vo:32.54,2:Celeste Lopez:57.55,3:Silas Ziane:44.05,4:Awa Suzuki:33.07,5:Valentine Ferrari:46.57,6:Jules Fernandez:50.95,7:Zola Torres:56.85,8:Noah Ramirez:50.60,9:Carmen Perez:53.12,10:Felix Lefevre:53.52,11:Aicha Vidal:54.93,12:Zane Lee:40.83,13:Youssef Chung:54.11,14:Olivia Kuznetsov:43.68,15:Ryan Liu:49.79,16:Yumi Simon:55.13,17:Sonia Tran:45.80,18:Chau Diop:58.46,19:Kofi Khan:37.57,20:Sana Martin:49.72,21:Yara Wong:34.75,22:Miguel Dupont:42.11,23:Farah Rizzo:39.70
5264,Montpellier,Caen,17/05/2026,2015,0530,1:Yara Miller:56.08,2:Isabella Smith:37.11,3:Kenji Simon:45.21,4:Camille Pereira:44.64,5:Bjorn Esposito:36.65,6:Ulysse Park:43.34,7:Valentine Ferrari:46.57,8:Skylar Gallo:58.48,9:Felix Nguyen:48.76,10:Awa Suzuki:58.38,11:Chau Huang:41.51,12:Lea Sato:44.68,13:Sekou Bernard:33.77,14:Alessio Gomes:56.95,15:Hana Bianchi:41.69,16:Sora Michel:52.86,17:Oceane Bernard:44.20,18:Felix Klein:39.63,19:Mei Vidal:39.49,20:Taylor Moore:51.60,21:Willow Kim:43.08,22:Camille Tran:48.86
6759,Brest,Strasbourg,08/07/2026,0745,2340,1:Elena Ziane:46.06,2:Nicolas Gomes:46.03,3:Rose Garcia:43.84,4:Karim Liu:50.86,5:Ines Rodrigues:52.26,6::,7:Hassan Kowalski:49.66,8:Mehdi Sato:51.51,9:Kai Doan:55.81,10:Alice Garnier:43.17,11:Louis Haddad:42.83,12::,13::,14:Fiona Park:51.63,15:Zane Johnson:42.60,16:Mateo Schulz:37.47,17:Daiki Singh:39.03,18::,19:Manon Zimmermann:40.00,20:Li Benali:40.96,21:Oceane Schmidt:41.31,22:Aicha Laurent:47.50,23:Baptiste Santos:40.55,24:Isabella Durand:53.51,25:Imani Perez:34.91,26::
6420,Grenoble,Clermont-Ferrand,30/04/2026,1830,2135,1:Tristan Haddad:27.16,2:Mehdi Sato:26.16,3:Madison Muller:23.75,4:Akira Rossi:17.77,5:Kai Bianchi:21.56,6:Simon Ndiaye:21.92,7:Chloe Wong:26.29,8:Ryan Conti:23.65,9:Ines Le:22.50,10:Youssef Bianchi:17.60,11:Mateo Oliveira:16.13,12:Valentine Martinez:15.46,13:Chloe Conti:21.42,14:Wei Moreau:26.20,15:Wei Leroy:20.08,16:Samira Tran:20.31,17:Louis Park:18.57,18:Zachary Wong:23.07,19:Dmitri Hussein:20.21,20:Pierre Diallo:16.74,21:Sophie Vo:20.20,22:Miguel Boudjema:20.25,23:Manon Novak:18.97,24:Louis Ouattara:15.38,25:Daiki Gomez:24.38,26:Silas Miller:18.60,27:Imani Dupont:17.95,28:Austin Garcia:15.92,29:Paul Ahmed:26.58,30:Finn Diallo:24.09,31:Rose Ramirez:21.64,32:Louis Clark:26.78,33:Pierre Diop:23.07
8735,Bordeaux,Limoges,12/02/2026,1615,2042,1:Brenda Ouattara:33.35,2:Yara Hussein:38.24,3:Li Le:30.62,4:Elsa Singh:23.32,5:Zane Klein:30.21,6:Willow Fernandez:26.29,7:Felix Perez:27.18,8:Fiona Garnier:25.74,9:Imani Zhang:36.31,10:Dmitri Bruno:38.28,11:Chloe Kuznetsov:34.35,12:Lea Michel:36.16,13:Finn Kovacs:25.51,14:Lucia Diop:26.26,15:Chloe Ferrari:24.06,16:Hana Williams:25.43,17:Kofi Wilson:23.47,18:Yara Rodrigues:35.24,19:Pierre Thomas:40.07,20:Rose Ramirez:27.18,21:Hazel Petrov:34.42,22:Nicolas Wong:22.66,23:Silas Martin:37.50,24:Rose Nkosi:28.44,25:Maria Roux:26.56,26:Lucia Vo:32.14,27:Hassan Rodriguez:34.26,28:Miguel Sylla:36.90,29:Ryo Rizzo:33.17
9333,Montpellier,Saint-Etienne,16/05/2026,1915,0122,1:Quentin Fernandez:37.86,2:Willow Tanaka:30.88,3:Samira Wong:32.47,4:Erica Yamamoto:44.33,5:Kofi Dubois:45.04,6:Mei Ziane:33.18,7:Kwame Schulz:29.95,8:Nala Dupont:41.72,9:Margaux Chen:45.29,10:Liam Nkosi:39.73,11:Simon Ahmed:47.32,12:Zoe Nkosi:40.45,13:Ethan Brown:30.21,14:Imani Rizzo:33.30,15:Taro Greco:39.33,16:Lucia Esposito:39.53,17:Harper Cisse:27.98,18:Taro Wilson:31.51,19:Bilal Ali:46.83,20:Manon Zimmermann:40.47,21:Juan Russo:46.60,22:Omar Moreau:34.55,23:Jeanne Kuznetsov:28.59,24:Mei Dubois:31.37,25:Lucas Novak:33.27,26:Mei Diallo:39.53,27:Finn Kovacs:30.39
9421,Dijon,Nantes,14/07/2026,1515,2336,1:Omar Lopez:39.76,2:Sekou Pereira:44.62,3:Oceane Kuznetsov:44.03,4:Li Kowalski:39.02,5:David Simon:,6:Lea Sokolov:46.85,7:Santiago Robert:47.34,8:Gabriel Garnier:33.64,9:Kenza Fahmi:47.07,10:Felix Ivanov:50.27,11:Theo Gomes:,12:Quentin Santos:36.87,13:Karim Sanchez:39.01,14:Lucia Ziane:49.51,15:Elsa Bianchi:53.29,16:Austin Garcia:36.96,17:Zachary Chung:38.27,18:Daiki Martinez:36.30,19:Jeanne Russo:36.71,20:Brenda Simon:48.44,21:Igor Ali:36.31,22::,23:Alessio Ouattara:36.15,24:Kofi Roux:46.54,25::,26:Silas Martin:36.39,27:Olivia Khelifi:43.96
3447,Lille,Dijon,03/11/2026,1100,1749,1:Leila Khan:37.16,2:Thao Moreau:45.37,3:Ethan Bianchi:32.47,4:Hana Martinez:41.10,5:Mateo Benali:37.01,6:Mateo Novak:39.61,7:Ulysse Schulz:48.99,8:Emma Dupont:38.10,9:Oceane Lee:39.05,10:Alessio Moreau:48.39,11:Nicolas Ali:50.58,12:Pablo Ndiaye:35.17,13:Elena Liu:48.05,14:Hazel Schmidt:31.88,15:Alessio Wong:30.85,16:Jules Miller:32.79,17:Elena Richard:48.67,18:Alice Dupont:48.80,19:Louis Ouattara:40.54,20:Rayan Moreau:36.60,21:Jeanne Schmidt:36.31,22:Felix Esposito:35.58,23:Ryan Sokolov:47.76,24:Gabriel Muller:29.07,25:Romain Diallo:35.72,26:Lucia Mohamed:44.56,27:Theo Taylor:48.02,28:Daiki Clark:40.47,29:Lucas Suzuki:33.41,30:Aicha Vo:34.52,31:Zola Williams:40.06,32:Arthur Robert:43.64,33:Carmen Bruno:31.03,34:Sergei Vasiliev:41.17,35:Natalia Moore:42.26,36:Driss Dupont:37.88,37:Pierre Diallo:39.33,38:Chloe Brown:50.78,39:Elsa Perez:39.51,40:Ryo Hussein:33.51,41:Hassan Liu:36.68,42:Taro Zimmermann:34.34,43:Youssef Abebe:46.75,44:Nicolas Gomes:31.02,45:Simon Chen:41.52,46:Sonia Greco:43.00,47:Pierre Diallo:37.95,48:Mei Vidal:38.86,49:Akira Wang:34.36,50:Karim Sanchez:44.89,51:Nala Dupont:40.50
7434,Nice,Saint-Etienne,10/07/2026,1400,2142,1:Karim Leroy:57.84,2:Amine Rizzo:55.23,3:Tristan Santos:45.48,4:Ethan Ouattara:54.02,5:Camille Pereira:50.31,6:Corey Robert:55.40,7:Liam Ribeiro:42.38,8:Aki Cisse:53.04,9:Jian Ali:36.55,10:Katya Singh:33.84,11:Austin Chen:53.32,12:Hana Pereira:32.68,13:Youssef Doan:43.78,14:Finn Weber:43.55,15:Bjorn Greco:56.68,16:Hazel Laurent:55.21,17:Lucas Greco:41.02,18:Alice Martin:54.75,19:Bjorn Richard:41.28,20:Ulysse Laurent:45.47,21:Samira Ouattara:41.64,22:Javier Schmidt:50.04,23:Ethan Cisse:47.88,24:Lea Sato:41.68,25:Noah Suzuki:39.24,26:Mei Nguyen:58.29,27:Manon Silva:33.46,28:Amine Durand:44.90,29:Zoe Leroy:57.81,30:Elsa Ali:49.25,31:Wei Rizzo:57.46
6742,Perpignan,Lille,21/02/2026,0630,1812,1:Willow Khelifi:38.69,2:Skylar Richard:47.10,3:Taylor Wilson:54.82,4:Sonia Bernard:35.13,5:Chau Wang:33.92,6:Jian Ali:57.56,7:Mateo Benali:35.04,8:Quentin Pereira:45.68,9:Kai Michel:56.21,10:Gabriel Schmidt:51.43,11:Leila Pham:35.52,12:Wei Lee:40.25,13:Juan Rizzo:42.23,14:Camille Pereira:47.28,15:Javier Davis:32.81,16:Zola Johnson:56.28,17:Alessio Ferrari:57.35,18:Lea Weber:34.32,19:Hana Klein:35.69,20:Youssef Abebe:52.30,21:Hazel Petrov:47.38,22:Kwame Vidal:42.46,23:Nicolas Kowalski:38.54,24:Sora Weber:58.44,25:Jules Oliveira:44.37,26:Jian Pham:55.50,27:Amandine Le:40.62,28:Margaux Vasiliev:43.12,29:Margaux Dupont:55.71,30:Lian Ferrari:55.31,31:Noah Lopez:48.80,32:Imani Schmidt:40.63,33:Daiki Smith:56.26,34:Mei Sanchez:56.25
3190,Tours,Bordeaux,17/09/2026,2245,0438,1:Farah Thomas:48.21,2:David Gomez:44.78,3:Yara Cisse:48.33,4:Paul Ahmed:41.53,5:Malika Sanchez:36.11,6:Zoe Ali:36.15,7:Ines Haddad:29.17,8:Mehdi Ali:32.34,9:Sophie Vidal:36.01,10:Manon Novak:38.28,11:Sara Rodrigues:43.38,12:Madison Santos:32.66,13:Olivia Khelifi:27.70,14:Romain Schulz:40.31,15:Natalia Lefevre:36.28,16:Tristan Haddad:48.38,17:Mei Liu:35.59
8029,Rouen,Lille,23/10/2026,2215,0013,1:Jackson Ferrari:16.73,2:Aki Kovacs:15.39,3:Carmen Bruno:21.77,4:Leila Vidal:18.89,5:Nicolas Doan:15.60,6:Manon Nkosi:15.78,7:Jian Esposito:13.74,8:Ethan Zhang:13.68,9:Aki Novak:20.83,10:David Fernandez:18.88,11:Corey Robert:17.31,12:Chloe Lefevre:14.65,13:Brenda Zimmermann:21.66,14:Bjorn Torres:16.47,15:Akira Martin:19.23,16:Akira Park:13.28,17:Alice Leroy:21.01,18:Sergei Vasiliev:21.89,19:Chau Ivanov:17.47,20:Felix Zimmermann:13.81,21:Ulysse Vidal:22.02,22:Zane Abebe:21.78,23:Jackson Muller:15.99,24:Pierre Ziane:14.68,25:Miguel Yamamoto:14.07,26:Yumi Nkosi:13.85,27:Jeanne Petrov:20.28,28:Carmen Liu:20.33,29:Lucia Simon:17.93,30:Miguel Pereira:15.57,31:Isabella Durand:15.54,32:Theo Tanaka:17.26,33:Manon Rizzo:14.87,34:Ryan Cherif:19.17
9622,Grenoble,Lille,25/11/2026,1845,0118,1:Erica Tanaka:35.36,2:Yara Clark:38.39,3:Lucas Fernandez:33.37,4:Orion Laurent:49.80,5:Taylor Moreau:37.55,6:Katya Santos:35.35,7:Kenji Russo:38.98,8:Yumi Wilson:45.72,9:Rose Garcia:45.74,10:Finn Tran:41.89,11:Baptiste Santos:38.34,12:Sekou Ahmed:34.78,13:Akira Wang:46.44,14:Malika Martin:42.93,15:Maria Traore:51.29,16:Juan Petit:30.41,17:Manon Popov:32.67,18:Maria Torres:44.47
6897,Limoges,Bordeaux,25/02/2026,1330,1831,1:Daiki Dupont:34.98,2:Madison Zhang:24.93,3:Harper Martin:35.70,4:Louis Ndiaye:33.99,5:Zoe Diallo:29.70,6:Chloe Fernandez:35.02,7:Wei Lopez:30.79,8:Miguel Clark:25.57,9:Ines Haddad:24.50,10:Santiago Sousa:25.86,11:Sara Fahmi:20.81,12:Samira Morozov:26.54,13:Sofia Wang:29.87,14:Nour Wong:32.89,15:Theo Gomes:20.67,16:Taro Zimmermann:26.49,17:Jian Ramirez:25.36,18:Awa Cisse:29.65,19:Kenji Simon:27.24,20:Fode Wilson:30.27,21:Jeanne Moreau:21.12,22:Hassan Rodriguez:31.59,23:Pierre Liu:30.05,24:Sonia Tran:23.51,25:Sergei Ramirez:29.77,26:Margaux Dupont:32.20,27:Pablo Martinez:26.64,28:Baptiste Sousa:29.94,29:Sergei Ribeiro:23.41,30:Bjorn Richard:22.78,31:Alice Torres:23.07,32:Ricardo Martinez:22.37,33:Baptiste Rizzo:30.24,34:Orion Davis:34.49,35:Celeste Taylor:27.70,36:Yumi Chen:28.10,37:Liam Fernandez:23.30,38:Gabriel Lee:22.51,39:Malika Brown:28.61,40:Hassan Pham:30.42,41:Lea Bianchi:35.57
4451,Grenoble,Lyon,14/06/2026,1715,2006,1:Willow Smith:23.81,2:Amine Rizzo:15.18,3::,4::,5:Minh Le:22.70,6:Silas Clark:24.13,7:Clement Ivanov:16.69,8:Mehdi Wilson:17.15,9:Eloise Wilson:,10:Oceane Singh:25.39,11:Natalia Lefevre:25.21,12:Lea Bianchi:,13:Emma Ziane:19.42,14:Liam Khelifi:24.40,15:Kofi Roux:17.83,16:Imani Rodriguez:22.90,17:Farah Gallo:23.38,18:Amine Novak:17.91,19:Felix Yamamoto:14.72,20:Ricardo Cisse:23.06,21:Kimberly Mohamed:16.00,22:Hugo Ribeiro:20.27,23:Ryo Simon:18.86,24:Amine Gomez:22.04,25:Oceane Kuznetsov:16.80,26:Simon Vidal:15.93,27:Zane Suzuki:22.07,28:Ines Kovacs:21.51,29::,30:Ryan Cherif:21.74,31:Daiki Gomez:,32:Amine Weber:19.37,33:Manon Popov:17.32,34:Kenji Weber:,35:Juan Lefevre:17.57
4297,Lyon,Reims,22/08/2026,2115,0108,1:Driss Ziane:25.98,2:Sophie Ouattara:29.54,3:Wei Lefevre:31.12,4:Kai Michel:28.82,5:Jules Torres:22.31,6:Gabriel Cherif:31.90,7:Manon Moreau:21.31,8:Miguel Boudjema:22.80,9:Mei Dubois:20.98,10:Orion Lefevre:24.30,11:Valentine Khelifi:22.15,12:Nour Popov:20.98,13:Jian Esposito:27.51,14:Dmitri Wagner:25.31,15:Jason Traore:27.56,16::,17:Sofia Davis:,18:Santiago Abebe:25.02,19:Javier Davis:19.24,20:Ryo Simon:18.49,21:Amandine Ribeiro:18.65,22:Carmen Simon:20.30,23:Pierre Diallo:31.63,24:Kenji Weber:32.28,25:Mei Vidal:32.04,26:Dmitri Vidal:27.66,27:Silas Dubois:27.68,28:Louis Park:18.83,29:Karim Sanchez:26.98,30:Nicolas Sanchez:30.32
4243,La Rochelle,Dijon,15/07/2026,1430,2242,1:Wei Leroy:34.87,2:Madison Moussa:53.03,3:Aki Diop:39.98,4:Li Benali:51.23,5:Imani Ali:49.77,6:Nour Singh:54.98,7:Amine Cherif:42.32,8:Nicolas Bernard:46.78,9:Pierre Cruz:49.85,10:Jules Cherif:32.90,11:Skylar Almeida:56.72,12:Adrien Vasiliev:57.81,13:Willow Ramirez:47.21,14:Aki Ivanov:44.96,15:Fode Diallo:35.15,16:Kai Ahmed:49.55,17:Gabriel Fahmi:49.40,18:Lian Sokolov:47.03,19:Alice Alves:42.72,20:Kofi Khan:55.42,21:Fode Tanaka:41.81,22:Thao Ahmed:52.90,23:Li Martinez:39.81,24:Chau Huang:41.39,25:Jian Zimmermann:38.22,26:Sergei Boudjema:51.95,27:Driss Conti:53.23,28:Skylar Nguyen:43.22,29:Akira Petit:45.99
8538,Limoges,Saint-Etienne,23/11/2026,0630,1108,1:Noah Khan:24.49,2:Sophie Vo:26.39,3:Skylar Richard:29.68,4:Pierre Almeida:21.72,5:Youssef Ramirez:28.64,6:Kenji Boudjema:19.13,7:Minh Fahmi:19.87,8:Liam Pham:26.64,9:Minh Ivanov:33.20,10:Fiona Greco:31.10,11:Driss Ziane:26.98,12:Nicolas Doan:33.39,13:Natalia Durand:24.88,14:Amine Lefevre:31.01,15:Theo Gomes:21.81,16:Theo Kim:25.67,17:Quentin Ali:24.21,18:Imani Rodriguez:26.52,19:Silas Greco:20.59,20:Kofi Dubois:22.03,21:Pierre Moussa:26.87,22:Zoe Huang:28.23,23:Skylar Nguyen:22.47,24:Liam Bernard:26.22,25:Nala Conti:22.69,26:Kwame Schulz:23.13,27:Manon Dubois:33.87,28:Fode Dubois:33.23
7088,La Rochelle,Brest,30/04/2026,1415,2020,1:Kai Rossi:39.44,2:Imani Ramirez:29.89,3:Malika Suzuki:32.01,4:Zane Davis:29.46,5:Gabriel Brown:41.04,6:Karim Sousa:,7:Nicolas Ali:29.40,8:Nala Simon:44.66,9:Ulysse Wang:36.83,10:Karim Zhang:,11:Juan Sokolov:35.11,12::,13:Sekou Fournier:26.01,14:Liam Vasiliev:27.89,15:Fode Ferrari:27.93,16:Simon Ahmed:37.43,17:Chau Diop:25.72,18:Victor Khelifi:33.93,19:Celeste Lopez:43.27,20:Noah Suzuki:45.23,21:Fiona Cruz:36.44,22:Willow Simon:42.98,23:Kenza Williams:33.37,24:Taro Wilson:39.18,25:Rose Yamamoto:30.50,26::,27:Gabriel Sanchez:27.00,28:Sekou Yamamoto:41.26,29:Zola Cherif:37.58,30:Eloise Wilson:25.81,31:Fiona Simon:30.64,32:Kenza Weber:30.59,33:Eloise Moreau:42.18
2246,Bordeaux,Nice,17/04/2026,0715,2035,1:Bilal Thomas:47.85,2:Jeanne Kuznetsov:47.70,3:Omar Cisse:44.97,4:Chloe Singh:57.68,5:Mehdi Rodriguez:39.39,6:Aicha Ndiaye:45.59,7:Kofi Wilson:34.28,8:Rayan Davis:38.23,9:Yara Moore:45.76,10:Austin Greco:34.15,11:Amine Leroy:38.50,12:Quentin Petrov:45.96,13:Chen Yamamoto:40.08,14:David Thomas:34.84,15:Sophie Ouattara:33.42,16:Amandine Ziane:44.60,17:Fode Almeida:49.56,18:Youssef Doan:54.69,19:Farah Rizzo:41.94,20:Corey Ramirez:56.93,21:Katya Santos:47.60,22:Amine Cherif:54.28,23:Leila Leroy:56.08,24:Aki Kovacs:34.94,25:Theo Schmidt:57.22,26:Baptiste Rizzo:43.57,27:Driss Cisse:47.53,28:Silas Brown:51.62,29:Harper Rizzo:50.78,30:Hassan Klein:39.13,31:Lian Garnier:41.08
7466,Nice,Saint-Etienne,27/03/2026,1515,2311,1:Sara Khan:35.31,2:Karim Faure:45.88,3:Alessio Ali:56.88,4:Valentine Ferrari:50.72,5:Ethan Dupont:38.14,6:Juan Sokolov:34.63,7:Jason Kowalski:47.40,8:Celeste Park:44.21,9:Driss Greco:42.41,10:Miguel Pereira:47.56,11:Wei Lopez:46.07,12:Zane Suzuki:52.11,13:Ines Rodrigues:33.97,14:Taylor Gomes:46.25,15:Nala Le:44.80,16:Hugo Diallo:51.06,17:Zola Schmidt:57.53,18:Rayan Conti:41.92,19:Orion Pereira:46.69,20:Elsa Perez:51.13,21:Quentin Greco:47.02,22:Silas Ribeiro:52.37,23:Ryo Michel:35.18,24:Wei Moreau:44.69,25:Emma Nguyen:42.46,26:Juan Rizzo:52.68,27:Mei Liu:57.94,28:Felix Zimmermann:44.09,29:Kenji Leroy:45.73
3338,Saint-Etienne,Brest,14/03/2026,2030,0703,1:Sara Khelifi:52.90,2:Nour Sousa:57.44,3:Silas Brown:35.69,4:Li Kowalski:57.96,5:Emma Ziane:40.36,6:Karim Liu:56.68,7:Kenji Rizzo:47.96,8:Elena Liu:56.32,9:Yara Laurent:52.54,10:Yara Wong:37.45,11:Ryo Williams:53.16,12:Jason Greco:40.62,13:Hugo Greco:44.69,14:Aicha Vidal:53.38,15:Clement Fournier:49.21,16:Oceane Rodriguez:34.84,17:Igor Popov:38.49,18:Omar Cisse:54.16,19:Manon Dupont:37.67,20:Alessio Wong:41.04,21:Jules Bernard:42.26,22:Jason Cruz:36.19,23:Ethan Zhang:48.27,24:Samira Tran:41.86,25:Pierre Yamamoto:50.39,26:Madison Tran:42.21,27:Jules Cherif:56.68,28:Skylar Ribeiro:49.82,29:Theo Gomes:39.24
8614,Bordeaux,Saint-Etienne,29/06/2026,1700,0103,1:Dylan Petrov:56.23,2:Gabriel Lee:50.12,3:Ricardo Wagner:48.64,4:Ulysse Sokolov:33.37,5:Hazel Fernandez:38.50,6:Driss Yamamoto:39.35,7:Theo Gomes:50.54,8:Emi Robert:41.80,9:Felix Zimmermann:38.50,10:Ines Haddad:43.50,11:Ricardo Diop:36.71,12:Maria Petrov:36.01,13:Baptiste Benali:38.40,14:Igor Popov:57.23,15:Aisha Hussein:48.92,16:Omar Ouattara:54.15,17:Sara Khan:55.80,18:Kofi Novak:57.85,19:Finn Kovacs:43.70
5976,Reims,Grenoble,18/12/2026,1330,1721,1:Sonia Greco:29.10,2:Aki Ribeiro:25.20,3:Sekou Fournier:24.98,4:Malika Richard:18.25,5:Fode Tanaka:28.98,6:Minh Fahmi:19.11,7:Farah Diallo:27.42,8:Olivia Khelifi:29.94,9:Akira Martin:28.99,10:David Bruno:20.16,11:Aki Cisse:26.42,12:Olivia Alves:31.76,13:Kofi Williams:18.88,14:Yara Kovacs:26.04,15:Austin Chen:20.16,16:Alice Dupont:18.95,17:Ethan Ramirez:23.96,18:Sophie Vidal:30.89,19:Arthur Garnier:22.25,20:Hugo Novak:18.30,21:Kai Martinez:20.88,22:Sonia Kovacs:30.44,23:Taylor Smith:26.33,24:Emma Greco:23.88,25:Natalia Ali:18.79,26:Rayan Novak:22.95,27:Olivia Ivanov:19.22,28:Miguel Clark:28.44,29:Valentine Rodrigues:21.87,30:Aicha Kowalski:19.87,31:Hana Martinez:27.17,32:Nala Fournier:27.26
1800,Nantes,Grenoble,03/07/2026,1100,1817,1:Yara Brown:49.02,2:Elsa Perez:38.42,3:Rayan Novak:45.92,4:Harper Ziane:57.16,5:Katya Rodrigues:48.86,6:Yasmine Nguyen:43.13,7:Alice Hussein:50.32,8:Corey Martin:55.00,9:Ines Sokolov:36.31,10:Lian Cherif:36.54,11:Camille Pereira:42.74,12:Akira Novak:43.81,13:Lucia Rodriguez:42.54,14:Bjorn Gallo:42.38,15:Miguel Clark:39.83,16:Jeanne Schmidt:45.50,17:Skylar Almeida:32.71,18:Elena Richard:45.55,19:Camille Santos:46.39,20:Maria Traore:52.42,21:Harper Wagner:41.37,22:Wei Benali:32.87,23:Igor Almeida:44.23,24:Fiona Garnier:36.78,25:Manon Nkosi:37.04,26:Aicha Santos:44.28,27:Kenji Rizzo:32.79,28:Alessio Alves:38.54,29:Baptiste Wong:54.82,30:Rayan Rodriguez:42.07,31:Eloise Schulz:49.61,32:Ryo Esposito:36.31,33:Aisha Bruno:37.84
6294,Strasbourg,Limoges,25/08/2026,2115,0555,1:Ulysse Torres:34.29,2:Farah Rizzo:46.97,3:Taylor Wilson:45.12,4:Igor Morozov:35.58,5:Alice Park:49.59,6:Sara Khelifi:50.49,7:Javier Leroy:58.01,8:Manon Popov:58.25,9:Chau Huang:43.42,10:Youssef Ziane:50.15,11:Fiona Davis:43.64,12:Lea Diallo:58.43,13:Yumi Zimmermann:55.31,14:Austin Nkosi:34.00,15:Pierre Morozov:39.13,16:Rose Perez:45.82,17:Sergei Vasiliev:43.47,18:Jackson Silva:46.03,19:Dmitri Le:55.43,20:Hazel Fournier:45.71,21:Chloe Ferrari:47.65,22:Zola Torres:49.27,23:Jian Clark:43.73,24:Baptiste Schmidt:41.85,25:Hugo Diallo:50.60,26:Igor Ali:39.36,27:Natalia Mohamed:56.54
9396,Reims,Dijon,15/12/2026,0715,0906,1:Pierre Morozov:15.93,2:Alice Leroy:16.18,3:Elsa Martin:14.57,4:Malika Sousa:12.92,5:Igor Alves:13.34,6:Brenda Garnier:18.67,7:Jian Ramirez:18.77,8:Tristan Moreau:20.76,9:Orion Lefevre:19.33,10:Alessio Lopez:15.10,11:Celeste Bianchi:15.44,12:Fiona Petrov:12.52,13:Lea Brown:18.84,14:Farah Diallo:21.98,15:Mehdi Schmidt:16.58,16:Imani Rizzo:14.72,17:Sana Liu:18.10,18:Eloise Wilson:20.95,19:Leila Taylor:21.75,20:Fode Tran:13.61,21:Lian Traore:17.89,22:Fiona Simon:14.85,23:Hassan Rizzo:13.21
8695,Reims,Clermont-Ferrand,28/08/2026,2130,0232,1:Maria Roux:24.40,2:Katya Gallo:25.86,3:Nicolas Ahmed:24.98,4:Santiago Sanchez:25.14,5:Kai Liu:35.99,6:Camille Wang:40.50,7:Jules Torres:33.32,8:Chloe Novak:25.67,9:Zoe Novak:25.45,10:Youssef Lopez:32.82,11:Lian Garnier:38.69,12:Awa Sato:24.13,13:Sora Esposito:27.44,14:Leila Wilson:34.20,15:Elena Zhang:38.06,16:Akira Martin:33.42,17:Alessio Gomes:28.07
1748,Nantes,Strasbourg,10/08/2026,1700,0534,1:Nour Smith:42.46,2:Miguel Alves:45.77,3:Santiago Clark:48.88,4:Leila Rizzo:36.02,5:Bjorn Greco:54.12,6:Ethan Klein:47.12,7:Willow Tanaka:44.93,8:Carmen Simon:55.19,9:Felix Tanaka:53.43,10:Aki Rodriguez:56.25,11:Manon Gomez:46.45,12:Adrien Vo:34.84,13:Fiona Davis:49.20,14:Rose Perez:42.12,15:Sofia Davis:41.80,16:Hazel Traore:39.66,17:Chen Muller:54.48,18:Akira Torres:46.67,19:Leila Khan:39.41,20:Ricardo Diop:53.57,21:Tristan Santos:49.19,22:Rose Rodriguez:47.75,23:Manon Taylor:53.44,24:Miguel Wagner:39.81,25:Pierre Rodriguez:42.92,26:Elena Gomes:38.80,27:Valentine Davis:34.21,28:Bilal Torres:38.01,29:Nala Dupont:41.90
4076,Bordeaux,Perpignan,19/11/2026,1700,0259,1:Sophie Clark:56.25,2:Ryan Vidal:51.27,3:Alice Hussein:39.75,4:Ryan Rossi:54.43,5:Lian Kim:50.40,6:Theo Tanaka:38.23,7:Karim Sanchez:41.46,8:Camille Diallo:54.07,9:Camille Chen:57.23,10:Louis Clark:42.45,11:Javier Zimmermann:58.30,12:Ines Laurent:47.81,13:Katya Ahmed:48.06,14:Zola Le:41.48,15:Jian Lopez:43.93,16:Simon Taylor:39.44,17:Bjorn Sato:57.53,18:Emi Nkosi:52.74,19:Zoe Davis:55.95,20:Miguel Ndiaye:52.29,21:Skylar Ribeiro:40.13,22:Ulysse Johnson:41.23,23:Jian Singh:52.60,24:Arthur Sousa:43.34,25:Nour Russo:52.59,26:Elena Diallo:39.78,27:Madison Thomas:41.66,28:Zola Schmidt:56.45,29:Malika Richard:34.11,30:Isabella Ziane:44.81,31:Eloise Moreau:52.79
9904,Perpignan,Nantes,14/06/2026,0800,1813,1:Alessio Schmidt:55.86,2:Erica Mohamed:43.44,3:Pablo Diop:50.55,4:Chen Pereira:57.95,5:Margaux Garnier:33.11,6:Fode Almeida:32.93,7:Sophie Cruz:52.35,8:Ulysse Dupont:39.64,9:Finn Davis:35.22,10:Theo Kim:34.91,11:Ines Laurent:40.63,12:Elsa Martin:46.31,13:Minh Schulz:52.05,14:Youssef Chung:36.34,15:Manon Silva:40.45,16:Brenda Popov:53.79,17:Imani Perez:46.54,18:Ryo Esposito:46.46,19:Olivia Kim:34.67,20:Adrien Kuznetsov:43.42,21:Quentin Ali:39.85,22:Taylor Khan:44.80,23:Akira Gomes:42.47,24:Skylar Novak:34.83,25:Mateo Vasiliev:40.86,26:Skylar Laurent:54.57,27:Mei Ziane:50.40,28:Farah Thomas:35.71,29:Natalia Zhang:41.10,30:Akira Rossi:55.92,31:Quentin Roux:38.43
7348,Angers,Marseille,05/03/2026,2045,0416,1:Ryan Fournier:41.67,2:Emma Moussa:48.16,3:Zoe Bruno:49.65,4:Tristan Chung:50.58,5:Natalia Davis:37.76,6:Finn Cherif:52.08,7:Akira Torres:50.40,8:Lucia Hussein:58.16,9:Sara Kuznetsov:54.40,10:Natalia Durand:39.17,11:Carmen Wagner:37.21,12:Adrien Conti:42.03,13:Adrien Santos:55.12,14:Pierre Almeida:49.09,15:Mateo Wang:33.13,16:Taro Doan:56.85,17:Ryan Rossi:56.89,18:Felix Vidal:34.23,19:Emi Rizzo:57.12,20:Jules Cherif:40.06,21:Chau Ivanov:51.82,22:Tristan Wang:46.07,23:Zola Johnson:48.38,24:Aki Ribeiro:36.01,25:Jeanne Tanaka:52.26,26:Quentin Chung:47.59,27:Taylor Moreau:53.36,28:Willow Taylor:58.26,29:Emi Wagner:51.34,30:Camille Rizzo:33.22,31:Fode Faure:39.77,32:Youssef Chung:43.32,33:Hana Miller:34.02,34:Sophie Popov:39.84,35:Kwame Rizzo:55.58,36:Ryo Williams:43.11,37:Sophie Benali:49.37
4624,Rennes,Toulouse,09/12/2026,1700,0047,1:Taylor Cruz:34.97,2:Skylar Chung:56.06,3:Sara Schmidt:51.13,4:Miguel Greco:45.16,5:Akira Chen:42.86,6:Ricardo Diop:48.53,7::,8:Orion Zhang:35.97,9:Kai Ahmed:,10:Felix Klein:54.82,11:Sofia Chen:38.83,12:Gabriel Bernard:37.41,13:Sergei Ribeiro:55.21,14:Emi Nkosi:52.60,15:Leila Doan:38.53,16:Li Gomes:,17::,18:Jackson Ferrari:36.91,19:Celeste Park:45.76,20:Madison Muller:55.22,21:Ricardo Rodriguez:42.42,22::,23::,24:Kenji Clark:38.00,25:Dmitri Hussein:,26:Silas Sokolov:45.02,27:Baptiste Rodriguez:51.38,28:Leila Pham:45.73,29:Elsa Park:,30::,31:Sana Lee:35.29,32:Skylar Gallo:36.34,33:Theo Gomes:,34:Elsa Rodriguez:54.15,35::,36:Lucas Suzuki:44.37,37:Aki Diop:40.53,38:Sana Vo:49.52,39:Victor Tran:47.37,40:Omar Martinez:55.09,41:Louis Singh:35.99,42:Ines Kovacs:46.33,43:Hazel Ribeiro:43.87,44:Sana Kovacs:54.85,45:Zoe Tanaka:54.41,46:Jian Diop:53.21,47:Corey Robert:41.18,48::,49:Adrien Vasiliev:41.25,50:Bjorn Johnson:50.76
5975,Brest,Strasbourg,20/11/2026,0830,2337,1:Silas Novak:48.55,2:Harper Boudjema:46.03,3:Kai Nguyen:52.19,4:Mehdi Schmidt:57.11,5:Jeanne Fahmi:54.22,6:Kofi Suzuki:36.45,7:Ethan Dupont:37.27,8:Harper Moreau:33.23,9:Mei Diallo:56.41,10:Simon Yamamoto:46.96,11:Yara Moore:54.71,12:Quentin Greco:49.44,13:Bilal Ali:43.51,14:Valentine Davis:42.47,15:Elena Diop:34.30,16:Orion Simon:41.91,17:Farah Boudjema:51.09,18:Celeste Bianchi:47.66,19:Manon Silva:52.56,20:Akira Park:45.60,21:Bilal Kuznetsov:42.60,22:Sofia Ribeiro:42.33,23:Karim Liu:44.92,24:Brenda Ouattara:44.47,25:Leila Rizzo:53.91,26:Baptiste Roux:56.73,27:Arthur Khan:53.02,28:Daiki Gomez:48.86,29:Nicolas Sanchez:55.71,30:Felix Muller:43.61,31:Li Schmidt:35.83,32:Jules Kim:37.18,33:Pablo Ziane:41.80
6714,Limoges,Rennes,30/05/2026,0630,1145,1:Olivia Pereira:23.97,2:Brenda Simon:36.99,3:Corey Martin:24.56,4:Nour Wong:29.75,5:Mateo Laurent:28.60,6:Silas Sylla:37.56,7:Rose Garcia:34.36,8:Harper Nkosi:30.74,9:Sophie Cruz:25.34,10:Zola Torres:33.61,11:Mei Tanaka:29.69,12:Manon Clark:24.28,13:Chau Lee:25.72,14:Sekou Fournier:28.94,15:Hana Silva:34.06,16:Bjorn Richard:25.18,17:Rayan Dubois:36.50,18:Taylor Moore:38.62,19:Nicolas Sanchez:36.16,20:Lucia Mohamed:38.59,21:Li Zhang:32.22,22:Aicha Robert:27.30,23:Ethan Liu:34.15,24:Liam Nkosi:37.63,25:Orion Tran:33.78,26:Jason Khelifi:39.29,27:Zachary Traore:38.89,28:Chau Khan:23.07,29:Gabriel Sanchez:38.36,30:Karim Novak:26.25,31:Alice Dupont:34.44,32:Carmen Sato:29.46,33:Liam Pereira:36.70,34:Camille Ramirez:26.63,35:Olivia Kim:34.19,36:Valentine Khelifi:37.36,37:Nicolas Kowalski:23.28,38:Kofi Suzuki:31.08,39:Ryo Hussein:27.96,40:Lian Pereira:28.48,41:Noah Khan:37.23,42:Harper Cisse:22.25,43:Noah Ramirez:37.85,44:Alessio Gomes:29.41,45:Elsa Park:27.84,46:Jeanne Wang:24.35,47:Sergei Boudjema:23.90,48:Jules Garcia:29.43,49:Corey Lefevre:30.87,50:Kenji Mohamed:35.85,51:Paul Pham:23.28,52:Madison Moussa:36.48,53:Zachary Zimmermann:36.69,54:Chloe Conti:26.97
6643,Nantes,Nice,09/09/2026,1945,0946,1:Emma Cisse:49.92,2:Leila Khan:36.61,3:Oceane Schmidt:47.73,4:Emi Lee:54.64,5:Katya Rodrigues:51.27,6:Pierre Liu:53.94
3603,Tours,Perpignan,12/08/2026,0800,1847,1:Ethan Bianchi:37.82,2:Hana Gallo:34.93,3:Harper Vasiliev:43.26,4:Daiki Moussa:51.21,5:Minh Rossi:38.37,6:Ryan Rossi:42.61,7:Alice Dupont:50.54,8:Thao Ndiaye:41.60,9:Natalia Muller:32.51,10:Gabriel Cisse:55.16,11:Santiago Ferrari:35.10,12:Chloe Kovacs:53.20,13:Pierre Ziane:57.72,14:Isabella Park:49.53,15:Kenji Simon:57.78,16:Pierre Diallo:43.67,17:David Esposito:35.07,18:Natalia Perez:51.59,19:Sofia Gomez:52.45,20:Aisha Khan:58.07,21:Malika Brown:57.77,22:Theo Le:46.29,23:Samira Wagner:37.20,24:Kwame Vidal:34.57,25:Sonia Greco:56.41,26:Sergei Rossi:52.92,27:Olivia Lefevre:38.70
9024,Lille,Toulouse,29/07/2026,0730,1729,1:Jeanne Haddad:42.35,2:Pierre Almeida:57.20,3:Fiona Petrov:38.53,4:Camille Rizzo:35.38,5:Simon Chen:34.99,6:Orion Lefevre:34.36,7:Fode Park:35.00,8:Felix Garnier:43.43,9:Madison Moussa:50.68,10:Lucia Rizzo:51.41,11:Gabriel Fahmi:37.86,12:Taro Doan:57.01,13:Emma Dupont:47.71,14:Hugo Nkosi:53.43,15:Corey Moreau:50.46
8582,Rouen,Perpignan,10/06/2026,0815,2028,1:Manon Wagner:37.78,2::,3:Farah Russo:35.45,4:David Bruno:46.61,5:Javier Brown:57.25,6:Alessio Ouattara:41.33,7:Corey Robert:43.31,8:Sekou Greco:54.26,9:Willow Khelifi:39.31,10:Isabella Clark:39.20,11:Ethan Klein:38.76,12:Ulysse Sokolov:47.72
6651,Nice,Clermont-Ferrand,25/07/2026,0915,1821,1:Theo Dubois:52.18,2:Yumi Nkosi:46.79,3:Minh Sanchez:55.19,4:Juan Miller:40.91,5:Sofia Kovacs:47.70,6:Ines Rodrigues:35.78,7:Ulysse Garnier:47.64,8:Zoe Tanaka:54.01,9:Natalia Ali:56.74,10:Hugo Thomas:34.71,11:Nala Simon:51.40,12:Jackson Kim:48.22,13:Jules Moore:47.22,14:Olivia Tanaka:42.20,15:Olivia Weber:54.09,16:Juan Russo:40.19,17:Skylar Laurent:34.53,18:Li Zhang:45.01,19:Bilal Ali:53.02,20:Aicha Vo:50.14,21:Elsa Conti:50.97,22:Baptiste Benali:39.91,23:Austin Haddad:53.43,24:Ines Hussein:37.22,25:Celeste Chung:56.96,26:Lucas Klein:37.57,27:Chloe Conti:58.22,28:Hana Bianchi:45.58,29:Jules Rizzo:48.92,30:Jian Traore:57.17,31:Alessio Alves:47.52,32:Youssef Simon:43.43,33:Paul Ahmed:56.97,34:Eloise Fahmi:41.32,35:Gabriel Schmidt:33.42,36:Minh Rossi:35.36,37:Noah Khan:47.02,38:Imani Zhang:45.02,39:Kimberly Mohamed:38.91,40:Elena Conti:33.17,41:Lian Oliveira:42.79,42:Igor Doan:43.09
4362,Paris,Nice,21/02/2026,1830,0811,1:Clement Ivanov:51.44,2:Eloise Popov:35.86,3:Amine Cherif:46.46,4:Brenda Dubois:52.15,5:Eloise Oliveira:51.65,6:Sofia Ramirez:38.09,7:Manon Taylor:47.39,8:Hassan Singh:56.45,9:Zoe Chen:47.49,10:Katya Doan:54.39,11:Driss Ziane:55.65,12:Brenda Rizzo:51.22,13:Jules Tanaka:37.90,14:Alice Dupont:42.98,15:Arthur Sousa:47.24,16:Romain Michel:36.17,17:Amandine Robert:51.35,18:Skylar Nguyen:37.90,19:Amandine Moore:37.80,20:Malika Vasiliev:38.58,21:Silas Martin:50.10,22:Ethan Ramirez:35.39,23:Imani Zhang:57.81,24:Willow Taylor:32.66,25:Pablo Pereira:49.11,26:Skylar Ribeiro:35.72
9123,Paris,Toulouse,02/11/2026,1245,2327,1:Adrien Chung:36.69,2:Camille Fahmi:54.35,3:Li Schmidt:49.89,4:Chen Ziane:40.52,5:Driss Thomas:41.28,6:Theo Schmidt:33.80,7:Javier Davis:55.08,8:Jian Traore:53.77,9:Igor Popov:44.94,10:Miguel Dupont:54.93,11:Carmen Cisse:47.95,12:Skylar Almeida:54.25,13:Sora Klein:39.72,14:Chloe Kuznetsov:50.12,15:Manon Wong:48.93,16:Mei Kovacs:39.58,17:Nicolas Vidal:47.10,18:Nala Simon:41.01,19:Ethan Weber:47.60,20:Sophie Chung:53.21,21:Sergei Rossi:52.41,22:Jason Cruz:48.44,23:Chau Almeida:44.19,24:Kenza Wang:53.18,25:Taylor Moore:48.90,26:Aki Tran:54.06,27:Chen Morozov:56.75,28:Elena Ziane:32.81,29:Lian Cherif:51.57
8296,Le Mans,Grenoble,25/11/2026,1815,0016,1:Farah Diallo:35.10,2:Corey Robert:31.13,3:Finn Johnson:28.71,4:Corey Martin:45.09,5:Yara Moore:45.86,6:Fode Wilson:46.05,7:Lucas Oliveira:29.95,8:Mei Ahmed:48.43,9:Finn Diallo:48.02,10:Driss Laurent:42.72,11:Zoe Ali:47.79,12:Clement Moore:42.06,13:Youssef Conti:28.98,14:Hugo Diallo:48.52,15::,16:Lian Traore:37.49,17:Taylor Fournier:32.89,18:Ulysse Vo:50.35,19::,20::,21::,22:Hana Klein:30.51,23:Emma Petrov:46.67,24:Driss Greco:43.28
9459,Rouen,Paris,29/07/2026,2030,2331,1:Daiki Bianchi:14.09,2:Elsa Rodriguez:14.13,3:Hugo Tran:16.97,4:Simon Ndiaye:12.69,5:Ines Rodrigues:18.32,6:Liam Pham:19.10,7:Harper Ferrari:20.30,8:Valentine Khelifi:12.91,9:Valentine Clark:20.72,10:Hugo Robert:21.76,11:Minh Gomes:17.58,12:Fode Yamamoto:19.88,13:Bjorn Greco:19.25,14:Karim Petrov:15.26,15:Nicolas Khelifi:17.41,16:Mateo Fernandez:16.27,17:Karim Haddad:17.11,18:Hana Miller:15.54,19:Natalia Wong:19.87,20:Farah Rizzo:16.34,21:Sora Weber:19.57,22:Amandine Le:15.24,23:Malika Moore:14.40,24:Alessio Almeida:21.18,25:Orion Laurent:19.71,26:Samira Russo:17.82,27:Madison Lee:13.43,28:Rayan Johnson:20.38,29:Alessio Gomes:16.04,30:Pierre Ziane:22.22,31:Harper Vasiliev:14.63,32:Margaux Durand:22.20,33:Hassan Diallo:22.40,34:Sofia Davis:15.68,35:Minh Novak:21.84,36:Sonia Diallo:15.26,37:Margaux Vasiliev:17.39,38:Lea Brown:14.50,39:Wei Lee:16.66,40:Sana Park:15.52,41:Chen Yamamoto:15.40,42:Amandine Faure:13.57,43:Amandine Fahmi:20.81,44:Jeanne Tanaka:14.49,45:Nour Sousa:21.89
4638,Lyon,La Rochelle,10/04/2026,2230,0610,1:Sonia Kovacs:36.22,2:Ryan Fournier:38.03,3:Baptiste Suzuki:49.97,4:Carmen Cisse:58.33,5:Rose Schmidt:43.38,6:Rose Mohamed:42.20,7:Driss Chung:50.08,8:Zola Clark:39.50,9:Nour Cruz:56.32,10:Daiki Wang:35.40,11:Silas Davis:36.95,12:Austin Wang:35.99,13:Silas Martin:37.27,14:Yasmine Alves:43.70,15:Madison Torres:52.98,16:Elena Laurent:50.45,17:Felix Schmidt:40.93,18:Jian Ali:39.73,19:Mateo Oliveira:48.30,20:Lucia Vo:53.92,21:Zola Le:52.08,22:Zoe Diallo:45.70,23:Nicolas Kowalski:41.46,24:Harper Nkosi:36.34,25:Bjorn Greco:38.96,26:Akira Fournier:37.84,27:Ines Sokolov:45.13,28:Manon Ouattara:33.57,29:Victor Tran:33.93,30:Lea Wilson:48.17,31:Sophie Vo:46.32,32:Minh Schulz:48.33,33:Nour Smith:56.37,34:Imani Moussa:34.85,35:Zola Torres:40.54,36:Maria Torres:53.35,37:Dmitri Silva:50.20,38:Zachary Haddad:55.86,39:Erica Lopez:57.59,40:Brenda Kovacs:54.03,41:Lian Ferrari:53.52,42:Tristan Tran:45.08,43:Alessio Schulz:40.14,44:Natalia Cruz:33.92,45:Aicha Vo:38.01,46:Wei Ferrari:36.52,47:Hassan Martin:48.53,48:Miguel Novak:52.75,49:Mehdi Benali:53.00,50:Liam Ribeiro:48.00,51:Chen Pereira:41.45,52:Elsa Garnier:39.42,53:Simon Fernandez:57.92,54:Sekou Hussein:45.17,55:Willow Rossi:52.25
9076,Paris,La Rochelle,28/08/2026,1700,2346,1:Sofia Zhang:35.44,2:Natalia Davis:43.74,3:Kenza Davis:43.29,4:Zoe Fahmi:36.15,5:Aki Ivanov:35.94,6:Jason Cruz:35.59,7:Zachary Laurent:37.80,8:Nour Tran:32.10,9:Simon Garcia:37.18,10:Quentin Schulz:30.31,11:Zola Williams:38.62,12:Isabella Durand:49.09,13:Aisha Park:37.77,14:Aicha Rizzo:30.73,15:Lucia Ziane:34.44,16:Lucia Diop:39.97,17:Valentine Smith:48.29,18:Kofi Suzuki:45.62,19:Margaux Vasiliev:44.29,20:Manon Ouattara:47.60,21:Nour Wong:36.08,22:Mei Dubois:31.34,23:Sofia Ramirez:50.58,24:Aisha Ali:37.27,25:Mateo Wang:41.92,26:Celeste Boudjema:41.79,27:Baptiste Kuznetsov:40.74,28:Kenji Leroy:42.31,29:Silas Leroy:32.57,30:Tristan Tran:46.21,31:Silas Greco:38.39
6542,Lille,Limoges,28/11/2026,2000,0235,1:Kenza Garnier:39.45,2:Sofia Gomez:42.13,3:Tristan Diop:48.44,4::,5:Ines Doan:34.63,6:Paul Pham:48.93,7:Aicha Kowalski:41.57,8:Karim Nguyen:49.02,9:Fiona Park:47.28,10:Jules Fernandez:43.44,11:Zane Suzuki:39.13,12:Skylar Richard:34.34,13:Sergei Vasiliev:,14:Driss Yamamoto:41.19,15:Madison Torres:,16:Thao Ndiaye:43.85,17:Dmitri Klein:56.17,18::,19:Kenza Davis:54.84,20:Emi Wang:,21:Pierre Morozov:48.32,22:Camille Schmidt:,23::,24:Sana Doan:39.67,25:Santiago Abebe:40.58,26:Awa Laurent:32.71,27:Ulysse Roux:33.53,28:Harper Ramirez:,29:Gabriel Schmidt:35.56,30:Silas Novak:50.38,31:Jian Ramirez:44.17,32:Li Gomes:33.32,33:Oceane Ouattara:36.84
7263,Montpellier,Clermont-Ferrand,21/11/2026,2100,0252,1:Aki Rodriguez:30.91,2:Imani Williams:31.90,3:Clement Zimmermann:36.10,4:Erica Abebe:40.81,5:Ulysse Morozov:38.81,6:Jason Kowalski:26.21,7:Quentin Nkosi:36.13
5019,Le Mans,Bordeaux,28/05/2026,1045,1532,1:Zachary Wilson:27.99,2:Taro Wang:25.26,3:Aisha Ali:31.86,4:Mehdi Abebe:33.17,5:Katya Schulz:34.69,6:Emi Lee:35.40,7:Emma Pham:27.47,8:Pierre Yamamoto:37.67,9:David Cherif:32.25,10:Adrien Vasiliev:35.20,11:Miguel Boudjema:27.10,12:Zoe Oliveira:28.21,13:Mehdi Bernard:37.67,14:Finn Cherif:30.97,15:Sekou Hussein:24.21,16:Omar Kovacs:34.52
8057,Tours,Clermont-Ferrand,16/03/2026,0600,1050,1:Bjorn Lefevre:37.92,2:Zola Williams:29.34,3:Javier Sato:40.44,4:Oceane Vidal:24.40,5:Sophie Tran:36.95,6:Emma Nguyen:33.40,7:Juan Miller:27.46,8:Clement Lopez:38.48,9:Nour Brown:38.46,10:Yara Kovacs:37.53,11:Victor Zimmermann:37.27,12:Liam Fernandez:32.20,13:Sonia Diallo:36.07,14:Nicolas Sanchez:36.66,15:Driss Cruz:23.14,16:Elena Russo:27.78,17:Nour Wang:30.27,18:Theo Tanaka:25.76,19:David Ferrari:24.80,20:Emma Sokolov:38.66,21:Zachary Haddad:29.66,22:Kai Rossi:26.79,23:Adrien Martin:34.01,24:Wei Moreau:33.79,25:Ethan Bianchi:32.85,26:Silas Sokolov:30.76,27:Kenji Mohamed:34.80,28:Minh Sanchez:29.65
9821,Angers,Dijon,19/11/2026,1930,0325,1:Aisha Gallo:36.11,2:Kimberly Huang:41.82,3:Silas Hussein:35.36,4:Sonia Kim:43.29,5:Sergei Ribeiro:33.19,6:Baptiste Sousa:35.79,7:Lucia Weber:46.34,8:Skylar Popov:46.45,9:Thao Tran:48.09,10:Theo Le:37.74,11:Juan Russo:34.72,12:Minh Rizzo:34.61,13:Tristan Wang:42.28,14:Mehdi Zhang:36.10,15:Sana Martin:46.18,16:Thao Ahmed:33.87,17:Eloise Moreau:49.84,18:Willow Tanaka:34.37,19:Sofia Lee:34.53,20:Carmen Wagner:43.05,21:Simon Garnier:36.77,22:Manon Zimmermann:43.74,23:Tristan Chung:35.86,24:Sana Doan:55.37,25:Baptiste Johnson:45.93,26:Hassan Brown:45.37
4339,La Rochelle,Limoges,23/11/2026,1745,2149,1:Aicha Laurent:24.45,2:Silas Smith:24.62,3:Rose Thomas:25.25,4:Mateo Laurent:26.18,5:Karim Sousa:18.38,6:Willow Vo:23.24,7:Maria Tran:32.24,8:Zachary Popov:29.66,9:Hugo Miller:30.88,10:Ryo Boudjema:28.01,11:Jason Kowalski:24.97,12:Sara Schmidt:27.92,13:Silas Greco:27.46,14:Lucas Robert:32.24,15:Amine Novak:30.41,16:Amandine Perez:30.05,17:Sofia Chen:20.64,18:Chen Pereira:25.14,19:Alice Alves:26.74,20:Chloe Novak:32.11,21:Sergei Vasiliev:30.57,22:Fiona Miller:26.03,23:Noah Gallo:31.04,24:Zola Clark:29.46,25:Juan Lefevre:22.07,26:Samira Wagner:26.40,27:Sara Greco:20.18,28:Mateo Wang:19.87,29:Natalia Sylla:18.14,30:Lucia Diop:23.86,31:Li Zhang:19.00,32:Brenda Simon:22.16
9186,Brest,Marseille,26/08/2026,2145,0848,1:Willow Rossi:50.60,2:Camille Alves:35.58,3:Natalia Nkosi:40.16,4:Mateo Huang:33.78,5:Mehdi Benali:37.54,6:Sekou Bianchi:34.84,7:Celeste Ramirez:46.40,8:Fode Dubois:53.91,9:Hugo Dubois:52.37,10:Lucia Rodriguez:40.67,11:Manon Novak:50.07,12:Manon Ouattara:54.27,13:Natalia Davis:50.71,14:Fiona Davis:55.87,15:Ines Le:56.10,16:Yasmine Kuznetsov:43.36,17:Baptiste Wong:36.34,18:Jules Miller:40.66,19:Louis Simon:57.20,20:Gabriel Sanchez:39.96,21:Silas Tran:44.55
5586,Nantes,Brest,18/02/2026,1130,1456,1:Akira Brown:19.90,2:Taylor Moore:20.69,3:Emma Taylor:22.21,4:Jian Michel:28.81,5:Jian Traore:19.07,6:Samira Bruno:20.87,7:Ethan Cisse:27.31,8:Eloise Khan:17.20,9:Mei Kovacs:25.39,10:Jules Mohamed:24.86,11:Imani Petrov:19.05,12:Finn Davis:22.02,13:Aisha Moussa:26.37,14:Igor Alves:24.85,15:Emi Cisse:22.66,16:Olivia Weber:27.44,17:Sora Wagner:26.57,18:Karim Sanchez:20.72,19:Tristan Chung:25.37,20:Wei Rizzo:17.83,21:Wei Haddad:17.60,22:Nour Smith:19.90,23:Sora Petrov:20.80,24:Thao Michel:20.37,25:Ryan Sokolov:22.58,26:Alessio Schmidt:17.72,27:Elsa Bianchi:25.57,28:Amandine Faure:25.64,29:Minh Doan:20.61,30:Nicolas Yamamoto:26.01,31:Chen Ziane:26.29,32:Imani Rizzo:24.54,33:Rose Smith:27.75
4863,Metz,Reims,23/02/2026,1345,1648,1:Akira Martin:13.07,2:Aicha Robert:13.58,3:Lucas Greco:19.39,4:Sophie Nguyen:20.08,5:Karim Liu:19.46,6:Rose Mohamed:21.69,7:Chloe Russo:19.72,8:Jules Torres:16.70,9:Minh Fahmi:14.66,10:Thao Singh:19.65,11:Austin Liu:15.29,12:Natalia Durand:19.13,13:Felix Huang:14.94,14:Simon Le:14.11,15:Igor Almeida:20.88,16:Chau Bianchi:20.30,17:Sekou Hussein:16.64,18:Brenda Popov:14.48,19:Isabella Smith:20.36,20:Isabella Ziane:14.34,21:Natalia Wong:12.84,22:Jason Fournier:17.48,23:Santiago Robert:22.05,24:Lian Diallo:13.48,25:Simon Moore:12.50,26:Natalia Davis:15.67
6553,Angers,Nantes,21/04/2026,1215,1411,1:Alessio Ali:16.32,2:Juan Alves:19.17,3:Karim Sanchez:18.43,4:Ryan Ziane:15.09,5:Bjorn Sato:21.48,6:Theo Kim:20.05,7:Ryo Boudjema:19.11,8:Isabella Ziane:13.32,9:Lian Garnier:17.39,10:Hazel Schmidt:17.55,11:Liam Pereira:17.94,12:Omar Ouattara:21.53,13:Aki Faure:13.51,14:Kwame Conti:20.25,15:Sergei Ramirez:18.65,16:Corey Taylor:17.31,17:Valentine Durand:18.63,18:Fiona Miller:14.27,19:Bjorn Moreau:21.60,20:Alessio Oliveira:16.41,21:Mateo Abebe:13.80,22:Mateo Laurent:13.72,23:Chau Lee:20.07,24:Farah Russo:16.32,25:Sofia Wang:13.20
4932,Angers,Marseille,18/07/2026,1045,1940,1:Dmitri Bruno:52.94,2:Juan Fernandez:40.67,3:Baptiste Benali:49.09,4:Taylor Gomes:45.20,5:Gabriel Miller:36.10,6:Ryo Hussein:47.28,7:Malika Martin:46.40,8:Aki Muller:33.12,9:Awa Kuznetsov:51.57,10:Oceane Gomez:39.05,11:Fiona Suzuki:37.50,12:Kenji Weber:53.88,13:Wei Schmidt:45.50,14:Chloe Lefevre:53.94,15:Jules Bernard:47.03,16:Imani Moussa:36.96,17:Kai Liu:53.13,18:Youssef Lopez:33.57,19:Brenda Le:38.41,20:Sofia Ribeiro:33.53,21:Dylan Roux:44.24,22:Lea Tran:53.70,23:Ethan Durand:58.38,24:Yumi Nkosi:53.37,25:Ryo Klein:49.06,26:Chloe Wong:46.30,27:Chloe Russo:56.22,28:Bjorn Moore:47.40,29:Samira Lefevre:48.00,30:Jules Tanaka:58.02,31:Liam Pham:54.94,32:Chau Lee:35.68,33:Bilal Ali:47.39,34:Minh Novak:49.88,35:Amine Novak:36.24,36:Rose Ramirez:54.53,37:Hassan Bruno:38.04,38:Sofia Kovacs:34.01,39:Jeanne Ahmed:55.73,40:Ryo Esposito:34.18,41:Ines Schulz:42.23,42:Jason Cruz:57.51,43:Akira Martin:50.05,44:Quentin Roux:49.76,45:Brenda Mohamed:49.50,46:Chau Ali:41.03,47:Alessio Schmidt:58.30,48:Zoe Huang:39.78,49:Natalia Durand:35.95,50:Amandine Ziane:55.82,51:Madison Thomas:58.34
7418,Strasbourg,La Rochelle,20/09/2026,2130,0929,1:Miguel Alves:36.20,2:Minh Novak:51.70,3:Mateo Wang:53.58,4:Alessio Wong:58.12,5:Gabriel Ouattara:38.30,6:Lea Brown:41.36,7:Elena Gomes:40.60,8:Taro Wilson:45.94,9:Noah Schulz:48.63,10:Driss Williams:38.01,11:Samira Tran:53.89,12:Hana Bianchi:34.49,13:Aki Huang:40.83,14:Jason Ramirez:57.38,15:Sara Martinez:57.54,16:Valentine Clark:57.17,17:Eloise Suzuki:54.41,18:Rose Vasiliev:52.43,19:Sonia Ahmed:54.86,20:Sophie Vidal:44.36
8098,Paris,Nice,09/09/2026,1645,0533,1:Aki Muller:35.66,2:Igor Popov:41.38,3:Omar Liu:54.03,4:Alice Park:46.79,5:Imani Fournier:37.96,6:Mei Ali:43.30,7:Emma Dupont:48.47,8:Driss Nguyen:34.83,9:Jackson Wang:32.92,10:Aicha Vidal:56.42,11:David Thomas:55.24,12:Karim Sousa:48.47,13:Malika Taylor:39.66,14:Jackson Ramirez:50.59,15:Driss Oliveira:48.76,16:Ethan Durand:55.38,17:Zola Johnson:48.47,18:Mei Ferrari:34.41,19:Rose Novak:34.17,20:Adrien Garnier:56.00,21:Alice Dupont:52.17,22:Zoe Rodrigues:47.77,23:Elsa Conti:46.70,24:Jules Bruno:36.88,25:Pablo Davis:56.01,26:Baptiste Ribeiro:46.22,27:Erica Morozov:53.76,28:Aicha Laurent:44.83,29:Kenji Rizzo:33.16,30:Imani Dupont:48.62,31:Farah Almeida:53.60,32:Aisha Khan:54.89,33:Kofi Muller:45.82,34:Ryan Khelifi:49.99,35:Minh Le:44.18,36:Isabella Ziane:55.68,37:Chloe Traore:35.92,38:Li Dubois:38.85,39:Olivia Thomas:38.12,40:Amine Weber:34.53,41:Baptiste Santos:47.91,42:Mei Liu:54.74,43:Zachary Cisse:50.47,44:Karim Faure:53.87,45:Emma Cherif:35.49,46:Ethan Bianchi:39.06,47:Finn Tran:54.11,48:Baptiste Bianchi:45.83,49:Ethan Liu:35.55,50:Olivia Kim:47.88,51:Harper Ziane:47.37
8182,Tours,Marseille,14/05/2026,,0445,1:Paul Davis:40.40,2:Valentine Oliveira:38.20,3:David Fernandez:41.55,4:Manon Wong:46.30,5:Camille Tran:36.30,6:Elsa Greco:48.09,7:Kwame Cherif:33.23,8:Sofia Ramirez:47.23,9:Lucas Diop:34.96,10:Amandine Chung:42.82,11:Kimberly Diop:38.23,12:Pierre Almeida:52.76,13:Akira Wang:50.27,14:Jason Ferrari:32.52,15:Pablo Davis:44.91,16:Skylar Bruno:48.28,17:Taro Wilson:40.43,18:Nour Cruz:43.65,19:Baptiste Thomas:44.19,20:Nour Wang:43.13,21:Celeste Lee:35.19,22:Harper Ziane:35.95,23:Simon Taylor:53.15,24:Zane Almeida:33.10,25:Hugo Miller:42.61,26:Kofi Suzuki:42.27,27:Kimberly Abebe:57.84,28:Skylar Popov:54.56,29:Alice Torres:58.41,30:Kwame Brown:49.89,31:Nala Le:55.16,32:Kenji Russo:55.51,33:Elena Ziane:51.06,34:Natalia Fournier:55.50,35:Sara Cruz:51.69,36:Taro Clark:47.25,37:Hana Bianchi:40.04,38:Dmitri Silva:37.10,39:Kenji Rizzo:39.58,40:Simon Moore:53.40,41:Valentine Rodrigues:52.16,42:Santiago Khan:34.38,43:Romain Lopez:42.78,44:Akira Gomes:38.68,45:Bjorn Esposito:41.56,46:Isabella Dupont:54.11,47:Sergei Gallo:47.50,48:Kofi Khan:38.39
1454,Lyon,Rouen,11/08/2026,1645,2333,1:Driss Thomas:41.11,2:Lian Cruz:44.22,3::,4:Javier Haddad:49.51,5:Pierre Morozov:55.97,6:Taylor Conti:45.17,7:Alice Huang:33.94,8:Felix Lefevre:43.72,9:Sonia Kovacs:55.17,10:Paul Pham:37.71,11:Arthur Garnier:33.49,12:Li Faure:33.17,13:Ryo Esposito:34.43,14:Zoe Dubois:32.03,15:Emma Taylor:44.29,16:Louis Moussa:,17:Nicolas Doan:36.17,18:Hassan Kowalski:47.29,19:Oceane Robert:54.01
8669,Le Mans,Grenoble,28/08/2026,0900,1508,1:Chau Diop:51.30,2:Lea Diallo:31.97,3:Zoe Perez:30.09,4::,5:Minh Rossi:43.96,6::,7:Kimberly Diop:44.02,8:Kwame Vidal:42.32,9:Ulysse Johnson:37.26,10:Nour Smith:38.34,11:Pablo Davis:50.59,12:Fode Wang:46.75,13:Chen Wong:,14:Noah Hussein:42.92,15:Orion Laurent:,16:Felix Khan:29.61,17:Juan Rizzo:29.96,18:Daiki Smith:40.89
6706,Montpellier,Bordeaux,10/03/2026,1030,1922,1:Alessio Moreau:50.27,2:Chloe Smith:58.14,3:Elsa Ali:46.32,4:Pablo Garcia:49.29,5:Alessio Ali:35.39,6:Karim Bruno:43.68,7:David Robert:54.88,8:Taylor Cruz:33.04,9:Mei Vidal:54.65,10:Victor Huang:56.48,11:Theo Yamamoto:49.18,12:Austin Haddad:46.25
1296,Saint-Etienne,Perpignan,11/07/2026,1500,2318,1:Chau Ouattara:49.10,2:Skylar Novak:52.51,3:Celeste Park:40.68,4:Kofi Martin:49.44,5:Skylar Petit:56.62,6:Elsa Singh:51.72,7:Nour Singh:52.51,8:Farah Nkosi:55.56,9:Elena Richard:57.67,10:Ricardo Rodriguez:44.30,11:Alice Alves:58.15,12:Jeanne Smith:46.38,13:Jeanne Doan:34.44,14:Javier Haddad:36.29,15:Clement Lopez:52.13,16:Orion Tran:51.54,17:Felix Lefevre:42.59,18:Chloe Laurent:52.27,19:Chau Zimmermann:35.89,20:Hazel Morozov:38.70,21:Igor Doan:52.42,22:Hazel Hussein:53.48,23:Romain Lopez:52.22,24:Valentine Huang:34.86,25:Oceane Bernard:34.78,26:Harper Ferrari:58.47,27:Samira Rossi:50.99,28:Felix Ivanov:33.03,29:Baptiste Suzuki:53.71,30:Valentine Moreau:42.51,31:Quentin Schulz:41.74,32:Dmitri Ferrari:37.32,33:Amandine Chung:51.35,34:Fode Almeida:37.87,35:Ethan Zhang:48.40,36:Victor Nkosi:42.52,37:Olivia Sousa:48.19,38:Elsa Bianchi:48.68,39:Ryo Rizzo:49.77,40:Lea Roux:48.90,41:Margaux Dupont:32.61
8981,Dijon,Montpellier,27/05/2026,1530,2127,1:Gabriel Yamamoto:45.49,2:David Bruno:30.84,3:Mateo Brown:44.53,4:Ryo Sanchez:48.82,5:Sekou Pereira:36.03,6:Jian Pham:,7:Sophie Ali:44.51,8:Sofia Kovacs:34.58,9:Kenza Taylor:41.07,10:Adrien Santos:48.61,11:Jeanne Petit:36.22,12:Sora Esposito:36.23,13:Jeanne Haddad:42.32,14:Katya Almeida:34.78,15:Kenza Chen:38.56,16:Natalia Durand:42.92,17:Celeste Lee:30.96,18:Nicolas Vidal:34.09,19:Madison Torres:38.88,20:Alice Vidal:,21:Sofia Esposito:32.24,22:Pierre Yamamoto:43.49,23:Sofia Leroy:34.59,24:Clement Sato:38.66,25:Ethan Zhang:42.02,26:Madison Tran:47.91,27:Manon Popov:45.93,28:Natalia Klein:48.24,29:Jian Popov:33.56,30:Wei Leroy:31.32,31::,32:Margaux Ribeiro:38.71,33:Simon Wilson:46.16,34:Bjorn Moore:,35:Javier Zimmermann:45.13,36:Leila Ndiaye:47.62,37:Adrien Kuznetsov:48.23,38:Adrien Chung:38.42
8170,Perpignan,Rennes,20/02/2026,1715,0405,1:Gabriel Garnier:56.47,2:Quentin Gomez:44.90,3:Chloe Singh:53.81,4:Sonia Michel:44.18,5:Skylar Rossi:51.37,6:Akira Wang:56.62,7:Margaux Durand:35.11,8:Isabella Park:45.60,9:Oceane Gomez:54.34,10:Javier Davis:45.83,11:Rayan Rodrigues:56.66,12:Mateo Brown:43.98,13:Kai Park:35.82,14:Elena Sousa:43.15,15:Aicha Muller:55.41,16:Gabriel Rodrigues:57.08,17:Oceane Robert:38.04,18:Yasmine Boudjema:35.62,19:Baptiste Sanchez:32.68,20:Fode Park:48.89,21:Kai Rodrigues:34.70,22:Felix Yamamoto:34.50,23:Oceane Almeida:49.19,24:Aki Vo:57.50,25:Zane Abebe:34.75,26:Mehdi Gomez:34.50,27:Elena Zhang:43.45,28:Kenza Wang:54.71,29:Zane Fernandez:55.73,30:Alessio Schulz:40.79,31:Nala Garnier:34.26,32:Corey Nguyen:56.48,33:Jackson Popov:36.90,34:Simon Ahmed:38.40
1962,Nantes,Rennes,05/11/2026,0615,0918,1:Bjorn Esposito:19.04,2:Kenza Garnier:16.20,3:Adrien Garnier:21.15,4:Hana Silva:14.13,5:Nicolas Gomes:20.00,6:Jian Michel:19.75,7:Yara Clark:20.52,8:Jules Garcia:17.99,9:Pierre Moussa:13.64,10:Jian Ramirez:20.52,11:Silas Tran:20.59,12:Dmitri Klein:19.21,13:Dmitri Hussein:13.63,14:Ryo Perez:18.49,15:David Bruno:14.03,16:Mehdi Gomez:20.93,17:Zoe Huang:21.11,18:Romain Michel:15.99,19:Alice Zhang:17.67,20:Daiki Dupont:14.27,21:Zane Bernard:21.21,22:Chau Diop:13.79,23:Clement Cherif:12.78,24:Jules Torres:14.05,25:Valentine Singh:17.31,26:Mehdi Conti:17.48,27:Mei Dubois:15.37
3764,Angers,La Rochelle,07/02/2026,1330,1537,1:Jules Mohamed:15.55,2:Isabella Le:20.43,3:Omar Doan:18.70,4:Jeanne Wang:15.69,5:Chau Lee:19.79,6:Madison Tanaka:18.63,7:Lea Sokolov:15.80,8:Nour Smith:18.56,9:Elena Conti:12.84,10:Chloe Wong:14.84,11:Fode Boudjema:18.02,12:Jackson Sanchez:14.40,13:Katya Khelifi:19.96,14:Lucas Almeida:17.12,15:Baptiste Thomas:13.87,16:Aki Torres:16.34,17:Eloise Popov:22.07,18:Jeanne Kuznetsov:15.57,19:Valentine Huang:17.00,20:Lea Leroy:22.28,21:Lian Diallo:12.54,22:Simon Yamamoto:21.03,23:Fode Dubois:22.22,24:Samira Russo:20.02,25:Lucas Diop:13.66,26:Chau Wang:17.78,27:Samira Huang:20.75
5606,Limoges,Caen,08/11/2026,2200,0409,1:Igor Muller:38.19,2:Louis Park:47.37,3:Nicolas Ferrari:52.58,4:Li Schmidt:47.76,5:Aicha Ndiaye:29.95,6:Daiki Singh:50.35,7:Valentine Oliveira:49.49,8:Juan Miller:36.42,9:Jules Fernandez:37.70,10:Alessio Haddad:38.37,11:Romain Lopez:45.28,12:Elsa Kuznetsov:46.59,13:Chau Wang:33.48,14:Ryo Rizzo:35.88,15:Fiona Petit:48.64,16:Alice Doan:38.48,17:Rose Yamamoto:49.24,18:Adrien Garnier:51.64,19:Pierre Diallo:38.96,20:Alessio Oliveira:49.90,21:Theo Kim:33.20,22:Nour Russo:42.74,23:Ryo Hussein:44.61,24:Jian Ali:32.49,25:Ines Sokolov:35.42,26:Kofi Dubois:41.19
2939,Nantes,Paris,19/06/2026,0715,1331,1:Emma Petrov:36.02,2:Jules Bernard:36.05,3:Bjorn Gallo:40.18,4:Jian Lopez:28.83,5:Sonia Michel:47.45,6:Fode Yamamoto:33.16,7:Bilal Gallo:34.96,8:Lucia Hussein:30.53,9:Felix Klein:38.15,10:Corey Weber:36.17,11:Sana Novak:26.99,12:Isabella Popov:,13:Katya Tran:37.07,14:Juan Sokolov:43.80,15:Jules Mohamed:34.97,16:Ulysse Park:40.21,17:Hazel Traore:33.56,18:Fode Wang:39.38,19:Driss Conti:34.14,20:Emma Dupont:40.00,21:Bjorn Richard:31.84,22:Camille Fahmi:39.32,23:Amine Torres:45.08,24:Jeanne Wagner:45.07,25:Kenza Williams:,26:Kwame Khelifi:32.83,27:Nour Sousa:35.67,28:Sana Liu:29.30,29:Erica Morozov:39.21,30:Taylor Fournier:34.44,31:Isabella Fahmi:27.75,32:Paul Kowalski:41.02,33:Lucas Almeida:28.63,34:Sofia Thomas:39.36,35:Chau Le:29.47,36:Nala Simon:,37:Baptiste Alves:39.78,38:Ryo Bruno:39.08
1687,Bordeaux,Perpignan,14/12/2026,1900,0318,1:Sergei Gallo:57.71,2:Pierre Garnier:39.56,3:Jian Ali:35.36,4:Harper Moreau:58.26,5:Lucas Greco:43.49,6:Sana Liu:53.15,7:Emi Schulz:57.49,8:Fiona Miller:42.81,9:Silas Klein:45.17,10:Ryo Perez:46.01,11:Samira Russo:54.79,12:Lea Suzuki:48.39,13:Daiki Kim:55.36,14:Celeste Fournier:43.43,15:Tristan Santos:45.07,16:Kenza Schulz:48.50,17:Elena Zhang:41.80,18:Orion Bernard:51.49,19:Lea Brown:37.95,20:Hana Ali:53.56,21:Kenza Garnier:54.82,22:Chloe Singh:38.71,23:Thao Singh:48.69,24:Rayan Perez:48.81,25:Sophie Cruz:40.94,26:Orion Pereira:36.08,27:Noah Ramirez:47.94,28:Minh Le:43.57,29:Nicolas Yamamoto:55.52,30:Wei Chung:51.17,31:Driss Perez:55.03,32:Nicolas Clark:54.04,33:Yasmine Kuznetsov:34.35,34:Jackson Martinez:50.98
2737,Montpellier,La Rochelle,11/05/2026,1115,1717,1:Lucia Esposito:47.90,2:Taylor Conti:45.68,3:Imani Schmidt:35.08,4:Olivia Weber:44.73,5:Taro Doan:31.65,6:Yara Clark:34.11,7:Nala Fournier:39.19,8:Imani Ahmed:43.63,9::,10:Driss Almeida:35.03
1775,Reims,Angers,13/03/2026,1130,2020,1:Jeanne Russo:38.25,2:Bjorn Gallo:52.43,3:Tristan Chung:39.99,4:Camille Rizzo:33.58,5:Zane Suzuki:49.82,6:Alessio Silva:49.18,7:Lucia Kuznetsov:42.21,8:Youssef Simon:49.34,9:Sophie Vidal:47.06,10:Skylar Popov:48.54,11:Aicha Wong:38.59,12:Manon Perez:43.13,13:Orion Laurent:47.63,14:Ethan Liu:41.05,15:Louis Singh:46.80,16:Rayan Greco:46.72,17:Simon Nkosi:47.20,18:Rose Nkosi:50.71,19:Samira Morozov:37.15,20:Nala Simon:52.13,21:Willow Simon:52.52,22:Wei Schmidt:33.70,23:Hassan Brown:58.40,24:Ryan Ziane:53.44,25:Zola Clark:44.44,26:Camille Alves:49.14,27:Igor Muller:46.81,28:Emi Schulz:42.35
9583,Grenoble,Clermont-Ferrand,18/11/2026,1845,2121,1:Chloe Lefevre:15.06,2:Daiki Kim:20.86,3:Gabriel Cherif:19.34,4:Ryan Morozov:20.28,5:Isabella Sanchez:18.49,6:Gabriel Lee:21.40,7:Nour Tran:17.16,8:Zane Abebe:14.32,9:Zachary Moussa:12.66,10:Quentin Petrov:16.37,11:Amandine Robert:12.90,12:Theo Le:14.97,13:Maria Smith:17.18,14:Lucas Greco:16.08,15:Youssef Bianchi:20.13,16:Louis Singh:14.03,17:Willow Ali:14.21,18:Valentine Davis:21.36,19:Harper Miller:21.08,20:Chen Diallo:20.17,21:Carmen Cisse:21.20,22:Margaux Vasiliev:17.25,23:Theo Santos:17.41,24:David Gomez:20.25,25:Leila Johnson:19.14,26:Skylar Ribeiro:16.83,27:Mehdi Bernard:17.29,28:Ulysse Johnson:17.91,29:Driss Thomas:16.69,30:Oceane Singh:13.61,31:Silas Klein:22.02,32:Ethan Weber:21.70,33:Alice Huang:16.48,34:Juan Rizzo:16.96,35:Ethan Ouattara:19.42,36:Jian Robert:18.64,37:Baptiste Kuznetsov:16.34,38:Javier Sato:17.21,39:Gabriel Cisse:21.42,40:Mei Ziane:22.18,41:Amine Torres:14.17,42:Jeanne Doan:17.60,43:Jules Kim:16.08,44:Liam Fernandez:20.99,45:Quentin Ali:16.92,46:Manon Gomes:12.64,47:Hugo Fahmi:17.03,48:Driss Almeida:14.56,49:Nala Sanchez:13.99
6630,Paris,Rouen,04/06/2026,1300,1520,1:Sofia Zhang:19.08,2::,3:Margaux Garnier:16.04,4:Rayan Greco:19.88,5:Corey Michel:14.92,6:Manon Novak:16.38,7:Willow Cisse:16.50,8:Zane Johnson:18.37,9:Li Dubois:14.22,10:Igor Park:20.75,11:Chloe Kim:21.08,12:Silas Tran:19.08,13:David Clark:21.73,14:Alice Zhang:21.36,15:Victor Nkosi:17.43,16:Harper Boudjema:16.90
7848,Metz,Bordeaux,12/05/2026,1815,0601,1:Igor Moussa:44.58,2:Hazel Hussein:38.78,3:Rayan Moreau:44.53,4:Mateo Wang:46.61,5:Sofia Leroy:37.26,6:Kenza Taylor:32.98,7:Imani Perez:48.52,8::,9:Karim Liu:56.23,10:Zane Davis:,11:Jackson Muller:35.19,12:Maria Petrov:55.08,13:Taylor Moreau:53.77,14:Elena Richard:39.98,15:Fiona Petit:37.16,16:Nicolas Ahmed:36.54,17:Valentine Bianchi:54.94,18:Liam Ribeiro:37.61,19:Carmen Perez:50.17,20:Willow Vo:58.21,21:Louis Singh:41.85,22:Alessio Schmidt:,23:Rayan Perez:44.06,24:Valentine Rodrigues:48.33,25:Katya Schulz:41.35,26:Farah Wilson:54.33
9834,Lille,Lyon,30/03/2026,0730,1406,1:Manon Bianchi:34.05,2:Ryan Sokolov:50.49,3:Pablo Wang:43.08,4:Alice Garnier:30.72,5:Emi Schulz:53.89,6:Chau Weber:41.44,7:Jules Mohamed:46.36,8:Paul Davis:43.27,9:Lucas Fernandez:50.92,10:Emma Ziane:34.32,11:Emma Cherif:32.50,12:Jeanne Smith:41.13,13:Olivia Kuznetsov:50.20,14:Madison Tran:40.94,15:Thao Michel:45.44,16:Lea Wilson:36.73,17:Leila Ndiaye:48.06,18:Felix Ferrari:41.73,19:Amine Lefevre:53.66,20:Hana Silva:42.20,21:Rayan Singh:34.64,22:Wei Schmidt:33.77,23:Corey Laurent:42.79,24:Tristan Wang:52.08,25:Elena Sousa:35.78,26:Baptiste Alves:38.08,27:Zane Durand:39.49,28:Theo Schmidt:43.73,29:Kenza Davis:52.96,30:Nicolas Ouattara:47.06,31:Gabriel Lee:43.17,32:Miguel Alves:48.84,33:Manon Dubois:38.72,34:Samira Sokolov:34.27,35:Igor Popov:41.86,36:Driss Oliveira:36.45,37:Elsa Kim:33.11,38:Hana Wagner:53.61,39:Zoe Perez:46.99
4329,Saint-Etienne,La Rochelle,26/02/2026,2045,,1:Louis Sanchez:54.53,2:Clement Zimmermann:49.44,3:Elsa Martin:40.43,4:Lucia Vo:49.20,5:Aisha Martinez:55.26,6:Malika Suzuki:50.34,7:Alice Huang:40.09,8:Chloe Weber:46.58,9:Aicha Muller:52.08,10:Mei Vidal:43.71,11:Wei Ribeiro:38.39,12:Austin Greco:51.29,13:Akira Martin:32.37,14:Clement Wilson:45.42,15:Hazel Tran:49.94,16:Jackson Silva:48.96,17:Miguel Yamamoto:49.68,18:Paul Chen:38.72,19:Olivia Kuznetsov:44.87,20:Theo Le:33.74,21:Ulysse Dupont:57.70,22:Kai Roux:39.24,23:Celeste Bianchi:56.11,24:Aki Faure:38.58,25:Emi Cisse:37.66,26:Isabella Fahmi:54.15,27:Lea Tran:50.61,28:Ricardo Liu:57.45,29:Sora Esposito:48.12,30:Miguel Boudjema:52.08,31:Youssef Abebe:56.59,32:Sophie Vo:33.64,33:Elsa Singh:49.90,34:Amine Lefevre:36.26,35:Chloe Smith:57.32,36:Sara Rodrigues:44.13,37:Rayan Pham:47.26,38:Pierre Moussa:35.92,39:Daiki Sousa:34.08,40:Louis Kim:54.25
3193,Limoges,Grenoble,06/08/2026,1530,2008,1:Jian Pham:29.31,2:Jeanne Fahmi:22.51,3:Nala Simon:32.72,4:Kenji Boudjema:28.88,5:Theo Silva:25.68,6:Brenda Kovacs:23.11,7:Nala Le:36.57,8:Margaux Dupont:36.37,9:Sophie Gomez:36.86,10:Santiago Abebe:34.67,11:Dmitri Ferrari:34.90,12:Arthur Gomes:29.61,13:Alessio Moreau:29.70,14:Erica Tanaka:23.09,15:Hugo Miller:31.81,16:Chloe Lefevre:37.95,17:Hana Martinez:24.58,18:Rayan Perez:30.69,19:Rose Mohamed:25.96,20:Zane Zhang:32.99,21:Ricardo Nkosi:33.68,22:Samira Bruno:25.96,23:Zoe Kowalski:28.39,24:Chloe Novak:29.99,25:Elena Conti:25.80,26:Hassan Rodriguez:38.34,27:Ryan Rodriguez:25.60,28:Amine Leroy:35.70,29:Finn Davis:36.07,30:Emma Taylor:32.82,31:Juan Miller:31.38,32:Yasmine Esposito:31.39,33:Yasmine Nguyen:24.62,34:Liam Rossi:23.32,35:Awa Suzuki:39.03,36:Harper Ramirez:29.28,37:Hana Pereira:24.48,38:Youssef Simon:22.38,39:Manon Bianchi:30.10,40:Daiki Sousa:23.33,41:Pablo Petrov:33.65,42:Manon Kim:32.56,43:Kai Rossi:25.46,44:Farah Nkosi:34.49,45:Erica Yamamoto:24.22,46:Ryan Klein:23.72,47:Louis Sanchez:32.32,48:Sekou Moreau:32.80
6641,Grenoble,Le Mans,06/08/2026,0630,1256,1:Chloe Singh:47.57,2:Rayan Pham:41.55,3:Brenda Ouattara:37.16,4:Adrien Garnier:35.48,5:Jason Khelifi:42.66,6:Farah Le:45.15,7:Santiago Huang:37.06,8:Theo Le:49.47,9:Gabriel Rodrigues:35.24,10:Sofia Gomez:49.77,11:Chloe Wong:50.14,12:Kenza Fahmi:46.30,13:Fiona Doan:29.63,14:Orion Tran:51.45,15:Driss Chung:52.57,16:Austin Santos:39.94,17:Madison Tran:30.18,18:Finn Wilson:37.79,19:Hassan Martin:37.09,20:Daiki Dupont:32.67,21:Quentin Schulz:51.89,22:Silas Davis:34.55,23:Emma Pham:46.75,24:Pablo Mohamed:32.61,25:Alessio Almeida:34.27,26:Olivia Tanaka:47.24,27:Driss Perez:30.04,28:Rayan Conti:49.96,29:Javier Kovacs:40.46,30:Carmen Perez:46.90,31:Kenza Schulz:40.13,32:Juan Ziane:41.85,33:Rayan Garcia:30.68,34:Santiago Miller:45.63,35:Oceane Gomez:49.12,36:Kimberly Huang:40.53,37:Jeanne Wagner:41.92,38:Louis Simon:42.07,39:Camille Santos:49.52,40:Paul Chen:35.82,41:Daiki Clark:45.61,42:Natalia Durand:29.50,43:Jian Torres:35.13,44:Yasmine Boudjema:40.17,45:Oceane Singh:41.76,46:Felix Esposito:35.59,47:Karim Sanchez:41.87,48:Silas Sokolov:49.59,49:Chloe Durand:47.43,50:Oceane Rodriguez:39.36,51:Sofia Silva:34.32,52:Mehdi Roux:46.55,53:Willow Taylor:44.01
2463,Limoges,Perpignan,26/05/2026,1400,2034,1:Zoe Oliveira:41.24,2:Omar Kovacs:43.84,3:Omar Cisse:48.53,4:Theo Santos:48.94,5:Pierre Lee:49.11,6:Youssef Simon:45.07,7:Juan Ziane:42.73,8:Driss Ziane:32.66,9:Aicha Wang:40.91,10:Madison Muller:37.59,11:Zoe Vidal:41.52,12:Lucia Esposito:43.66,13:Manon Dubois:34.68,14:Imani Chung:41.33,15:Ryo Bruno:46.46,16:Ulysse Kovacs:44.30,17:Kenji Clark:32.14,18:Oceane Wang:35.19,19:Dmitri Hussein:33.54,20:Sora Silva:51.08,21:Chloe Fernandez:34.02,22:Igor Ali:48.04,23:Willow Sokolov:44.46,24:Daiki Martinez:29.58,25:Bilal Mohamed:29.42,26:Javier Dupont:41.70,27:Ulysse Clark:37.64,28:Adrien Laurent:28.76,29:Mehdi Schmidt:40.22,30:Kai Michel:40.66,31:Chen Ziane:46.83,32:Quentin Greco:39.83,33:Amandine Le:32.71,34:Emma Brown:42.67
1328,Rouen,Bordeaux,16/10/2026,2115,0414,1:Isabella Ivanov:31.64,2:Yara Moore:49.10,3:Dylan Moreau:34.65,4:Harper Sato:42.35,5:Camille Morozov:45.81,6:Amine Leroy:51.85,7:Farah Wilson:30.83,8:Miguel Diop:33.08,9:Minh Gomes:48.28,10:Sophie Clark:43.65,11:Lea Brown:40.51,12:Imani Chung:29.50,13:Kwame Perez:50.66,14:Igor Doan:33.29,15:Corey Weber:40.11,16:Manon Wagner:45.30,17:Katya Rodrigues:42.60,18:Pierre Gallo:51.57,19:Ulysse Johnson:46.69,20:Sophie Sousa:51.17,21:Ryan Sato:48.08,22:Alessio Alves:38.45,23:Arthur Wong:39.63,24:Minh Benali:32.19,25:Mehdi Ali:36.71,26:Isabella Clark:46.99,27:Nicolas Zimmermann:49.55,28:Karim Nguyen:50.32,29:Jackson Ferrari:38.19,30:Natalia Durand:35.23,31:Awa Suzuki:52.25,32:Chloe Traore:37.02,33:Simon Brown:42.71,34:Nicolas Kowalski:45.78,35:Oceane Kuznetsov:33.54,36:Sonia Greco:37.87,37:Nala Dupont:37.12,38:Natalia Martinez:32.53,39:Sonia Dupont:35.08,40:Dmitri Silva:31.84,41:Silas Clark:36.38,42:Leila Dupont:39.36,43:Felix Wagner:43.31,44:Farah Thomas:44.67,45:Daiki Martinez:32.47,46:Margaux Ribeiro:50.77,47:Skylar Chung:32.35,48:Erica Lopez:32.00,49:Skylar Bruno:49.43,50:Ricardo Cruz:42.32,51:Leila Zhang:45.66,52:Maria Roux:52.11,53:Kenza Perez:31.09,54:Youssef Ziane:45.57
7979,Bordeaux,Grenoble,12/11/2026,2200,0601,1:Jian Zimmermann:54.41,2:Louis Fernandez:45.29,3:Kenza Wang:32.76,4:Jules Oliveira:42.97,5:Amandine Perez:49.11,6:Mehdi Bernard:35.61,7:Oceane Bruno:57.70,8:Samira Russo:35.57,9:Louis Moussa:49.64,10:Quentin Roux:40.77,11:Li Faure:43.10,12:Mateo Laurent:57.17,13:Kenza Pereira:41.58,14:Maria Sylla:48.57,15:Bjorn Richard:42.94,16:Zola Chung:34.68,17:Aisha Haddad:49.05,18:Zane Wilson:50.93,19:Corey Laurent:41.01,20:Manon Dupont:33.27,21:Kenza Martinez:51.81,22:Liam Pham:46.32,23:Madison Kowalski:44.32,24:Taylor Conti:55.43,25:Kenza Schulz:52.22,26:Paul Chen:47.34,27:Minh Chen:53.34,28:Akira Novak:42.28,29:Celeste Benali:58.02,30:Ulysse Morozov:46.28,31:Elsa Suzuki:38.97,32:Rose Mohamed:51.82,33:Ethan Zhang:56.18,34:Fode Wang:35.22,35:Santiago Abebe:42.83,36:Kwame Brown:39.88,37:Tristan Wang:51.92,38:Driss Laurent:43.22,39:Farah Thomas:41.90,40:Javier Kovacs:45.35,41:Carmen Perez:39.55,42:Kai Doan:32.58,43:Nour Smith:40.46,44:Akira Park:46.04,45:Arthur Khan:34.56,46:Minh Ivanov:55.93,47:Malika Brown:58.23,48:Baptiste Santos:35.94,49:Alice Hussein:55.34
4958,Clermont-Ferrand,Paris,29/10/2026,0600,1259,1:Javier Leroy:57.84,2:Paul Pham:44.60,3:Willow Vo:41.34,4:Clement Moussa:43.69,5:Paul Moreau:40.65,6:Manon Taylor:42.78,7:Pierre Rodriguez:41.25,8:Omar Doan:37.76,9:Mei Wagner:50.42,10:Jian Ramirez:57.52,11:Sora Esposito:47.74,12:Hazel Fournier:49.70,13:Fode Doan:43.68,14:Theo Santos:34.35,15:Mehdi Schmidt:40.14,16:Omar Esposito:38.53,17:Noah Conti:55.07,18:Yasmine Alves:52.65,19:Chloe Kuznetsov:37.86,20:Chen Diallo:57.20,21:Brenda Simon:40.71,22:Ryan Vidal:40.23,23:Imani Perez:45.39,24:Ryo Doan:34.78,25:Li Gomes:37.55,26:Kenji Cherif:56.79,27:Brenda Ouattara:51.08
2808,Montpellier,Rouen,09/10/2026,1215,2059,1:Awa Klein:54.34,2:Simon Vidal:37.47,3:Sekou Moreau:43.20,4:Lucia Diop:54.83,5:Nala Miller:56.16,6:Jules Martin:32.76,7:Lucia Ramirez:34.77,8:Austin Cisse:54.97,9:Emi Conti:46.39,10:Youssef Chung:41.93,11:Farah Nkosi:43.03,12:Sonia Huang:33.87,13:Sara Ferrari:41.57,14::,15:Oceane Wang:42.54,16:Ricardo Rodriguez:41.06,17:Fode Ferrari:52.90,18:Lea Michel:47.78
5067,Angers,Nantes,26/05/2026,1145,1315,1:Austin Gomes:13.07,2:Hassan Klein:16.75,3:Zane Klein:20.15,4:Bjorn Greco:13.02,5:Corey Ramirez:18.89,6:Kenji Boudjema:12.60,7:Hassan Pereira:20.89,8:Willow Ali:18.52,9:Camille Morozov:17.90,10:Hana Martinez:14.24,11:Sergei Boudjema:13.29,12:Noah Conti:14.94,13:Jules Cherif:20.07,14:Harper Vasiliev:15.94,15:Olivia Weber:17.82,16:Kenza Weber:16.67,17:Manon Rizzo:19.37,18:Sana Lee:21.63,19:Lucas Klein:20.99,20:Ryan Rodriguez:19.75,21:Natalia Weber:17.40,22:Hugo Greco:18.21,23:Santiago Abebe:22.05,24:Sekou Santos:17.82,25:Pierre Almeida:15.71,26:Silas Martin:16.09,27:Corey Moreau:22.34,28:Bilal Ali:16.75,29:Margaux Durand:13.94,30:Igor Popov:13.32,31:Bjorn Pereira:21.10,32:Quentin Greco:16.46,33:Elsa Conti:17.39
5365,Grenoble,Reims,22/11/2026,2245,0231,1:Mei Garnier:29.64,2:Emi Nkosi:31.69,3:Oceane Greco:28.09,4:Sophie Ouattara:31.83,5:Elena Zhang:20.56,6::,7:Gabriel Cisse:31.76,8:Youssef Schmidt:,9::,10:Kai Cisse:29.10,11:Zane Abebe:20.97,12:Samira Morozov:29.95,13:Aicha Ziane:26.51,14:Kai Park:,15:Chloe Fernandez:33.17,16:Bjorn Greco:19.03,17:Driss Suzuki:22.17,18:Finn Kowalski:28.44,19:Olivia Sousa:31.46,20:Corey Michel:33.52
7312,Lille,Caen,04/10/2026,1345,1656,1:Akira Novak:23.02,2:Ryan Sato:19.94,3:Wei Rizzo:25.62,4:Dmitri Hussein:18.44,5:Dmitri Lee:18.15,6:Alice Dupont:25.21,7:Quentin Chen:15.81,8:Felix Klein:20.11,9:Zola Schmidt:22.34,10:Valentine Ferrari:15.82,11:Kai Doan:28.20,12:Imani Chen:21.51,13:Taylor Cruz:17.86,14:Jules Oliveira:23.69,15:Orion Simon:25.57,16:Pierre Morozov:21.56,17:Zoe Huang:27.30,18:Driss Thomas:17.30,19:Leila Roux:24.45,20:Quentin Chung:18.65,21:Bilal Ali:18.45,22:Natalia Perez:26.79,23:Javier Davis:25.41,24:Aisha Moussa:23.17,25:Theo Silva:22.32,26:Ryo Sanchez:23.91,27:Sophie Alves:23.54,28:Austin Nkosi:26.92,29:Emma Taylor:21.16
3674,Rennes,La Rochelle,14/10/2026,0700,1105,1:Aisha Sanchez:22.15,2:Carmen Bruno:24.02,3:Zoe Dubois:,4:Kenji Leroy:24.55,5:Amandine Ziane:,6:Skylar Rossi:21.63,7:Ryan Sato:22.30,8:Chen Ziane:29.91,9:Elsa Park:25.22
6278,Lille,Nice,25/06/2026,1400,0313,1:Sergei Perez:58.12,2:Zachary Vo:33.51,3:Alessio Ali:46.14,4:Imani Laurent:51.14,5:Mei Nguyen:38.18,6:Jeanne Wang:48.05,7:Ryan Fournier:56.44,8:Alice Martin:42.75,9:Akira Wang:42.77
2610,Tours,Toulouse,08/10/2026,1400,2204,1:Aicha Ndiaye:46.07,2:Aicha Rizzo:44.26,3:Felix Huang:57.48,4:Amandine Perez:41.51,5:Zola Martin:44.49,6:Erica Cruz:47.46,7:Imani Rodriguez:51.80,8:Farah Thomas:39.36,9:Santiago Robert:36.16,10:Simon Ahmed:40.20,11:Jackson Silva:53.30,12:Rose Moussa:34.36,13:Brenda Le:42.53,14:Kwame Brown:32.89,15:Tristan Chung:34.92,16:Manon Rizzo:54.46,17:Hugo Nkosi:52.61,18:Zane Fernandez:55.57,19:Chau Torres:48.61,20:Harper Moreau:55.11,21:Ulysse Park:45.24,22:Awa Suzuki:46.94,23:Simon Wilson:55.13,24:Lea Brown:32.57,25:Theo Tanaka:43.62,26:Sora Klein:38.71,27:Nala Dupont:56.66,28:Nicolas Ahmed:58.47,29:Taylor Moore:45.97,30:Malika Nguyen:57.82,31:Karim Sanchez:41.88,32:Sana Novak:43.60,33:Finn Johnson:47.13,34:Omar Lopez:45.18
8554,Paris,Perpignan,17/12/2026,1700,0513,1:Aisha Sanchez:39.04,2:Baptiste Roux:50.97,3:Felix Muller:55.34,4:Jian Diop:56.65,5:Fiona Suzuki:34.74,6:Camille Tran:33.02,7:Katya Singh:34.93
9764,Bordeaux,Nantes,16/06/2026,1030,1255,1:Romain Haddad:14.09,2:Li Gomes:17.67,3:Aki Cisse:12.81,4:Willow Khelifi:20.49,5:Bjorn Lefevre:15.05,6:Zola Le:16.23,7:Ryo Rizzo:14.13,8:Wei Ferrari:22.13,9:Hugo Tran:19.98,10:Pablo Robert:15.54,11:Isabella Clark:16.64,12:Finn Fernandez:17.29,13:Dmitri Bruno:20.21,14:Sergei Dubois:22.04,15:Emi Pham:13.42,16:Pierre Diop:13.61,17:Clement Ivanov:18.93,18:Gabriel Ouattara:14.78,19:Erica Sato:21.18,20:Louis Haddad:13.45,21:Kenji Mohamed:15.51,22:Ricardo Dubois:21.99,23:Imani Bernard:21.90,24:Corey Faure:16.15,25:Chau Almeida:21.43,26:Elena Richard:18.46,27:Alessio Ziane:20.40,28:Nour Sousa:22.11,29:Leila Leroy:14.41,30:Ines Hussein:16.94,31:Fode Yamamoto:21.64,32:Silas Brown:22.13,33:Minh Novak:14.31,34:Driss Thomas:13.67,35:Omar Doan:22.20,36:Zachary Moussa:16.44,37:Manon Ouattara:15.06,38:Romain Diallo:12.99,39:Alice Johnson:17.99,40:Amandine Ribeiro:15.75,41:Eloise Wilson:21.93,42:Ethan Liu:14.74,43:Mateo Wang:16.41,44:Alessio Moreau:22.22,45:Silas Clark:18.05,46:Farah Le:12.56,47:Alice Huang:18.20
4071,Nice,Rouen,28/12/2026,1400,0231,1:Mei Nguyen:48.15,2:Jason Klein:58.09,3:Ulysse Nguyen:42.84,4:David Bruno:,5:Wei Chung:54.13,6:Katya Santos:46.68,7:Finn Johnson:41.82,8:Madison Thomas:50.83,9:Alice Johnson:,10:Manon Kim:37.45,11:Silas Almeida:,12:Madison Sylla:51.61,13:Bilal Le:34.17,14:Tristan Ivanov:34.76,15:Rose Perez:52.54,16:Austin Haddad:37.07,17:Skylar Chung:,18:Camille Wang:58.30,19:Ethan Klein:35.26,20:Jeanne Taylor:42.97,21:Elena Diallo:41.65
4241,Bordeaux,Grenoble,19/02/2026,1645,0059,1:Zoe Fahmi:45.93,2:Kofi Novak:54.27,3:Alice Dupont:53.63,4:Harper Fahmi:52.00,5:Miguel Boudjema:40.45,6:Corey Lefevre:53.23,7:Malika Le:54.03,8:Victor Singh:43.42,9:Sara Rodrigues:46.19,10:Taro Wilson:43.03,11:Romain Michel:39.86,12:Chau Ivanov:46.37,13:Sofia Leroy:49.61,14:Emi Schulz:49.74,15:Nicolas Vidal:46.36,16:Baptiste Pham:33.03,17:Zane Durand:48.16,18:Silas Dubois:32.62,19:Fode Tran:57.37,20:Katya Santos:58.10,21:Maria Tran:37.95,22:Hazel Fournier:41.47,23:Li Martinez:52.91,24:Lian Le:58.23,25:Zachary Thomas:37.91,26:Natalia Klein:35.81,27:Felix Ali:56.69,28:Sofia Davis:35.93,29:Omar Lopez:33.54,30:Liam Bernard:52.97,31:Isabella Le:35.36
3309,Brest,Perpignan,17/12/2026,0815,2012,1:Kwame Smith:36.64,2:Valentine Oliveira:38.39,3:Javier Novak:49.92,4:Samira Bianchi:44.23,5:Ryo Sanchez:58.19,6:Juan Lopez:38.87,7:David Robert:53.97,8:Awa Suzuki:35.11,9:Jason Wang:38.64,10:Harper Cisse:37.78,11:Paul Pham:41.26,12:Brenda Bianchi:53.67,13:Lea Tran:49.00,14:Arthur Robert:47.54,15:Elsa Kuznetsov:38.74,16:Zane Abebe:38.29,17:Natalia Perez:35.43,18:Awa Doan:34.19,19:Amandine Robert:54.69,20:Quentin Roux:37.63,21:Yasmine Nguyen:44.85,22:Isabella Fahmi:39.45,23:Hassan Russo:37.79,24:Minh Benali:53.55,25:Yumi Nkosi:36.33
9199,Limoges,Caen,29/05/2026,2215,0336,1:Bjorn Pereira:37.33,2:Isabella Ziane:33.48,3:Wei Lefevre:32.91,4:Romain Wong:29.01,5:Quentin Leroy:34.19,6:Javier Petrov:39.54,7:Nicolas Zimmermann:26.02,8:Fiona Garnier:39.33,9:Fiona Suzuki:26.26,10:Elsa Rodriguez:31.86,11:Ethan Liu:38.40,12:Camille Tran:39.08,13:Miguel Yamamoto:25.54,14:Chloe Brown:36.67,15:Corey Ivanov:32.70,16:Sana Novak:29.23,17:Sekou Bernard:26.83,18:Mei Ferrari:25.63,19:Adrien Santos:37.63,20:Madison Santos:28.89,21:Zane Johnson:24.76,22:Driss Cruz:38.14,23:Ines Haddad:36.53,24:Paul Cruz:33.68,25:Tristan Diop:37.95,26:Victor Mohamed:36.90,27:Ryo Klein:40.87,28:Erica Cruz:40.99,29:Nala Mohamed:35.05,30:Chloe Laurent:26.13,31:Madison Torres:36.57,32:Paul Sanchez:27.30,33:Austin Gomes:38.12,34:Amine Weber:41.26,35:Kenza Perez:35.87,36:Olivia Morozov:26.57,37:Sergei Dubois:31.25
3092,Montpellier,Bordeaux,17/07/2026,1200,2005,1:Chau Kovacs:34.84,2:Willow Michel:56.16,3:Erica Vo:43.97,4:Leila Kuznetsov:34.12,5:Tristan Sousa:34.45,6:Silas Le:34.97,7:Sekou Cherif:43.09,8:Chen Cherif:58.32,9:Sergei Ramirez:34.16,10:Minh Schulz:58.22,11:Manon Nkosi:58.15,12:David Clark:48.86,13:Elsa Garnier:54.94,14:Chau Weber:42.89,15:Amandine Moore:39.19,16:Chloe Ferrari:41.57,17:Emma Petrov:43.57,18:Karim Haddad:52.46,19:Sara Greco:54.90,20:Sana Sousa:35.08,21:Lucia Kuznetsov:39.34,22:Hana Bianchi:33.04,23:Emma Moussa:32.53,24:Sonia Boudjema:43.37,25:Amandine Conti:40.45,26:Miguel Pereira:52.37,27:Theo Sousa:44.48
9894,Lyon,Tours,27/05/2026,1945,0050,1:Juan Tran:27.43,2:Ricardo Liu:42.50,3:Isabella Novak:33.44,4:Driss Dupont:29.29,5:Elsa Martin:35.02,6:Clement Lee:24.41,7:Ethan Liu:27.96,8:Yasmine Alves:36.51,9:Orion Pereira:30.81,10:Ethan Durand:33.62
2876,Angers,Perpignan,14/02/2026,0715,1459,1:Daiki Singh:39.07,2::,3:Maria Tran:34.12,4:Victor Diop:48.61,5:Valentine Chung:42.88,6:Lea Michel:46.86,7:Omar Moreau:55.94,8:Zachary Moussa:52.79,9:Lea Sokolov:34.78,10:Ricardo Diop:45.46,11:Driss Oliveira:39.89,12::,13:Bilal Kovacs:,14:Zoe Huang:58.03,15:Zane Durand:40.65,16::,17:Oceane Rodriguez:35.01,18:Amine Durand:,19:Arthur Garnier:42.17,20:Fode Fournier:55.96,21:Amine Rizzo:57.37,22:Quentin Schulz:55.88,23:Simon Wilson:,24:Zola Schmidt:44.48,25:Juan Rizzo:57.56,26:Li Faure:53.81,27:Willow Smith:55.14,28:Rayan Davis:34.17,29:Rose Yamamoto:43.90,30:Orion Davis:43.68,31:Kai Nguyen:58.26,32:Jeanne Taylor:55.53,33:David Clark:34.89,34:Igor Almeida:48.73,35:Malika Moore:57.51,36:Oceane Robert:35.24,37:Sekou Ahmed:40.42,38:Eloise Fahmi:41.27,39:Rayan Dubois:57.44,40:Baptiste Rizzo:49.69,41:Hassan Liu:,42:Sofia Silva:37.70,43:Zoe Bruno:39.05,44:Amandine Moore:39.78,45:David Cherif:45.85,46:Paul Sanchez:45.00,47:Skylar Nguyen:34.72,48:Yara Wilson:43.70,49:Silas Ziane:58.19,50:Ethan Ferrari:53.86
4000,Rouen,Metz,22/11/2026,0845,1845,1:Youssef Sousa:50.13,2:Finn Davis:51.08,3:Jules Rizzo:58.38,4:Elena Liu:52.18,5:Pierre Bruno:46.48,6:Orion Tran:46.03,7:Lucas Doan:52.71,8:Ricardo Vidal:51.61,9:Camille Tran:52.87,10:Imani Nkosi:37.39,11:Theo Gomes:55.21,12:Fiona Doan:58.34,13:Igor Almeida:54.64,14:Sora Silva:56.51,15:Bjorn Sato:37.73,16:Taylor Wilson:41.07,17:Amandine Chung:51.19,18:Ricardo Diop:37.82,19:Sana Novak:51.83,20:Wei Haddad:43.09,21:Alice Vidal:51.15,22:Thao Moreau:42.11,23:Manon Popov:48.63,24:Aki Vo:51.33,25:Ines Haddad:41.77,26:Zachary Gomes:39.03,27:Alessio Haddad:36.13,28:Rose Martin:39.56,29:Rayan Perez:52.66,30:Finn Fernandez:32.85,31:Simon Fernandez:45.46
1579,Caen,Limoges,15/08/2026,1645,2126,1:Hassan Pham:29.91,2:Emma Cisse:20.84,3:Ethan Dupont:33.83,4:Taro Wilson:31.90,5:Aki Torres:31.61,6:Silas Sokolov:23.34,7:Nicolas Bernard:30.72,8:Elena Conti:27.16,9:Zane Durand:21.31,10:Celeste Taylor:33.86,11:Minh Benali:35.01,12:Amine Leroy:28.66,13:Santiago Sanchez:28.15,14:Jeanne Doan:24.40,15:Harper Kuznetsov:34.28,16:Taylor Gomes:23.41,17:Kenza Khelifi:30.19,18:Silas Torres:29.28,19:Malika Brown:30.49,20:Jeanne Petit:27.52,21:Jason Traore:33.43,22:Juan Petit:27.25,23:Omar Martinez:27.73,24:Chloe Brown:30.32,25:Valentine Singh:28.78,26:Madison Zhang:22.14,27:David Simon:26.82
7945,Grenoble,Tours,04/04/2026,1730,2252,1:Lea Leroy:25.21,2:Jeanne Doan:38.62,3:Carmen Wagner:26.49,4:Nour Singh:24.30,5:Bjorn Richard:26.79,6:Fiona Miller:26.75,7:Sora Davis:26.11,8:Oceane Wang:32.53,9:Yumi Wilson:38.71,10:Hassan Pham:31.21,11:Kai Michel:26.23,12:Leila Vo:23.39,13:Leila Doan:28.85,14:Margaux Vasiliev:23.17,15:Thao Moreau:32.23,16:Ryan Rossi:25.08,17:Tristan Haddad:39.00,18:Oceane Boudjema:34.80,19:Natalia Klein:25.73,20:Elena Boudjema:29.97,21:Erica Ribeiro:29.92,22:Simon Ndiaye:22.40,23:Kofi Williams:23.35,24:Taylor Conti:25.93,25:Silas Simon:33.76,26:Leila Ndiaye:31.81,27:Farah Wilson:22.87,28:Jackson Ferrari:38.70,29:Liam Khelifi:30.20,30:Rose Mohamed:24.69,31:Silas Ziane:27.25
7871,Montpellier,Saint-Etienne,07/08/2026,2045,0137,1:Yara Laurent:26.66,2:Yara Hussein:23.36,3:Alessio Wong:24.98,4:Zachary Laurent:26.69,5:Ines Dubois:23.94,6:Lucia Rodriguez:19.69,7:Zane Kowalski:27.72,8:Bilal Clark:20.14,9:Chen Roux:27.88,10:Louis Park:25.03,11:Corey Lefevre:23.90,12:Sofia Ribeiro:20.08,13:Chau Wang:28.06,14:Samira Tran:20.76,15:Rose Nkosi:26.85,16:Paul Kowalski:33.61,17:Kenji Zimmermann:33.45,18:Sekou Moreau:24.21,19:Noah Hussein:26.95,20:Paul Pham:29.41,21:Kimberly Mohamed:19.74,22:Lucia Vo:23.33,23:Zane Michel:27.72,24:Ulysse Park:30.96,25:Felix Garcia:28.07,26:Driss Nguyen:34.31,27:Olivia Lefevre:22.30
6247,Clermont-Ferrand,Le Mans,05/10/2026,0745,1137,1:Chau Le:26.26,2:Emma Moussa:31.53,3:Maria Roux:18.36,4:Theo Sousa:18.47,5:Kofi Martin:28.83,6:Willow Popov:26.71,7:Nala Miller:31.63,8:Ryan Sokolov:31.04,9:Valentine Singh:21.17,10:David Gomez:22.01,11:Amandine Cisse:22.08,12:Pablo Davis:31.48,13:Miguel Diop:26.77,14:Sora Garnier:23.81,15:Wei Ferrari:22.03,16:Zachary Wilson:29.23,17:Javier Haddad:22.78,18:Santiago Sousa:32.02,19:Gabriel Sanchez:20.95,20:Valentine Chung:20.78,21:Pablo Liu:27.39,22:Alessio Ouattara:30.53,23:Kofi Pereira:18.04,24:Lea Sato:20.53,25:Louis Sanchez:29.07,26:Emma Greco:28.77,27:Miguel Greco:22.14,28:Camille Popov:31.68,29:Erica Lopez:26.42,30:Santiago Abebe:23.57,31:Jeanne Haddad:22.59,32:Theo Schmidt:26.43,33:Skylar Ribeiro:23.44,34:Brenda Kovacs:19.97,35:Lea Tran:20.29,36:Jules Rizzo:28.53,37:Isabella Nkosi:23.50,38:Margaux Diallo:18.46,39:Kwame Brown:19.95
5475,Montpellier,Bordeaux,25/10/2026,0715,1543,1:Harper Ramirez:46.04,2:Ryo Doan:57.23,3:Amine Weber:57.05,4:Felix Perez:52.36,5:Hassan Singh:32.52,6:Hana Klein:56.12,7:Lian Cherif:49.19,8:Zane Johnson:46.89,9:Mateo Wang:49.08,10:Austin Pereira:56.19,11:Bilal Le:41.68,12:Natalia Muller:52.83,13:Hazel Traore:54.08,14:Minh Sato:54.41,15:Yara Miller:34.93,16:Akira Petit:36.27,17:Daiki Martinez:47.15,18:Javier Wilson:50.40,19:Minh Chen:51.14,20:Kimberly Schmidt:49.56,21:Jeanne Haddad:45.22,22:Hugo Greco:39.26,23:Javier Schmidt:34.85,24:Youssef Doan:51.37,25:Alessio Boudjema:52.36,26:Li Zhang:58.49
5287,Lyon,Angers,07/11/2026,2100,0431,1:Lucas Novak:38.19,2:Kenza Williams:37.80,3:Kenza Pereira:32.95,4:Kenza Khelifi:47.46,5:Willow Ramirez:56.24,6:Aicha Muller:50.58,7:Baptiste Bianchi:53.48,8:Hazel Laurent:33.56,9:Javier Novak:42.62,10:Ryan Sokolov:36.21,11:Katya Ahmed:40.00,12:Hana Wagner:50.30,13:Alessio Lopez:50.47,14:Fode Tran:41.15,15:Bjorn Moreau:52.30,16:Elena Lopez:57.97,17:Aisha Ali:37.72,18:Lian Kim:41.18,19:Nicolas Khelifi:50.96,20:Aki Kovacs:46.46,21:Wei Ferrari:58.14,22:Fiona Miller:56.20,23:Amandine Le:39.87,24:Silas Simon:38.48,25:Sekou Cherif:47.26,26:Awa Kuznetsov:50.61,27:Clement Kuznetsov:55.91,28:Mateo Abebe:39.42,29:Sara Martinez:49.05
6806,Paris,Rouen,07/04/2026,0815,1034,1:Ines Pereira:13.90,2:David Bruno:15.44,3:Ryan Conti:15.93,4:Li Gomes:15.74,5:Natalia Sylla:18.92,6:Kenza Pereira:22.14,7:Awa Suzuki:18.69,8:Jason Kowalski:20.38,9:Sara Ferrari:14.70,10:Sara Khan:16.99,11:Chloe Brown:13.32,12:Corey Ivanov:12.86,13:Mateo Vasiliev:13.22,14:Elsa Garnier:20.72,15:Sonia Huang:21.41,16:Elsa Park:22.42,17:Adrien Laurent:18.88,18:Tristan Santos:16.95,19:Kwame Brown:22.35,20:Zachary Wong:22.14,21:Lucas Doan:18.93,22:Fode Conti:15.66,23:Carmen Petrov:13.29,24:Fode Boudjema:15.73,25:Wei Lefevre:19.92,26:Willow Khelifi:19.35,27:Ethan Klein:17.09,28:Hazel Singh:22.28,29:Aki Novak:18.29,30:Baptiste Benali:14.11,31:Lucas Fernandez:18.52,32:Manon Dubois:16.18,33:Skylar Almeida:19.93,34:Jules Garcia:18.41,35:Oceane Vo:18.44,36:Olivia Morozov:13.04,37:Leila Doan:13.56,38:Daiki Gomez:13.16,39:Bilal Ali:14.86,40:David Esposito:13.94,41:Ricardo Martinez:17.01,42:Farah Wilson:14.58,43:Baptiste Schmidt:14.11,44:Kai Nguyen:14.27,45:Amandine Robert:13.81,46:Daiki Dubois:15.13,47:Yara Doan:15.37,48:Brenda Ouattara:14.73
4644,Rouen,Limoges,19/09/2026,2015,0249,1:Olivia Sousa:36.61,2:Imani Rizzo:33.75,3:Hassan Liu:36.53,4:Zane Klein:40.71,5:Felix Esposito:45.79,6:Nicolas Zimmermann:31.91,7:Samira Tran:28.67
5842,La Rochelle,Tours,03/12/2026,1300,1647,1:Madison Santos:18.33,2:Isabella Dupont:22.43,3:Amandine Pham:21.95,4:Ethan Roux:26.23,5:Theo Silva:21.02,6:David Santos:23.22,7:Gabriel Cisse:,8:Chloe Garcia:20.74,9:Austin Moore:29.28,10:Sana Vo:27.49,11:Awa Sato:25.35,12:Corey Faure:21.91,13:Rayan Dubois:27.09,14:Emi Schulz:21.34,15:Orion Laurent:19.42,16:Alessio Lopez:25.49,17:Hazel Brown:26.67,18:Manon Ouattara:20.51,19:Camille Wang:21.51,20:Li Schmidt:28.58,21:Amine Lefevre:21.62,22:Tristan Sousa:25.43,23:Farah Diallo:18.52,24:Sana Kovacs:27.13,25:Madison Tanaka:28.93,26:Felix Tanaka:29.37,27:Imani Chen:27.86,28:Olivia Kim:23.52,29::,30:Gabriel Brown:28.69,31:Sonia Diallo:,32:Valentine Rodrigues:19.33,33:Natalia Durand:29.17,34:Taylor Silva:21.30,35:Emma Petrov:22.20,36:Silas Moussa:22.01,37:Wei Ferrari:20.42,38:Corey Laurent:26.33,39:Baptiste Kuznetsov:26.54,40:Tristan Santos:28.95,41::,42:Chloe Weber:28.64,43:Celeste Park:21.39,44:Lian Traore:19.47,45:Adrien Vo:26.14,46:Hassan Liu:19.60,47:Hassan Rodriguez:19.06,48:Lea Wilson:29.26,49:Paul Ahmed:28.07,50:Samira Bruno:24.71,51:Kai Nguyen:21.26,52:Mateo Schulz:22.97,53:Maria Petrov:19.17,54:Oceane Huang:
3762,Nantes,Bordeaux,21/12/2026,1445,1757,1:Jason Klein:20.11,2:Jeanne Russo:19.38,3:Harper Ziane:20.71,4:Awa Doan:14.66,5:Carmen Liu:20.81,6:Nour Cruz:24.07,7:Sana Vo:17.31,8:Yasmine Alves:18.09,9:Margaux Khan:16.55,10:Louis Simon:16.50,11:Valentine Ndiaye:19.41,12:Elsa Martin:14.07,13:Oceane Lee:17.41,14:Zane Morozov:15.86,15:Bilal Ali:21.70,16:Youssef Simon:16.97,17:Santiago Ferrari:17.41,18:Taylor Klein:18.55,19:Sofia Kovacs:13.48,20:Kenza Traore:17.98,21:Harper Moreau:22.12,22:Akira Ferrari:21.55,23:Kenji Mohamed:14.23,24:Omar Ouattara:16.98,25:Santiago Clark:14.46,26:Lucia Diop:18.04,27:Olivia Ribeiro:23.50,28:Farah Gallo:15.14,29:Erica Mohamed:15.67
9469,Perpignan,Angers,02/09/2026,2200,0654,1:Olivia Khelifi:39.40,2:Felix Lefevre:38.73,3:Aisha Bruno:36.87,4:Elsa Rodriguez:35.71,5:Samira Morozov:38.40,6:Isabella Dupont:39.22,7:Emma Ziane:54.67,8:Elena Liu:36.02,9:Ines Haddad:51.39,10:Baptiste Wong:32.65,11:Lian Lee:44.04,12:Bilal Thomas:48.92,13:Amine Torres:52.70,14:Karim Novak:36.63,15:Santiago Abebe:53.27,16:Ricardo Nkosi:45.45,17:Lea Diallo:52.75,18:Pierre Moussa:47.29,19:Rayan Perez:53.33,20:Lea Michel:37.39,21:Isabella Smith:43.59,22:Skylar Novak:38.97,23:Elena Boudjema:34.39,24:Clement Lopez:52.15,25:Theo Taylor:40.39,26:Li Le:40.16,27:Pierre Cruz:44.25,28:Baptiste Santos:37.22,29:Pablo Ndiaye:55.25
8921,Rennes,Perpignan,22/08/2026,,1850,1:Arthur Sousa:38.74,2:Zane Morozov:54.02,3:Mehdi Bernard:36.16,4:Zoe Tanaka:52.89,5:Wei Schulz:55.89,6:Rose Garcia:51.98,7:Kai Rodrigues:43.83,8:Hugo Ribeiro:47.53,9:Pierre Diop:50.49,10:Felix Tanaka:46.48,11:Erica Sato:35.37,12:Nala Le:53.81,13:Imani Ahmed:53.72,14:Yasmine Boudjema:44.35,15:Lian Pereira:55.54,16:Erica Lopez:47.01,17:Zola Cherif:53.22,18:Javier Bianchi:48.32,19:Katya Santos:34.95,20:Driss Almeida:45.76,21:Lea Leroy:40.59,22:Hassan Pham:57.49,23:Jules Kim:39.60,24:Sofia Klein:37.49,25:Oceane Singh:55.05,26:Leila Greco:42.98,27:Theo Bruno:56.01,28:Silas Martin:41.33,29:Isabella Smith:33.13,30:Valentine Chung:51.29,31:Noah Brown:39.24,32:Gabriel Fahmi:36.99,33:Hassan Liu:44.57,34:Kwame Conti:36.79,35:Wei Chung:50.78,36:Natalia Mohamed:39.69,37:Malika Taylor:54.93,38:Minh Le:45.85,39:Maria Torres:49.90,40:Thao Moreau:44.41,41:David Clark:38.89
1311,Perpignan,Lille,03/07/2026,0830,2024,1:Pierre Traore:50.26,2:Alice Johnson:55.22,3:Harper Boudjema:43.76,4:Bjorn Johnson:46.30,5:Jules Kim:50.59,6:Sana Lee:44.63,7:Ryan Morozov:50.99,8:Hugo Diallo:45.14,9:Bjorn Schmidt:54.29,10:Skylar Nguyen:45.91,11:Igor Almeida:35.93,12:Zoe Vidal:52.51,13:Farah Rizzo:53.73,14:Wei Schmidt:45.16,15:Alice Zhang:39.68,16:Lea Conti:38.58,17:Willow Kim:33.11,18:Miguel Alves:43.51,19:Farah Gallo:34.27,20:Omar Liu:49.16,21:Willow Smith:52.41,22:Hassan Martin:55.43,23:Sergei Rossi:50.11
2163,Nice,Grenoble,16/07/2026,0845,1510,1:Silas Leroy:33.96,2:Isabella Clark:45.47,3:Harper Ramirez:52.92,4:Sergei Ribeiro:35.80,5:Oceane Schmidt:44.51,6:Willow Rossi:55.92,7:Manon Lefevre:44.95,8:Lea Sokolov:46.30,9:Theo Santos:54.61,10:Sora Davis:35.64,11:Tristan Moreau:48.49,12:Kenza Kim:35.36,13:Hazel Traore:35.50,14:Wei Lee:43.66,15:Farah Wilson:48.24,16:Javier Bianchi:48.99,17:Chen Morozov:44.38,18:Santiago Perez:48.81,19:Katya Ahmed:40.10,20:Ricardo Liu:50.02,21:Hugo Novak:44.44,22:Sekou Santos:31.95,23:Manon Dubois:40.11,24:Nala Conti:31.90,25:Imani Alves:39.24,26:Lian Sokolov:43.97,27:Jason Ramirez:53.48,28:Sofia Diop:48.76,29:Samira Bruno:40.26,30:Leila Johnson:51.57,31:Orion Russo:31.95,32:Bjorn Esposito:46.53,33:Amine Torres:47.77,34:Youssef Doan:34.10,35:Yumi Zimmermann:40.27,36:Ethan Cisse:41.05,37:Amandine Johnson:47.51,38:Malika Vasiliev:41.43,39:Sora Petrov:50.08,40:Ethan Torres:50.60,41:Silas Dubois:34.19,42:Willow Tanaka:50.70,43:Isabella Le:54.65
4603,Rennes,Le Mans,14/12/2026,1515,1907,1:Sana Sousa:25.23,2:Sergei Sokolov:30.85,3:Jason Klein:22.54,4:Felix Esposito:17.74,5:Chen Roux:21.13,6:Ulysse Wang:25.48,7:Erica Vo:25.87,8:Rose Vasiliev:30.62,9:Felix Haddad:17.89,10:Karim Fahmi:21.54,11:Baptiste Roux:27.69,12:Celeste Park:24.92,13:Finn Johnson:27.01,14:Dmitri Ferrari:22.51,15:Camille Moreau:29.91,16:Chloe Brown:26.88,17:Hana Williams:28.44,18:Baptiste Santos:27.54,19:Lea Bianchi:27.25,20:Leila Dupont:26.79,21:Kenza Vidal:19.46,22:Kimberly Diop:31.02,23:Jules Bruno:26.02,24:Ryan Conti:22.24,25:Arthur Perez:28.64,26:Akira Brown:21.30,27:Bilal Thomas:22.68,28:Alessio Ali:21.32
3305,Paris,Saint-Etienne,05/07/2026,2030,0228,1:Ulysse Lopez:29.34,2:Sora Russo:50.81,3:Miguel Boudjema:35.92,4:Yumi Zimmermann:33.32,5:Romain Sylla:47.88,6:Harper Sato:34.63,7:Hazel Ribeiro:52.12,8:Malika Taylor:30.55,9:Imani Bernard:39.22,10:Bilal Thomas:35.79,11:Dylan Roux:50.62,12:Clement Kuznetsov:30.18,13:Oceane Boudjema:43.86,14:Zachary Wilson:37.29,15:Carmen Liu:37.00,16:Leila Roux:42.83,17:Sophie Clark:39.20,18:Adrien Laurent:48.22,19:Alessio Alves:30.68,20:Sophie Benali:38.70,21:Javier Novak:47.23,22:Imani Fournier:42.22,23:Sophie Schulz:40.02,24:Louis Singh:43.15,25:Corey Ramirez:46.69,26:Tristan Diop:32.67,27:Jeanne Haddad:33.08,28:Silas Klein:36.66,29:Nicolas Greco:33.60,30:Samira Bruno:31.84,31:Zane Kowalski:30.33,32:Louis Kim:51.16,33:Jules Tanaka:41.12,34:Daiki Dubois:43.50,35:Dylan Perez:44.08,36:Aki Kovacs:41.87,37:Fode Doan:47.80,38:Paul Pham:40.62,39:David Fernandez:34.72
3562,Grenoble,Montpellier,06/12/2026,1715,2236,1:Hana Bianchi:32.93,2:Margaux Dupont:37.46,3:Igor Muller:37.38,4:Austin Greco:36.51,5:Igor Moussa:34.19,6:Elena Ziane:38.97,7:Javier Leroy:42.39,8:Wei Schmidt:33.36,9:Paul Pham:40.60,10:Akira Chen:38.38,11:Malika Brown:43.44,12:Natalia Moore:25.23,13:Hazel Fernandez:32.55,14:Romain Schulz:26.87,15:Leila Kuznetsov:35.82,16:Hugo Russo:26.42,17:Tristan Garnier:39.74,18:Eloise Popov:26.21,19:Jules Cruz:27.93,20:Dylan Petit:34.66,21:Silas Ziane:38.16,22:Camille Pereira:40.70,23:Dmitri Klein:32.16,24:Alice Tanaka:34.83,25:Adrien Martin:44.09,26:Driss Cruz:35.42,27:Brenda Simon:32.59,28:Youssef Ziane:30.18,29:Samira Gomes:38.65,30:Adrien Santos:33.46,31:Javier Davis:38.12,32:Mei Kovacs:36.43
6120,Lyon,Tours,23/06/2026,1745,2233,1:Mei Nguyen:33.56,2:Chloe Traore:32.75,3:Valentine Davis:36.20,4:Isabella Park:39.51,5:Jules Rizzo:37.89,6:Sergei Vasiliev:41.16,7:Kai Bianchi:25.19,8:Lucas Almeida:30.35,9:Jackson Ramirez:34.68,10:Hugo Dubois:35.30,11:Fode Doan:40.95,12:Leila Hussein:37.99,13:Jian Popov:28.40,14:Driss Laurent:33.61,15:Lucia Kuznetsov:40.03,16:Fode Conti:27.73,17:Akira Abebe:37.29,18:Simon Brown:40.00,19:Hazel Traore:39.86,20:Zane Davis:25.59,21:Minh Smith:36.12,22:Felix Nguyen:24.06,23:Willow Smith:32.57,24:Hassan Liu:26.96,25:Sofia Chen:30.62,26:Jeanne Kovacs:29.56,27:Ryan Morozov:27.11,28:Dylan Popov:35.24,29:Arthur Sousa:29.53,30:Fode Yamamoto:31.24,31:Natalia Faure:24.55,32:Kofi Cruz:37.62,33:Lea Leroy:25.53,34:Manon Silva:40.02,35:Youssef Ziane:34.42,36:Karim Sousa:37.37,37:Sana Martin:39.64,38:Austin Wang:27.88,39:Victor Zimmermann:25.53,40:Skylar Davis:28.36
7691,Nice,Lille,13/09/2026,1530,0339,1:Driss Bernard:57.54,2:Olivia Thomas:57.11,3:Akira Torres:52.75,4:Katya Rodrigues:41.88,5:Kai Roux:53.72,6:Hassan Brown:57.57,7:Quentin Gomez:44.21,8:Olivia Morozov:57.00,9:Zoe Huang:48.88,10:Awa Doan:49.94,11:Natalia Lefevre:52.86,12:Rose Thomas:37.80,13:Aicha Wang:55.66,14:Nour Wong:36.15,15:Jackson Ferrari:55.18,16:Fode Wang:47.06,17:Willow Kim:44.39,18:Lucia Rodriguez:39.11,19:Ethan Brown:43.33,20:Javier Sato:49.32,21:Kenza Garnier:49.21,22:Natalia Morozov:36.08,23:Hana Silva:32.61,24:Madison Lee:53.49,25:Orion Bernard:51.02,26:Chau Bianchi:37.47,27:Jules Tanaka:44.09,28:Lucas Suzuki:43.99,29:Jules Garcia:50.84,30:Emi Cisse:43.72,31:Felix Wagner:39.69
3116,Brest,Toulouse,09/04/2026,1545,0144,1:Akira Gomes:53.74,2:Fode Fournier:44.17,3:Amandine Cisse:54.65,4:Hana Martinez:33.38,5:Simon Chen:44.87,6:Eloise Schulz:54.45,7:Zane Johnson:46.45,8:Gabriel Yamamoto:48.56,9:Ines Kovacs:46.01,10:Sara Fahmi:52.31,11:Silas Moussa:47.07,12:Ulysse Liu:35.39,13:Samira Wong:55.65,14:Fiona Petit:52.83,15:Corey Ramirez:50.56,16:Jason Cruz:36.34,17:Clement Kuznetsov:56.89,18:Malika Taylor:40.23,19:Sofia Klein:52.93,20:Katya Wong:50.96,21:Brenda Robert:57.09,22:Manon Yamamoto:48.90,23:Baptiste Johnson:34.78,24:Karim Sanchez:46.19,25:Maria Traore:38.43,26:Yara Doan:52.34,27:Eloise Khan:46.53,28:Zola Sylla:48.05,29:Alessio Silva:42.66,30:Arthur Khan:46.27
5157,Saint-Etienne,Nantes,19/07/2026,1345,2016,1:Elsa Greco:38.33,2:Austin Haddad:42.92,3:Brenda Dubois:44.13,4:Simon Taylor:32.60,5:Orion Pereira:30.92,6:Ulysse Garnier:40.23,7:Olivia Sousa:43.92,8:Taylor Moore:47.05,9:David Clark:47.91,10:Thao Lee:47.72,11:Isabella Mohamed:46.26,12:Maria Durand:28.65,13:Kenji Khan:32.70,14:Zachary Laurent:47.93,15:Sofia Davis:44.62,16:Aicha Vo:48.59,17:Emma Taylor:36.34,18:Victor Diop:35.01,19:Amine Gomez:41.64,20:Orion Simon:48.30,21:Paul Muller:36.22,22:Wei Moreau:33.77,23:Paul Davis:45.99,24:Zane Lee:33.02,25:Orion Laurent:38.58,26:Taro Gallo:42.91,27:Hazel Khan:47.16,28:Jian Torres:45.40,29:Pierre Liu:28.95,30:Zoe Rodrigues:31.82
5868,Nice,Montpellier,21/08/2026,2215,0339,1:Valentine Ferrari:27.50,2:Celeste Benali:23.64,3:Yara Cisse:23.71,4:Tristan Schmidt:32.37,5:Madison Gomes:26.56,6:Felix Huang:28.71,7:Ines Le:26.76,8:Noah Vo:27.48,9:Jules Torres:30.19,10:Elsa Ali:31.00,11:Mateo Oliveira:35.61,12:Jeanne Tanaka:24.10,13:Fode Khelifi:33.35,14:Baptiste Suzuki:40.63,15:Eloise Oliveira:40.67,16:Yumi Zimmermann:36.20,17:Clement Zimmermann:23.14,18:Sophie Chung:34.46,19:Lucas Suzuki:24.67,20:Leila Pham:34.79,21:Tristan Santos:29.56,22:Sofia Kovacs:40.53,23:Yara Wilson:23.92,24:Farah Pereira:37.79,25:Aki Vo:28.58,26:Chau Torres:26.74,27:Celeste Nkosi:29.92,28:Akira Zimmermann:25.21,29:Lucas Simon:32.34,30:Emma Miller:36.40,31:Ricardo Diop:31.19,32:Yasmine Nguyen:28.28,33:Zachary Laurent:37.30
3865,Clermont-Ferrand,La Rochelle,18/10/2026,1645,2249,1:Mehdi Abebe:45.47,2:Karim Ouattara:43.10,3:Mei Sanchez:29.11,4:Samira Khelifi:41.92,5:Awa Sokolov:32.87,6:Elsa Singh:47.82,7:Margaux Vasiliev:43.85,8:Hugo Russo:44.57,9:Thao Ahmed:34.17,10:Austin Garcia:31.94,11:Simon Chen:36.74,12:Sonia Ahmed:42.41,13:Louis Park:44.28,14:Rayan Pham:32.66,15:Daiki Dubois:47.89,16:Minh Gomes:36.42,17:Minh Novak:38.99,18:Sora Petrov:32.03,19:Imani Fournier:39.56,20:Minh Sato:33.95,21:Aki Diop:27.85,22:Miguel Yamamoto:46.85,23:Felix Vidal:41.83,24:Bjorn Moore:33.95,25:Romain Gallo:30.49,26:Kai Cisse:39.64,27:Mateo Laurent:46.98
8944,Nice,Rennes,27/07/2026,0730,2010,1:Kenza Khelifi:36.02,2:Minh Doan:49.87,3:Dmitri Hussein:58.32,4:Malika Nguyen:41.87,5:Natalia Morozov:56.43,6:Dylan Popov:38.57,7:Willow Ramirez:48.82,8:Sergei Boudjema:57.25,9:Sonia Michel:38.22,10:Driss Thomas:46.94,11:Imani Ahmed:50.64,12:Jackson Ferrari:52.60,13:Baptiste Roux:53.53,14:Willow Simon:34.64,15:Orion Davis:54.39,16:Harper Ferrari:42.88,17:Jian Pham:48.84,18:Celeste Taylor:43.58,19:Margaux Schmidt:46.75,20:Kai Bianchi:56.24,21:Hazel Fernandez:58.36,22:Silas Novak:32.76,23:Chau Khan:54.15,24:Zane Johnson:37.30,25:Li Abebe:56.12,26:Ryo Klein:51.12,27:Willow Vo:45.86,28:Carmen Cisse:38.23,29:Nicolas Yamamoto:42.41,30:Camille Diallo:37.84,31:Elena Liu:40.42,32:Chau Ivanov:37.45,33:Ryan Rossi:42.00,34:Imani Rodriguez:57.68
3646,Nantes,Saint-Etienne,21/09/2026,2030,0339,1:Jules Rizzo:42.46,2:Erica Sanchez:41.98,3:Ricardo Dubois:49.57,4:Sofia Gomez:37.37,5:Lea Wilson:45.75,6:Valentine Khelifi:36.00,7:Bilal Kovacs:53.19,8:Oceane Almeida:48.86,9:Willow Kim:53.17,10:Jian Torres:53.63,11:Sana Park:52.01,12:David Robert:46.05,13:Kenza Khelifi:52.93,14:Willow Cruz:33.60,15:Manon Dupont:33.32,16:Natalia Ali:38.05,17:Brenda Zimmermann:56.24,18:Awa Sato:47.68,19:Carmen Simon:34.92,20:Aisha Park:35.04,21:Felix Zimmermann:46.51,22:Dylan Popov:45.04,23:Jackson Sanchez:55.25,24:Lea Weber:36.07,25:Sofia Leroy:42.79,26:Natalia Perez:39.98,27:Taro Wilson:43.42,28:Isabella Mohamed:55.44,29:Samira Bruno:44.35,30:Olivia Kim:37.87,31:Bjorn Sato:35.19,32:Kenza Traore:35.50,33:Mei Ferrari:48.89,34:Chloe Fernandez:42.82,35:David Rizzo:49.15,36:Dylan Petit:42.03,37:Jules Torres:56.61,38:Eloise Oliveira:51.68,39:Harper Rizzo:56.60,40:Quentin Greco:36.29,41:Alessio Wong:36.40,42:Hana Martinez:36.62
2279,Le Mans,Saint-Etienne,19/03/2026,1915,0100,1:Chau Lee:39.39,2:Silas Martin:33.81,3:Fiona Petrov:26.86,4:Jian Singh:41.60,5:Chloe Wong:36.68,6:Samira Bruno:42.14,7:Baptiste Roux:32.78,8:Bilal Cruz:27.59,9:Zachary Haddad:37.56,10:Romain Wong:25.48,11:Mehdi Gomez:31.84,12:Madison Kowalski:25.27,13:Camille Popov:34.35,14:Harper Nkosi:40.85,15:Felix Yamamoto:39.65,16:Malika Sanchez:27.27,17:Jackson Diop:29.78,18:Valentine Clark:24.19,19:Sara Cruz:38.58,20:Ryan Ivanov:33.30,21:Ethan Ramirez:36.60,22:Mateo Benali:33.79,23:Chen Muller:37.87,24:Sekou Fournier:35.28,25:Wei Haddad:27.04,26:Miguel Yamamoto:41.81,27:Jules Moore:37.91,28:Amine Dupont:30.67
5501,Lyon,Tours,18/03/2026,1130,1725,1:Sophie Cherif:27.98,2:Omar Lee:31.37,3:Natalia Weber:39.77,4:Lucia Ziane:40.95,5:Nour Smith:43.54,6:Awa Laurent:31.44,7:Manon Zimmermann:41.66
7296,Saint-Etienne,Rouen,13/02/2026,0630,1158,1:Aki Ivanov:27.89,2:Zola Sylla:27.55,3:Taylor Khan:32.85,4:Nour Popov:41.96,5:Ryo Chen:31.26,6:Rose Yamamoto:37.05,7:Yasmine Zhang:33.05,8:Aisha Bruno:36.12,9:Aisha Park:39.83,10:Samira Rossi:44.82,11:Kwame Weber:31.92,12:Yumi Sanchez:39.72,13:Amine Cherif:42.19,14:Mei Nkosi:29.48,15:Leila Dupont:35.99,16:Ethan Bianchi:27.65,17:Jeanne Kuznetsov:30.26,18:Felix Suzuki:28.78,19:Sana Park:35.61,20:Jian Lopez:30.24,21:Jackson Muller:33.43,22:Ulysse Clark:34.24,23:Ines Dubois:46.69,24:Celeste Bianchi:28.61,25:Imani Zhang:26.90,26:Mei Sanchez:47.72,27:Minh Gomes:39.21,28:Amandine Faure:27.58,29:Jian Pham:33.61,30:Yumi Simon:38.83,31:Sofia Ribeiro:34.01,32:Adrien Laurent:44.83,33:Brenda Zimmermann:45.14,34:Fiona Greco:35.91
5935,Toulouse,Lyon,23/06/2026,1415,2207,1:Imani Zhang:53.74,2:Adrien Garnier:53.55,3:Lea Conti:50.28,4:David Esposito:48.39,5:Ryan Cherif:34.01,6:Adrien Laurent:44.80,7:Yara Laurent:34.68,8:Aicha Laurent:42.60,9:Sonia Tran:45.09,10:Isabella Durand:47.48,11:Victor Zimmermann:37.21,12:Bilal Ivanov:48.53,13:Dmitri Klein:37.64,14:Kimberly Schmidt:51.51,15:Ryo Perez:41.20,16:Margaux Schmidt:34.17,17:Chen Morozov:40.43,18:Gabriel Muller:42.58,19:Javier Wang:35.83,20:Kofi Wilson:40.60,21:Kenza Pereira:46.12,22:Elsa Greco:40.64,23:Fode Boudjema:36.36,24:Miguel Alves:35.08,25:Lian Diallo:49.64,26:Juan Fernandez:37.30,27:Taro Doan:51.54,28:Mehdi Schmidt:42.69,29:Romain Zimmermann:36.21,30:David Simon:39.57,31:Ryan Williams:33.15,32:Youssef Chung:58.41,33:Mei Ferrari:36.63,34:Margaux Conti:45.09,35:Skylar Bruno:49.20
3210,Strasbourg,Metz,19/06/2026,1945,2129,1:Miguel Dupont:20.46,2:Paul Durand:19.26,3:Jules Lopez:22.01,4:Sana Zhang:19.77,5:Aisha Traore:16.19,6:Ulysse Vo:20.35,7:Oceane Bernard:21.32,8:Erica Tanaka:18.03,9:Malika Sanchez:13.58,10:Lucas Diop:20.82,11:Jackson Ferrari:14.38,12:Celeste Lopez:15.64,13:Rose Robert:21.40,14:Zola Diop:19.32,15:Oceane Almeida:12.71,16:Louis Zimmermann:16.13,17:Katya Rodrigues:16.19,18:Dylan Moreau:21.62,19:Harper Wagner:17.97,20:Mei Wagner:12.93,21:Jules Miller:16.74,22:Javier Brown:13.72,23:Li Gomes:17.31,24:Taylor Cruz:15.10,25:Youssef Almeida:14.95,26:Brenda Ouattara:18.56,27:Jules Torres:13.67,28:Rayan Singh:21.34,29:Jason Traore:14.40,30:Fode Wilson:14.58,31:Jules Cruz:22.13,32:Fode Moussa:21.99,33:Aisha Bruno:20.58,34:Amandine Conti:13.10,35:Imani Nkosi:19.57,36:Paul Ahmed:14.97,37:Lea Wilson:16.08,38:Harper Ndiaye:13.81,39:Zoe Davis:20.20,40:Noah Gallo:21.52,41:Camille Tran:20.76,42:Ulysse Liu:13.31,43:Silas Hussein:14.98,44:Ryan Ivanov:17.18,45:Imani Petrov:12.75,46:Willow Khelifi:13.54,47:Olivia Kim:18.77,48:Oceane Ouattara:13.00
3790,Toulouse,Paris,13/04/2026,1700,0356,1:Bjorn Tran:57.07,2:Pablo Clark:46.65,3:Amandine Perez:40.32,4:Chloe Conti:36.83,5:Sofia Lee:33.60,6:Willow Cisse:40.31,7:Chloe Russo:52.13
6914,Rouen,Paris,02/11/2026,0730,0904,1:Katya Khelifi:17.64,2:Margaux Chen:20.18,3:Sara Schmidt:16.75,4:Sergei Ribeiro:14.54,5:Juan Lopez:16.81,6:Isabella Lopez:14.24,7:Igor Doan:22.31,8:Elena Diallo:15.45,9:Arthur Wong:19.37,10:Hassan Pereira:20.49,11:Nicolas Yamamoto:12.62,12:Hana Garnier:13.74,13:Igor Ali:22.46,14:Igor Popov:21.39,15:Fode Conti:14.28,16:Quentin Chung:20.72,17:Fiona Petrov:18.28,18:Wei Lopez:15.72,19:Nour Smith:17.28,20:Oceane Rodriguez:20.45,21:Carmen Sato:16.01,22:Felix Khan:15.18,23:Brenda Rizzo:16.83,24:Natalia Davis:14.46,25:Driss Laurent:20.17,26:Jason Fournier:20.40
2914,Nice,Perpignan,20/10/2026,0945,1757,1:Valentine Sato:40.41,2:David Le:40.24,3:Santiago Perez:36.73,4:Hassan Rodriguez:38.66,5:Igor Alves:50.43,6:Hassan Russo:54.44,7:Ryo Chen:42.18,8:Mei Wagner:33.98,9:Chloe Brown:37.01,10:David Gomez:41.20,11:Minh Sato:33.52,12:David Faure:51.62,13:Simon Chen:44.16,14:Pierre Garnier:51.88,15:Li Schmidt:45.84,16:Harper Nkosi:40.08,17:Minh Ivanov:44.27,18:Awa Klein:57.33,19:Kenji Leroy:46.54,20:Bjorn Torres:34.20,21:Brenda Le:40.24,22:Paul Leroy:56.67,23:Lian Lee:38.94,24:Ryo Hussein:40.48,25:Quentin Wilson:56.28,26:Zane Almeida:45.10,27:Katya Bianchi:41.68,28:Kenza Wang:42.13,29:Taylor Klein:54.46,30:Chau Diop:56.75,31:Adrien Laurent:52.11,32:Malika Sousa:49.99,33:Dmitri Ferrari:57.78,34:Mehdi Gomez:47.79,35:Theo Schmidt:54.95,36:Quentin Greco:43.66,37:Amine Torres:44.08,38:Ryo Michel:53.81,39:Amandine Wilson:49.87,40:Aki Rodriguez:44.71,41:Youssef Bianchi:57.62,42:Awa Kuznetsov:47.85,43:Elsa Garnier:50.41,44:Karim Sanchez:54.02,45:Sonia Kim:57.31,46:Rayan Torres:50.62,47:Oceane Bernard:49.67,48:Mehdi Wilson:44.21,49:Rayan Robert:55.99
5486,Metz,Toulouse,11/04/2026,1645,0148,1:Yasmine Kuznetsov:46.14,2:Sergei Ribeiro:38.98,3:Li Faure:57.07,4:Ryan Martin:53.90,5:Skylar Davis:35.97,6:Tristan Chung:34.61,7:Theo Le:44.64,8:Chen Wong:44.81,9:Jian Robert:41.40,10:Aicha Wang:39.82,11:Fode Conti:42.18,12:Minh Smith:49.95,13:Kwame Perez:34.85,14:Celeste Chung:49.22,15:Pierre Diallo:38.83,16:Kenza Weber:38.83,17:Kenji Boudjema:47.10,18:Elena Lopez:37.66,19:Imani Nkosi:52.81,20:Maria Traore:56.83,21:Alessio Almeida:40.89,22:Hana Ali:36.98,23:Valentine Yamamoto:33.25,24:Mei Dubois:50.79,25:Noah Diop:38.19,26:Daiki Sousa:43.89,27:Paul Diop:33.61,28:Hana Bianchi:38.92,29:Kenza Kim:44.57,30:Madison Diop:53.47,31:Minh Rizzo:33.39,32:Eloise Suzuki:47.31
8856,Bordeaux,Lille,06/09/2026,1815,0141,1:Brenda Popov:53.18,2:David Ferrari:49.41,3:Clement Esposito:40.89,4:Rayan Davis:39.84,5:Brenda Garnier:39.44,6:Pierre Moussa:37.61,7:Mei Diallo:42.67,8:Alessio Alves:55.25,9:Thao Michel:46.44,10:Amine Rizzo:35.47,11:Finn Kovacs:36.83,12:Victor Mohamed:53.41,13:Taylor Zhang:56.61,14:Erica Sokolov:44.85,15:Amine Durand:34.67,16:Tristan Santos:50.93,17:Hana Martinez:55.29,18:Lucas Almeida:44.40,19:Juan Tran:41.26,20:Sara Cruz:40.15,21:Tristan Popov:37.96,22:Fiona Simon:56.22,23:Lian Garnier:37.47,24:Sekou Bernard:46.86,25:Jeanne Fahmi:50.89,26:Jeanne Haddad:50.08,27:Omar Liu:44.67,28:Jeanne Clark:46.33
7950,Limoges,Caen,22/07/2026,1915,0123,1:Gabriel Miller:30.30,2:Aki Novak:34.05,3:Corey Weber:49.81,4:Hazel Khan:30.94,5:Lian Ferrari:47.64,6:Omar Doan:37.58,7:Ines Le:36.30,8:Erica Mohamed:43.41,9:Aki Muller:29.24,10:Carmen Bruno:33.71,11:Bjorn Esposito:46.29,12:Kofi Khan:38.62,13:Sonia Kim:48.25,14:Paul Moreau:30.05,15:Jeanne Tanaka:29.08,16:Jian Ali:42.01,17:Pierre Traore:38.40,18:Zoe Huang:47.94,19:Aki Cisse:34.32,20:Louis Ndiaye:45.65,21:Jackson Ferrari:33.29,22:Manon Ouattara:31.96,23:Hana Wagner:45.34,24:Javier Brown:45.56,25:Mei Garnier:38.84,26:Olivia Tanaka:29.81,27:Jackson Silva:38.10,28:Leila Rizzo:30.33,29:Eloise Weber:44.47,30:Silas Klein:43.46,31:Kenza Chen:40.33
3633,Paris,Marseille,08/08/2026,1145,2252,1:Nala Moore:51.95,2:Eloise Sanchez:41.83,3:Madison Kowalski:33.76,4:Bjorn Thomas:36.23,5:Akira Abebe:46.31,6:Lucia Mohamed:42.67,7:Pierre Thomas:50.34,8:Austin Schmidt:57.20,9:Awa Klein:33.64,10:Orion Laurent:51.02,11:Elsa Martin:36.05,12:Katya Khelifi:49.79,13:Li Zhang:39.58,14:Austin Nkosi:50.78,15:Ines Schulz:37.41,16:Liam Pereira:38.39,17:Felix Lefevre:47.43,18:Hana Miller:35.08,19:Skylar Bruno:52.12,20:Mei Dubois:50.92,21:Hazel Petrov:46.19,22:Elena Zhang:41.61,23:Zane Johnson:35.05,24:Tristan Schmidt:53.33,25:Elena Lopez:46.32,26:Sara Petit:34.46,27:Silas Novak:44.45,28:Bjorn Moore:49.62,29:Pablo Pereira:47.03
6440,Brest,La Rochelle,19/03/2026,0715,1310,1:Katya Ahmed:47.99,2:Skylar Davis:31.25,3:Youssef Bianchi:32.97,4:Madison Diop:47.70,5:Margaux Schmidt:34.45,6:Igor Morozov:37.92,7:Yara Clark:30.70,8:Hassan Martin:36.57,9:Ulysse Roux:46.35,10:Natalia Perez:29.05,11:Baptiste Rossi:42.11,12:Imani Williams:27.66,13:Hazel Schmidt:33.64,14:Carmen Miller:46.32,15:Igor Almeida:32.25,16:Corey Michel:42.62,17:Kai Rodrigues:47.87,18:Kai Michel:40.12,19:Karim Petrov:47.92,20:Oceane Bruno:48.01,21:Sergei Rossi:28.32,22:Yumi Chen:35.47,23:Samira Morozov:29.01,24:Natalia Durand:36.83,25:Sofia Sousa:36.07,26:Paul Pham:38.26
4812,Grenoble,La Rochelle,24/03/2026,0700,1320,1:Imani Williams:46.03,2:Celeste Park:42.75,3:Minh Sanchez:34.64,4:Felix Huang:45.17,5:Zane Morozov:28.32,6:Zoe Vidal:29.14,7:Leila Zhang:44.95,8:Juan Fernandez:47.60,9:Alessio Lopez:47.10,10:Driss Williams:34.68,11:Brenda Bianchi:29.01,12:Dmitri Klein:29.70,13:Paul Muller:48.26,14:Kenza Weber:40.40,15:Ulysse Torres:36.54,16:Celeste Boudjema:41.73,17:Rose Perez:29.41,18:Kwame Weber:33.34,19:Sara Khan:39.74,20:Fiona Cruz:44.24,21:Kenji Zimmermann:27.86,22:Karim Sanchez:40.72,23:Tristan Diop:29.72,24:Lea Roux:37.80,25:Fode Perez:44.63,26:Sophie Vidal:48.64,27:Bilal Ivanov:27.78,28:Silas Moussa:32.52,29:Zachary Chung:30.67,30:Chloe Morozov:35.13
6686,Bordeaux,Metz,03/02/2026,1030,2323,1:Bjorn Torres:35.44,2:Jeanne Petrov:58.33,3:Valentine Sato:56.91,4:Silas Almeida:56.71,5:Kenza Fahmi:33.57,6:Nala Miller:40.41,7:Ryan Conti:38.84,8:Valentine Bianchi:37.97,9:Emi Park:42.67,10:Imani Bernard:50.07,11:Clement Sato:57.43,12:Erica Abebe:54.12,13:Elsa Ali:55.92,14:Erica Yamamoto:52.17,15:Lucas Suzuki:49.14
1497,Limoges,Brest,24/10/2026,1330,2008,1:Samira Huang:47.94,2:Olivia Wong:52.11,3:Ricardo Vidal:41.96,4:Amandine Robert:35.58,5:Rayan Dubois:46.00,6:Lucia Rizzo:35.98,7:Leila Pham:35.50,8:Alessio Ouattara:38.63,9:Liam Rodriguez:36.78,10:Hazel Fournier:42.29,11:Farah Gallo:47.07,12:Alessio Boudjema:52.53,13:Igor Cisse:50.55,14:Farah Nkosi:47.24,15:Juan Tran:48.34,16:Nicolas Ahmed:45.71,17:Karim Bruno:33.77,18:Amandine Wilson:44.53,19:Ricardo Nkosi:47.99,20:Camille Moreau:51.88,21:Minh Schulz:30.20,22:Youssef Morozov:47.98,23:Chau Le:38.49,24:Theo Yamamoto:45.18,25:Youssef Wagner:33.73,26:Mehdi Richard:50.15,27:Samira Wong:35.33,28:Zachary Moussa:51.91,29:Lucia Weber:48.39,30:Kenza Bernard:37.86,31:Quentin Rossi:45.90,32:Li Gomez:49.71,33:Jian Michel:42.43,34:Margaux Durand:49.81
4858,Metz,Limoges,15/06/2026,1315,2108,1:Dmitri Le:49.76,2:Omar Lee:54.96,3:Ryan Cherif:42.29,4:Aicha Robert:49.15,5:Valentine Bianchi:48.12,6:Finn Diallo:45.01,7:Zola Smith:42.12,8:Bjorn Johnson:34.62,9:Manon Novak:57.27,10:Eloise Miller:49.94,11:Felix Esposito:40.49,12:Theo Schmidt:52.89,13:Willow Vo:35.25,14:Harper Cisse:57.24,15:Kofi Dubois:42.97,16:Ryan Khelifi:54.69,17:Sophie Vo:54.47,18:Sora Russo:53.93,19:Zola Cherif:48.61,20:Alice Hussein:33.82,21:Ulysse Morozov:33.20,22:Carmen Bruno:37.24,23:Malika Le:55.97,24:Sophie Benali:43.34,25:Rayan Dubois:41.26,26:Paul Davis:41.72,27:Wei Schmidt:46.32,28:Hugo Leroy:34.89
4776,Rennes,Strasbourg,09/11/2026,2230,1115,1:Lucia Ramirez:48.61,2:Thao Moreau:,3:Sofia Ramirez:50.03,4:Igor Cisse:33.59,5:Chau Le:38.80
2379,Grenoble,Lyon,06/12/2026,1245,1514,1:Leila Pham:16.48,2:Elsa Park:17.87,3:Aisha Moussa:17.50,4::,5:Yara Cisse:17.39,6:Victor Tran:17.28,7:Silas Ribeiro:,8:Lea Conti:20.53,9:Noah Diop:21.93,10:Chau Ali:18.87,11:Willow Tanaka:15.66,12:Mateo Laurent:20.85,13:Jeanne Clark:20.45,14:Lian Traore:16.79,15:Corey Martin:12.81,16:Eloise Sanchez:18.46,17:Valentine Moreau:13.24,18:Clement Lee:13.81,19::,20:Felix Khan:12.64,21:Lucia Rizzo:17.90,22:Madison Kowalski:15.38,23:David Bruno:21.34,24:Louis Park:,25:Malika Le:21.74,26:Lucia Hussein:,27::,28:Wei Rizzo:16.21,29:Jeanne Haddad:,30:Elena Oliveira:21.80,31:Madison Santos:12.86,32:Pierre Bruno:17.00
5609,Strasbourg,Toulouse,14/07/2026,1200,2206,1:Samira Wong:40.52,2:Silas Ziane:47.12,3:Samira Gomes:44.34,4:Jeanne Fahmi:44.58,5:Li Oliveira:37.60,6:Mei Ahmed:38.04,7:Ines Schmidt:,8:Ethan Ramirez:55.22,9:Austin Moussa:57.99,10:Harper Ziane:40.00,11:Mehdi Sato:41.04,12:Zoe Kowalski:44.09,13:Fiona Miller:43.43,14:Sara Rodrigues:43.75,15:Oceane Bruno:39.89,16::,17:Hugo Ribeiro:51.17,18:Alice Johnson:39.00,19:Alice Johnson:50.01,20::,21:Sergei Dubois:40.53,22:Imani Zhang:42.99,23:Youssef Schmidt:50.36,24:Emma Petrov:52.64,25:Thao Khan:33.99,26:Sekou Moreau:56.07,27::,28:Alessio Schmidt:53.61,29:Katya Lee:37.37
2408,Rouen,Paris,18/07/2026,1315,1551,1:Alice Huang:18.32,2:Jackson Diop:20.22,3:Liam Rodriguez:18.98,4:Minh Fahmi:16.07,5:Aki Diop:13.60,6:Tristan Ivanov:17.50,7:Aicha Kowalski:13.00,8:Emi Cisse:20.89,9:Pierre Liu:19.95
7346,Caen,Dijon,03/04/2026,1700,2339,1:Minh Gomes:55.87,2:Yumi Wang:48.54,3:Hazel Tran:47.13,4:Dmitri Lee:33.47,5:Quentin Pereira:33.67,6::,7:Rayan Perez:48.73,8:Hazel Traore:40.08,9:Orion Pereira:31.90,10:Ulysse Schulz:31.52,11:Omar Lopez:40.89,12:Valentine Moreau:38.66,13:Camille Alves:42.69,14:Zola Torres:55.28,15:Baptiste Sanchez:48.42,16:Skylar Rossi:34.18,17:Camille Morozov:,18:Juan Alves:35.08,19:Nour Singh:40.35,20:Yasmine Pereira:32.90,21:Hassan Kowalski:41.99,22:Emma Sokolov:42.56,23:Jian Fahmi:51.70,24::,25:Bilal Mohamed:39.26,26:Zachary Chung:37.67,27:Isabella Clark:42.18,28:Hazel Petrov:51.65,29:Amine Dupont:54.93,30:Liam Pereira:45.98,31::
1871,Bordeaux,Angers,15/08/2026,1515,1818,1:Malika Brown:17.43,2:Simon Taylor:21.57,3:Rayan Chen:24.67,4:Juan Alves:17.94,5:Clement Kuznetsov:21.41,6:Zane Morozov:15.97,7:Austin Nkosi:17.14,8:Omar Singh:22.33,9:Corey Moreau:16.01,10:Austin Garcia:22.45,11:Sofia Chen:17.54,12:Dylan Popov:22.11,13:Lea Sato:26.50,14:Nour Cruz:21.91,15:Fode Tanaka:16.30,16:Javier Dupont:25.74,17:Chloe Traore:21.11,18:Jason Ferrari:18.31,19:Ryan Sato:17.42,20:Alessio Almeida:17.24,21:Simon Vidal:23.51,22:Lucia Weber:26.74,23:Youssef Abebe:16.49,24:Hazel Khan:24.13,25:Aki Tran:24.77,26:Isabella Lefevre:21.90,27:Romain Diallo:16.85,28:Pierre Taylor:21.79,29:Sonia Ahmed:21.47,30:Baptiste Roux:16.99,31:Lucas Cherif:22.10,32:Omar Lee:26.13,33:Mehdi Bernard:25.68,34:Zoe Davis:26.14
5776,Limoges,Grenoble,01/02/2026,1645,2145,1:Ethan Ouattara:24.82,2:Karim Novak:26.86,3:Miguel Schmidt:38.39,4:Jules Cherif:40.61,5:Sofia Diop:27.18,6:Mei Ferrari:31.07,7:Ulysse Kovacs:24.21,8:Nicolas Zimmermann:33.60,9:Erica Sokolov:29.82,10:Chen Muller:25.92,11:Eloise Khan:37.15,12:Austin Gomes:31.54,13:Zachary Moussa:27.68,14:Aicha Rizzo:41.26,15:Gabriel Bernard:38.39,16:Bilal Thomas:32.43,17:Yumi Sanchez:36.49,18:Nala Fournier:27.62,19:Bjorn Schmidt:27.67,20:Mateo Brown:33.60,21:Erica Ribeiro:39.19,22:Elsa Conti:25.54,23:Maria Roux:24.84,24:Willow Ramirez:36.61,25:Miguel Dupont:40.23,26:Thao Ahmed:37.82,27:Silas Ziane:26.22,28:Aki Novak:33.03,29:Ulysse Clark:30.82,30:Aisha Moussa:30.68,31:Romain Lopez:35.16,32:Aki Tran:28.34,33:Amandine Ali:40.18,34:Emma Taylor:36.31,35:Austin Chen:31.61,36:Ryan Vidal:33.91,37:Ethan Smith:35.26
6735,Perpignan,Nantes,15/05/2026,1130,2108,1:Ethan Dupont:53.88,2:Madison Diop:33.07,3:Lea Suzuki:,4:Jackson Diop:40.06,5:Imani Laurent:,6:Alessio Haddad:51.40,7:Aisha Bruno:33.20,8:Chloe Fernandez:32.92,9:Wei Rizzo:36.21,10:Leila Rizzo:52.66,11:Willow Ali:46.52,12:Austin Haddad:33.16,13:Adrien Vo:51.05,14:Lucas Singh:38.75,15:Camille Popov:54.40,16:Theo Tanaka:44.55,17:Amine Cherif:52.60,18:Rose Novak:48.67,19::,20:Romain Lopez:,21:Kai Michel:55.69,22:Manon Wong:36.57,23:Farah Gallo:54.68,24:Hana Miller:34.72,25:Amandine Le:50.45,26::,27:Jules Moore:38.45,28:Aicha Santos:51.65,29:Igor Cisse:55.20,30:Jules Park:56.87,31:Jackson Kuznetsov:47.11,32:Sekou Fournier:50.88,33:Olivia Ribeiro:54.28,34:Samira Morozov:44.74,35:Brenda Robert:54.12,36:Yumi Wang:34.43
5616,Reims,Toulouse,11/06/2026,0600,1435,1:Jason Wang:37.68,2:Tristan Durand:47.45,3:Rose Novak:42.95,4:Omar Ouattara:43.99,5:Hazel Hussein:45.12,6:Nala Wang:46.54,7:Thao Lee:48.09,8:Thao Khan:43.35,9:Adrien Vasiliev:48.96,10:Amine Rossi:54.53,11:Sara Fahmi:38.60,12:Yara Clark:44.84,13:Finn Miller:50.21,14:Eloise Fahmi:57.48,15:Amandine Haddad:53.00,16:Leila Johnson:33.36,17:Theo Yamamoto:52.50,18:Aki Diop:39.99,19:Austin Pereira:43.85,20:Amandine Pham:56.21,21:Isabella Mohamed:42.64,22:Farah Thomas:38.02,23:Sekou Fournier:37.58,24:Natalia Sylla:47.64,25:Emi Wagner:45.34,26:Felix Cisse:38.02,27:Yumi Russo:51.93,28:Noah Gallo:56.22
1755,Nice,La Rochelle,29/10/2026,1615,0259,1:Willow Traore:45.14,2:Valentine Sato:48.14,3:Minh Doan:54.59,4:Awa Klein:55.12,5:Jackson Silva:37.95,6:Elsa Conti:35.45,7:Amine Dupont:57.55,8:Kenza Weber:41.01,9:Romain Michel:35.91,10:Celeste Bianchi:51.44,11:Imani Moussa:49.65,12:Liam Pereira:57.51,13:Hana Pereira:43.26,14:Felix Garnier:41.24,15:Jian Fahmi:35.26,16:Jules Santos:39.70,17:Jian Traore:40.82,18:Carmen Liu:37.83,19:Ulysse Kovacs:35.24,20:Dmitri Lee:55.42,21:Jules Mohamed:53.77,22:Elsa Greco:41.38,23:Mateo Oliveira:58.32,24:Karim Zhang:32.53,25:Zachary Zimmermann:56.42,26:Leila Doan:38.93
2428,Nice,Saint-Etienne,16/11/2026,0915,1621,1:Zola Clark:40.07,2:Harper Ndiaye:54.81,3:Brenda Ouattara:34.47,4:Zane Wilson:50.71,5:Brenda Popov:47.06,6:Harper Vasiliev:47.14,7:Lucia Klein:47.77,8:Valentine Davis:34.43,9:Farah Diallo:49.42,10:Jason Yamamoto:56.28,11:Katya Almeida:45.30,12:Fiona Park:36.62,13:Jeanne Haddad:33.47,14:Dmitri Russo:47.52,15:Aisha Bruno:40.45,16:Madison Khan:37.57,17:Chau Ouattara:48.38,18:Taylor Smith:44.44,19:Kai Liu:39.83,20:Emma Nguyen:46.43,21:Pablo Garcia:35.04,22:Maria Petrov:49.01,23:Kofi Williams:50.45,24:Bjorn Tran:40.24,25:Sophie Taylor:36.82,26:Austin Haddad:35.71,27:Yara Wong:32.65,28:Paul Moreau:51.33,29:Juan Alves:37.18,30:Arthur Perez:32.77,31:Silas Clark:40.08,32:Ethan Durand:33.48,33:Sana Lefevre:33.49,34:Sekou Santos:36.59,35:Simon Chen:54.22,36:Felix Ivanov:40.99,37:Clement Wilson:44.16,38:Elena Diop:40.85,39:Kai Michel:55.78,40:Chloe Kovacs:45.01,41:Quentin Greco:41.52,42:Minh Rizzo:51.42,43:Juan Ziane:43.08,44:Romain Haddad:34.18,45:Jackson Wang:48.37,46:Katya Rodrigues:49.62,47:Sonia Kovacs:34.09,48:Katya Gallo:44.19
5006,Nantes,Lille,06/04/2026,1130,1829,1:Celeste Chung:46.94,2:Brenda Bianchi:55.40,3:Jeanne Petrov:37.81,4:Akira Gomes:43.60,5:Sana Lee:44.79,6:Sophie Cruz:57.52,7:Gabriel Park:49.01,8:Margaux Dupont:57.86,9:Hazel Ribeiro:36.25,10:Amandine Le:33.63,11:Rayan Conti:56.03,12:Kai Cisse:45.99,13:Sophie Vo:57.80,14:Nicolas Khelifi:47.24,15:Daiki Dubois:52.15,16:Nala Mohamed:38.29,17:Fiona Garnier:53.24,18:Amandine Ali:56.54,19:Theo Le:45.43,20:Igor Ali:33.05
8134,Rennes,Rouen,16/04/2026,2145,0300,1:Thao Khan:43.11,2:Katya Wong:27.25,3:Alessio Silva:29.55,4:Austin Chen:32.86,5:Jason Mohamed:36.71,6:Celeste Bianchi:31.46,7:Erica Mohamed:41.10,8:Karim Sanchez:32.74,9:Arthur Garnier:35.22,10:Pierre Gallo:27.46,11:Skylar Rossi:33.58,12:Mateo Schulz:37.15,13:Carmen Faure:31.88,14:Nicolas Greco:41.35,15:Pablo Ziane:36.06,16:Nicolas Ferrari:25.66,17:Nala Mohamed:35.06,18:Lucia Klein:36.16,19:Alice Doan:28.79,20:Elsa Kim:32.41,21:Tristan Popov:33.89,22:Hugo Wilson:26.10,23:Fode Fournier:39.11,24:Baptiste Wong:38.65,25:Thao Singh:41.48,26:Zachary Moussa:28.66,27:Santiago Sanchez:24.83,28:Jules Miller:30.29,29:Quentin Roux:31.25,30:Alice Garnier:25.89,31:Chau Le:30.34
1716,Le Mans,Perpignan,05/03/2026,1145,2110,1:Madison Tran:53.17,2:Manon Dupont:36.06,3:Zoe Rodrigues:44.52,4:Hazel Petrov:48.49,5:Elsa Martin:44.83,6:Jeanne Petit:53.88,7:Olivia Kuznetsov:35.46,8:Hugo Ribeiro:49.00,9:Sara Greco:49.57,10:Ryo Sanchez:36.87,11:Kwame Weber:53.31,12:Elsa Park:38.51,13:Chau Fournier:34.87,14:Zola Clark:53.58,15:Emi Nkosi:32.68,16:Hana Wagner:51.81,17:Olivia Ivanov:50.00,18:Fiona Davis:40.56,19:Finn Kowalski:58.45,20:Li Schmidt:52.19,21:Emma Pham:52.28,22:Sofia Ribeiro:36.12,23:Zola Garcia:41.89,24:Samira Sokolov:47.58,25:Sana Sousa:43.81,26:Pablo Garcia:45.58
5417,Strasbourg,Clermont-Ferrand,21/07/2026,0800,1544,1:Ines Laurent:48.20,2:Elena Sousa:43.87,3:Elsa Conti:54.69,4:Zoe Kowalski:35.91,5:Karim Zhang:53.80,6:Kai Doan:46.64,7:Sergei Ribeiro:40.87,8:Fiona Doan:55.51,9:Rose Moussa:33.54,10:Orion Pereira:40.17,11:Sara Greco:45.89,12:Awa Schmidt:54.11,13:Manon Clark:58.32,14:Lian Traore:37.49
5337,Caen,Dijon,04/11/2026,2145,0451,1:Orion Faure:57.15,2:Mehdi Zhang:52.40,3:Aisha Haddad:54.34,4:Alessio Almeida:49.44,5:Kimberly Schmidt:44.92,6:Omar Kovacs:52.53,7:Harper Ramirez:48.52,8:Hassan Klein:49.81,9::,10:Karim Novak:57.69,11:Alice Dupont:57.46,12:Chau Wang:33.61,13:Javier Richard:55.85,14::,15:Lucas Cherif:35.70,16:Zachary Vo:39.75,17:Sekou Greco:45.64,18:Yara Moore:35.97,19:Orion Davis:43.36,20:Leila Pham:32.55,21:Awa Sokolov:41.10,22:Malika Suzuki:51.32,23:Taro Greco:43.73,24:Victor Singh:45.18,25::,26:Gabriel Rodrigues:,27::,28:Samira Wong:52.05
9155,Angers,Clermont-Ferrand,16/05/2026,0600,1211,1:Mehdi Abebe:35.74,2:Adrien Vo:49.77,3:Harper Fahmi:31.00,4:Amine Rossi:39.58,5:Nicolas Sanchez:48.55,6:Sara Rodrigues:31.92,7:Finn Davis:40.74,8:Akira Petit:36.81,9:Javier Leroy:48.48,10:Sana Lee:34.58,11:Fiona Park:45.19,12:Sophie Tran:43.42,13:Emma Ziane:27.88,14:Sekou Santos:38.64,15:Jian Martinez:46.93,16:Amandine Le:34.31,17:Erica Vo:48.43,18:Simon Chen:34.46,19:Harper Ramirez:42.61,20:Alessio Lopez:36.90,21:Juan Rizzo:29.64,22:Aisha Hussein:29.89,23:Natalia Sylla:30.94,24:Driss Yamamoto:47.00,25:Amandine Moore:48.64
1131,Grenoble,Tours,16/03/2026,0815,1504,1:Elena Conti:38.00,2:Alessio Ali:29.85,3:Alice Dupont:39.22,4:Taylor Khan:48.49,5:Zoe Perez:46.53
1099,Strasbourg,Tours,03/05/2026,0915,1856,1:Yasmine Pereira:38.97,2:Liam Alves:,3:Fiona Cruz:38.61,4:Driss Suzuki:41.16,5:Leila Dupont:44.03,6:Zachary Wong:44.53,7:Yara Clark:,8:Santiago Sousa:33.32,9:Ulysse Weber:51.45,10:Aicha Wong:32.71,11::,12:Felix Perez:50.57,13::,14:Leila Ndiaye:33.04,15:Louis Simon:37.31,16:Isabella Clark:38.74,17:Ryan Khelifi:43.15,18:Sofia Sousa:47.13,19:Malika Brown:42.32
2320,La Rochelle,Rouen,20/04/2026,2030,0219,1:Lea Wilson:31.24,2:Oceane Greco:39.77,3:Brenda Ouattara:43.25,4:Arthur Khan:33.52,5:Sora Klein:35.12,6:Sekou Santos:34.13,7:Noah Hussein:42.86,8:Lucas Cherif:41.98,9:Juan Petit:44.82,10:Finn Davis:39.61,11:Sofia Wang:34.42,12:Emma Dupont:30.15,13:Wei Haddad:40.83,14:Wei Moreau:26.20,15:Pierre Ziane:36.73,16:Mei Ziane:42.51,17:Fode Diallo:38.39,18:Gabriel Bernard:34.55
7195,Bordeaux,Perpignan,07/09/2026,1400,2301,1:Mei Dubois:35.34,2:Emma Cisse:40.05,3:Jeanne Taylor:36.01,4:Thao Michel:35.47,5:Jason Wang:57.94,6:Aisha Park:50.32,7:Sara Rodrigues:34.27,8:Jeanne Doan:36.64,9:Theo Santos:49.20,10:Lucia Klein:42.95,11:Zoe Bruno:33.18,12:Yara Laurent:34.37,13:Austin Schmidt:41.24,14:Miguel Yamamoto:40.38,15:Chloe Singh:46.36,16:Isabella Nkosi:40.24,17:Natalia Moore:38.42,18:Minh Smith:45.09,19:Baptiste Pham:49.07,20:Sana Park:37.31,21:Austin Chen:40.56,22:Bilal Kuznetsov:50.59,23:Manon Popov:33.74,24:Rayan Torres:54.60,25:Leila Doan:56.06,26:Kwame Smith:50.72,27:Bilal Le:54.57,28:Wei Chung:52.01,29:Katya Schulz:45.86,30:Alessio Silva:57.19
8234,Reims,Paris,15/10/2026,1400,2239,1:Clement Esposito:51.05,2:Nicolas Miller:42.38,3:Mateo Wang:54.99,4:Youssef Sousa:38.18,5:Jackson Muller:34.51,6:Felix Cisse:38.20,7:Natalia Lefevre:50.35,8:Youssef Chung:57.86,9:Amine Novak:49.26,10:Igor Park:42.56,11:Pablo Mohamed:35.75,12:Eloise Miller:34.93,13:Adrien Moore:49.86,14:Liam Nkosi:54.10,15:Hugo Novak:37.00
5700,Le Mans,Strasbourg,01/11/2026,1800,0345,1:Alessio Schmidt:46.15,2:Lucia Esposito:35.53,3:Arthur Sousa:46.75,4:Isabella Clark:45.66,5:Hazel Khan:52.88,6:Manon Clark:56.39
4220,Le Mans,Reims,05/11/2026,1300,2200,1:Jules Cherif:45.11,2:Sora Silva:50.97,3:Malika Kowalski:40.26,4:Yumi Zimmermann:35.63,5:Karim Bruno:51.88,6:Emi Nkosi:35.02,7:Lucas Novak:56.27,8:Yumi Russo:41.66,9:Corey Lefevre:45.67,10:Zane Johnson:49.14,11:Zachary Gomes:52.75,12:Dylan Perez:35.86,13:Imani Ahmed:36.16,14:Austin Schmidt:48.76,15:Valentine Sato:52.95,16:Yara Rodrigues:37.37,17:Simon Fernandez:35.96,18:Noah Ramirez:55.98,19:Ethan Zhang:39.21,20:Zane Suzuki:,21:Jackson Ramirez:57.83,22:Harper Martin:49.79,23:Romain Gallo:35.70,24:Amine Leroy:48.53,25:Sora Durand:49.29,26:Tristan Durand:47.52,27:Corey Yamamoto:53.49,28:Baptiste Johnson:55.83,29:Pablo Ndiaye:45.93,30:Sora Weber:55.40
2504,Metz,Nantes,15/07/2026,1930,0702,1:Sofia Diop:38.33,2:Hugo Fahmi:37.35,3:Kwame Weber:35.67,4:Liam Pham:54.32,5:Aisha Haddad:51.18,6:Imani Dupont:35.81,7:Gabriel Miller:56.32,8:Kenza Ferrari:34.96,9:Jian Lopez:39.44,10:Tristan Haddad:44.82,11:Silas Martin:35.00,12:Austin Chen:47.65,13:Mateo Huang:48.64,14:Yara Brown:37.45,15:Oceane Robert:34.68,16:Simon Moore:49.45,17:Kai Bianchi:36.70,18:Noah Conti:34.28,19:Gabriel Fahmi:49.42,20:Oceane Vidal:48.12,21:Jian Garcia:53.18,22:Chloe Laurent:50.64,23:Kai Park:36.11,24:Arthur Sousa:51.31,25:Taylor Moore:47.30,26:Taro Pham:54.97
6043,Caen,La Rochelle,23/05/2026,0830,1423,1:Fode Tran:31.13,2:Orion Lefevre:25.36,3:Hugo Leroy:26.09,4:Felix Yamamoto:38.43,5:Orion Pereira:38.71,6:Willow Smith:31.82,7:Kimberly Schmidt:37.39,8:Hazel Singh:32.16,9:Lea Sokolov:32.34,10:Lian Le:29.60,11:Jules Bernard:38.90,12:Jackson Martinez:28.45,13:Akira Zimmermann:25.84,14:Tristan Ivanov:43.73,15:Madison Sylla:36.74,16:Isabella Le:30.41,17:Orion Laurent:32.28,18:Victor Mohamed:36.64
9644,Tours,Caen,19/03/2026,1000,1300,1:Yara Rodrigues:13.60,2:Zane Suzuki:22.14,3:Emma Dupont:15.07,4:Simon Garcia:12.86,5:Ryo Michel:14.11,6:Nicolas Gomes:15.94,7:Sana Kovacs:15.78,8:Daiki Bianchi:20.75,9:Chau Khan:14.66,10:Aki Faure:17.33,11:Simon Ndiaye:18.55,12:Miguel Dupont:,13:Noah Brown:15.96,14:Wei Haddad:18.98,15:Carmen Petrov:17.74,16:Jules Cherif:20.40,17::,18:Daiki Kim:15.15,19:Lea Wilson:16.78,20:Valentine Khelifi:14.11,21:Nicolas Ouattara:,22:Eloise Fahmi:21.48,23:Valentine Davis:15.31,24:Wei Benali:16.35,25:Wei Lopez:17.73,26:Jason Ramirez:13.79,27:Zachary Vo:19.20,28:Rayan Pham:12.63,29:Omar Ouattara:21.90,30::,31:Kai Rossi:13.73,32:Oceane Wang:18.14
8292,Bordeaux,Paris,21/10/2026,0745,1603,1:Paul Muller:41.64,2:Felix Yamamoto:45.37,3:Amandine Faure:40.76,4:Isabella Lopez:48.30,5:Aisha Bruno:46.68,6:Ryan Fournier:39.23,7:Youssef Bianchi:53.70,8:Kenji Weber:46.32,9:Daiki Garcia:55.13,10:Mateo Schulz:54.70,11:Youssef Simon:40.67,12:Chau Diop:36.80,13:Chloe Fernandez:40.04,14:Javier Petrov:43.46,15:Jason Cruz:47.67,16:Rose Ramirez:51.78,17:Nicolas Ferrari:43.86,18:Sana Novak:50.57,19:Fiona Petrov:45.68,20:Daiki Kim:42.35,21:Louis Park:34.02,22:Gabriel Rodrigues:48.20,23:Pablo Liu:50.36,24:Jian Zimmermann:34.40,25:Manon Dubois:50.55,26:Imani Petrov:55.98
7522,Tours,Nantes,11/06/2026,0915,1327,1:Austin Garcia:20.43,2:Nour Tran:33.82,3:Baptiste Wong:34.57,4:Nicolas Ahmed:35.09,5:Kofi Khan:32.09,6:Dylan Rizzo:33.70,7:Katya Wong:36.54,8:Leila Dupont:20.83,9:Willow Cisse:27.27,10:Mei Garnier:21.35,11:Chloe Kovacs:35.85,12:Samira Bruno:22.42,13:Alice Johnson:23.70,14:Nicolas Gomes:36.46,15:Rose Ramirez:32.19,16:Kenza Pereira:29.26,17:Mehdi Sato:30.98,18:Ryan Klein:26.51,19:Lucia Hussein:35.37,20:Jeanne Wang:24.97,21:Ryan Sato:34.05,22:Awa Sato:20.64,23:Finn Vo:23.84,24:Sonia Dupont:35.42,25:Lian Kim:35.28,26:Jian Diop:25.13,27:Rayan Robert:25.58,28:Aicha Santos:26.18,29:Noah Khan:32.75,30:Isabella Park:26.97,31:Sekou Fournier:28.98,32:Kai Bianchi:23.20,33:Zane Kowalski:30.46,34:Eloise Oliveira:29.09,35:Dmitri Vidal:29.52,36:Igor Popov:31.71,37:Gabriel Rodrigues:26.66,38:Santiago Robert:22.86,39:Chau Le:33.49,40:Willow Popov:36.11,41:Aicha Ziane:28.16,42:Kwame Khelifi:34.48,43:Kwame Conti:29.62,44:Ricardo Cruz:30.36,45:Rayan Dubois:29.76,46:Rose Schmidt:23.90,47:Igor Moussa:25.52
2391,Clermont-Ferrand,Strasbourg,15/12/2026,1900,0201,1:Felix Perez:57.80,2:Alessio Ali:45.36,3:Baptiste Ribeiro:42.08,4:Austin Schmidt:36.65,5:Aicha Robert:42.87,6:Valentine Smith:46.40,7:Ethan Dupont:33.29,8:Mateo Huang:39.86,9:Austin Gomes:41.91,10:Alessio Gomes:35.95,11:Manon Taylor:56.96,12:Hana Klein:52.05,13:Leila Johnson:54.19,14:Zoe Novak:41.27,15:Arthur Robert:47.65,16:Taro Wang:55.63,17:Natalia Weber:52.68,18:Yara Kovacs:53.98,19:Wei Ferrari:54.05,20:Sora Weber:47.82,21:Ines Pereira:43.81,22:Pierre Rodriguez:58.32,23:Igor Muller:39.94,24:Wei Chung:48.55,25:Eloise Fahmi:45.63,26:Omar Cisse:34.57,27:Fode Wang:58.15,28:Natalia Fournier:50.50,29:Amandine Conti:46.28,30:Rose Robert:35.85,31:Kenza Traore:56.15,32:Leila Roux:42.08,33:Farah Thomas:56.39,34:Natalia Zhang:40.17,35:Sergei Rossi:37.64,36:Awa Doan:34.55,37:Corey Faure:33.46,38:Jason Yamamoto:52.52,39:Fiona Petrov:57.55,40:Daiki Kim:41.33,41:Akira Fournier:33.89,42:Manon Popov:40.35,43:Chloe Lefevre:52.60
9792,Limoges,Angers,25/12/2026,0800,1150,1:Mehdi Sato:22.97,2:Jules Rizzo:30.69,3:Skylar Petit:31.14,4:Akira Brown:23.00,5:Zachary Thomas:31.06,6:Sara Khelifi:23.18,7:Driss Williams:20.60,8:Youssef Wagner:27.34,9:Sophie Vo:34.23,10:Juan Miller:28.52,11:Corey Weber:22.35,12:Ulysse Sokolov:23.08,13:Felix Khan:30.18,14:Pierre Rodriguez:26.52,15:Noah Suzuki:25.08,16:Mateo Wang:22.41,17:Lea Diallo:21.51,18:Amandine Chung:34.49,19:Margaux Vasiliev:34.10,20:Felix Khan:21.85,21:Jackson Diop:21.82,22:Nicolas Doan:31.52,23:Isabella Lefevre:22.26,24:Baptiste Alves:33.08,25:Omar Moreau:27.33,26:Sora Russo:30.93,27:Austin Haddad:27.28,28:Chau Lee:29.35,29:Pablo Petrov:30.16,30:Minh Doan:23.82,31:Hana Ali:30.66,32:Mehdi Laurent:23.20,33:Adrien Martin:26.66,34:Carmen Miller:34.78,35:Quentin Pereira:28.73,36:Jeanne Doan:32.34,37:Silas Martin:25.62,38:Pierre Morozov:30.86,39:Zola Le:20.35,40:Malika Nguyen:34.02,41:Ryan Moreau:20.28,42:Elsa Garnier:21.58,43:Ulysse Johnson:22.12,44:Emi Lee:33.88,45:Austin Schmidt:33.02,46:Kenji Zimmermann:30.89,47:Nicolas Bernard:26.82,48:Camille Fahmi:27.91,49:Jules Oliveira:32.19
2925,Toulouse,Marseille,29/08/2026,1200,1646,1:Willow Fernandez:31.58,2:Aisha Haddad:34.47,3:Ryo Klein:25.19,4:Bilal Le:25.69,5:Austin Gomes:20.39,6:Aki Huang:35.76,7:Silas Leroy:36.50,8:Fode Fournier:35.44,9:Hassan Liu:24.74,10:Harper Boudjema:31.61,11::,12:Santiago Robert:35.33,13:Lucia Mohamed:24.68,14:Awa Kuznetsov:22.19,15:Lea Michel:32.10,16:Corey Gallo:28.02,17:Olivia Sousa:27.65,18:Ricardo Vidal:33.91,19:Ulysse Liu:30.14,20:Simon Garnier:30.16,21:Youssef Chung:25.81,22:Jackson Kuznetsov:31.51,23:Sofia Kovacs:29.72,24:Kwame Vidal:29.80,25::,26:Ethan Klein:24.12,27:Bjorn Esposito:25.73,28:Clement Wilson:25.83,29::,30:Amandine Moore:31.78,31:Chen Robert:35.52,32:Yasmine Alves:34.85,33:Taro Ziane:26.25,34:Zachary Thomas:26.25,35:Camille Schmidt:35.76
7671,Caen,Dijon,09/12/2026,1700,0017,1:Hugo Ribeiro:44.60,2:Victor Singh:39.54,3:Hassan Liu:41.07,4:Igor Popov:34.00,5:Madison Diop:47.78,6:Oceane Gomez:36.00,7:Sophie Ouattara:39.37,8:Hazel Tran:53.40,9:Mehdi Sato:33.26,10:Taro Gallo:51.03,11:Margaux Chen:35.10,12:Isabella Smith:45.34,13:Gabriel Fahmi:36.14,14:Imani Chung:50.25,15:Pierre Taylor:42.89,16:Noah Lopez:45.62,17:Driss Cruz:31.26,18:Lucas Oliveira:37.26,19:Kenza Schulz:46.22,20:Ricardo Cruz:45.08,21:Bilal Ivanov:36.81,22:Sara Khelifi:49.28,23:Santiago Perez:38.85,24:Austin Thomas:40.94,25:Ulysse Liu:45.88,26:Kofi Petit:35.64,27:Emi Lee:51.76,28:Sonia Huang:36.40,29:Ulysse Nguyen:39.98,30:Hassan Martin:36.27,31:Miguel Novak:52.04,32:Akira Novak:33.35,33:Youssef Bianchi:36.28,34:Paul Pereira:54.49,35:Sara Schmidt:32.75,36:Pablo Mohamed:31.69,37:Louis Simon:39.64,38:Rose Ramirez:36.86,39:Pierre Ziane:37.21,40:Isabella Sanchez:48.74,41:Nala Garnier:35.23,42:Fode Wang:32.51,43:Driss Bernard:44.84
1607,Nice,Bordeaux,03/02/2026,0915,2309,1:Daiki Bianchi:47.79,2:Pierre Garnier:35.73,3:Silas Cherif:37.11,4:Willow Cisse:45.80,5:Clement Wilson:36.53,6:Emi Cisse:34.52
2985,Grenoble,Bordeaux,31/07/2026,1430,2320,1:Samira Khelifi:47.31,2:Pierre Thomas:53.83,3:Manon Popov:34.65,4:Natalia Klein:51.80,5:Leila Roux:37.68,6:Felix Vidal:50.26,7:Malika Moore:36.17,8:Simon Brown:40.26,9:Karim Bruno:41.81,10:Felix Yamamoto:44.10,11:Pierre Ziane:41.45,12:Rayan Pham:49.62,13:Daiki Smith:40.84,14:Arthur Ivanov:48.29,15:Erica Lopez:43.98,16:Camille Moreau:40.05,17:Rose Robert:42.81,18:Adrien Kuznetsov:48.95,19:Ines Haddad:33.03,20:Fode Tanaka:51.86,21:Emma Nguyen:57.41,22:Zane Zhang:58.12,23:Ethan Ramirez:56.44,24:Mei Diallo:37.68,25:Aisha Ali:53.31,26:Fode Wilson:38.92,27:Orion Laurent:33.96,28:Yumi Nkosi:42.60,29:Elsa Garnier:34.58,30:Celeste Bianchi:46.54,31:Simon Ndiaye:50.55,32:Hugo Tran:37.48,33:Fiona Suzuki:37.15,34:Kenza Kim:43.94,35:Elsa Greco:33.50,36:Adrien Moore:39.05,37:Amandine Ali:43.63,38:Corey Michel:48.07,39:Pierre Rodriguez:44.63,40:Ines Kovacs:39.41,41:Kwame Khelifi:56.41,42:Brenda Ouattara:40.91,43:Noah Khan:44.53,44:Zachary Traore:33.23,45:Kenji Khan:39.57,46:Isabella Le:50.39,47:Taylor Fournier:45.40,48:Tristan Popov:37.26,49:Gabriel Sanchez:54.12
5411,Saint-Etienne,Reims,13/07/2026,1630,1943,1:Camille Tran:24.64,2:Chau Wang:24.24,3:Alessio Alves:14.40,4:Zoe Perez:18.95,5:Pierre Ziane:23.16,6:Tristan Wang:18.67,7:Lucas Novak:14.97
5581,Bordeaux,La Rochelle,27/08/2026,1415,1717,1:Ryan Vidal:15.45,2:Omar Singh:17.30,3:Samira Sokolov:26.38,4:Wei Rizzo:15.36,5:Jackson Kim:15.91,6:Taylor Durand:27.55,7:Alessio Moreau:19.83,8:Ulysse Torres:19.52,9:Carmen Miller:24.57,10:Jian Diop:24.61,11:Sophie Sousa:25.65,12:Kwame Weber:25.34,13:Natalia Durand:23.46,14:Aisha Ali:24.83,15:Quentin Novak:17.92,16:Chen Cherif:20.72,17:Felix Klein:15.65,18:Javier Bianchi:19.88,19:Ryo Simon:26.13,20:Brenda Kovacs:20.43
6700,Bordeaux,Rennes,05/10/2026,1200,1532,1:Chen Pereira:24.89,2:Karim Haddad:25.19,3:Ulysse Roux:20.44,4:Camille Fahmi:19.82,5:Zachary Traore:17.89,6:Elsa Ali:23.97,7:Kenji Rizzo:16.58,8:Theo Ferrari:21.05,9:Igor Ali:26.76,10:Jeanne Haddad:15.83,11:Wei Rizzo:20.29,12:Leila Rizzo:21.25,13:Kimberly Huang:20.24,14:Yara Doan:26.83,15:Isabella Fahmi:20.99,16:Adrien Esposito:23.59,17:Hugo Greco:23.16,18:Baptiste Bianchi:20.98,19:Omar Esposito:23.52,20:Imani Fournier:21.59
8543,Lille,Tours,01/10/2026,1000,1416,1:Taro Zimmermann:24.67,2:Sora Silva:23.22,3:Noah Ramirez:35.33,4:Aki Huang:32.89,5:Lucia Vo:35.86,6:Bilal Ivanov:24.55,7:Kai Ahmed:29.22,8:Thao Michel:24.67,9:Youssef Wagner:28.84,10:Minh Tran:30.71,11:Theo Dubois:28.84,12:Eloise Oliveira:33.46,13:Kenza Khelifi:27.19,14:Kofi Khan:27.46,15:Mateo Vasiliev:22.41,16:Fode Wilson:28.95,17:Awa Klein:26.69,18:Oceane Vo:20.39,19:Clement Sato:20.96,20:Karim Sanchez:25.56,21:Hugo Russo:24.60,22:Imani Chung:22.05,23:Lian Garnier:31.36,24:Li Faure:22.73,25:Javier Dupont:22.02,26:Karim Sanchez:31.00
5881,Montpellier,Clermont-Ferrand,06/09/2026,1300,1846,1:Baptiste Rizzo:44.32,2:Zoe Bruno:31.26,3:Rayan Dubois:49.60,4:Noah Schulz:38.15,5:Hana Miller:40.31,6:Noah Gallo:38.71,7:Lucia Klein:31.76,8:Ulysse Morozov:29.19,9:Bjorn Johnson:37.36,10:Dmitri Bruno:43.56,11:Jeanne Kovacs:40.81,12:Quentin Wilson:50.59,13:Harper Ziane:28.94,14:Imani Singh:42.00,15:Miguel Novak:36.77,16:Zane Fernandez:41.55,17:Olivia Alves:28.77,18:Skylar Novak:49.41,19:Emma Almeida:30.39,20:Lucia Esposito:31.85,21:Manon Popov:35.61,22:Kai Roux:33.26,23:Simon Fernandez:34.89,24:Minh Rossi:32.00,25:Austin Garcia:45.55,26:Finn Wilson:34.45,27:Jules Mohamed:33.15,28:Brenda Robert:28.37,29:Samira Morozov:41.66,30:Manon Novak:49.32,31:Sofia Diop:41.83,32:Igor Alves:46.28,33:Santiago Huang:33.71,34:Margaux Conti:34.99,35:Carmen Simon:43.17,36:Chen Yamamoto:35.56,37:Li Faure:40.25,38:Jeanne Haddad:38.21,39:Aicha Kowalski:36.33,40:Igor Muller:32.51,41:Pierre Garnier:28.74,42:Pierre Traore:42.18,43:Nour Fernandez:29.04,44:Sana Liu:30.44,45:Farah Russo:47.07,46:Hazel Laurent:30.32,47:Noah Suzuki:43.67,48:David Le:28.71
5479,Marseille,Perpignan,26/04/2026,1000,1552,1:Camille Morozov:37.67,2:Jeanne Kuznetsov:35.48,3:Fode Wang:38.32,4:Pierre Traore:49.90,5:Ryan Klein:37.00,6:Nala Miller:50.23,7:Nicolas Clark:45.81,8:Rose Schmidt:51.18,9:Ryo Klein:30.70,10:Sergei Vasiliev:36.72,11:Aki Kovacs:51.81,12:Ryan Ziane:47.90,13:Camille Rizzo:51.93,14:Samira Huang:40.84,15:Chau Simon:33.70,16:Eloise Khan:50.43,17:Sekou Greco:35.54,18:Baptiste Richard:43.51,19:Taro Gallo:37.99,20:Adrien Esposito:47.78,21:Natalia Nkosi:29.43,22:Youssef Lopez:31.14,23:Baptiste Roux:38.26,24:Felix Suzuki:35.73,25:Isabella Durand:37.03,26:Mateo Fernandez:35.91,27:Dmitri Bruno:46.45,28:Carmen Liu:41.35,29:Natalia Faure:36.58,30:Bjorn Thomas:48.39,31:David Santos:41.26
3108,Tours,Lyon,13/02/2026,1730,2346,1:Katya Ahmed:31.65,2:Daiki Bianchi:35.57,3:Sara Khelifi:52.35,4:Miguel Schmidt:33.36,5:Lucas Cherif:51.90,6:Farah Diallo:48.07,7:Minh Benali:32.35,8:Brenda Dubois:37.41,9:Emma Martin:46.83,10:Olivia Tanaka:49.69,11:Juan Lopez:44.84,12:Maria Smith:44.57,13:Katya Singh:35.19,14:Nala Sanchez:47.06,15:Youssef Conti:45.76,16:Celeste Bianchi:39.74,17:Simon Nkosi:41.95,18:Farah Boudjema:38.43,19:Alice Leroy:44.43,20:Driss Laurent:44.43,21:Felix Ali:49.64,22:Li Zhang:38.14,23:Harper Vasiliev:34.82,24:Lea Tran:36.64,25:Pierre Moussa:30.38,26:Daiki Martinez:41.61,27:Mei Wagner:44.55,28:Isabella Mohamed:41.37,29:Zoe Rodrigues:47.74,30:David Robert:36.17,31:Ethan Ferrari:50.75
8268,Saint-Etienne,Montpellier,10/09/2026,1415,1912,1:Harper Miller:39.96,2:Isabella Schmidt:34.23,3:Hugo Fahmi:28.96,4:Celeste Boudjema:26.43,5:Yumi Wilson:25.11,6:Margaux Dupont:38.77,7:Samira Wagner:41.12,8:Austin Chen:25.36,9:Sofia Chen:25.95,10:Kwame Brown:40.78,11:Jason Wang:31.40,12:Brenda Robert:27.58,13:Youssef Almeida:40.53,14:Mei Garnier:27.22,15:Aisha Khan:37.71,16:Li Faure:35.13
4247,Nice,Brest,12/10/2026,1645,0803,1:Natalia Durand:42.07,2:Kai Liu:47.16,3:Jules Fernandez:50.29,4:Nala Sanchez:50.49,5:Driss Conti:42.34,6:Hana Pereira:42.45,7:Finn Miller:35.90,8:Katya Yamamoto:42.19,9:Javier Petrov:40.68,10:Aisha Martinez:57.93,11:David Clark:32.86,12:Skylar Rossi:58.14,13:Ines Haddad:47.09,14:Daiki Kim:50.07,15:Kenza Kim:43.31,16:Kai Michel:47.97,17:Minh Doan:33.45,18:Clement Lopez:43.99,19:Jules Park:44.70,20:Ulysse Johnson:45.93,21:Nour Wong:42.32,22:Madison Sylla:48.94
4909,Nantes,Metz,18/04/2026,1330,0038,1:Nicolas Wong:45.63,2:David Robert:52.65,3:Jeanne Petrov:55.54,4:Alice Park:57.32,5:Chau Almeida:42.10,6:Kenza Vidal:57.59,7:Felix Yamamoto:43.50,8:Lian Sokolov:48.83,9:Pierre Lee:51.37,10:Chloe Brown:34.37,11:Zola Torres:43.17,12:Kimberly Huang:46.90
5692,Marseille,Nice,20/10/2026,0700,1113,1:Leila Khan:20.79,2:Eloise Moreau:28.92,3:Eloise Boudjema:29.59,4:Zoe Davis:20.53,5:Kwame Perez:20.07,6:Zane Suzuki:27.08,7:Sekou Hussein:20.27,8:Aki Diop:17.20,9:Paul Pham:19.61,10:Erica Ribeiro:26.23,11:Rose Ramirez:28.58,12:Bilal Ivanov:30.10,13:Isabella Durand:17.65,14:Sora Weber:21.68,15:Ryan Cherif:29.72,16:Eloise Schulz:30.14,17:Hassan Liu:25.89,18:Ines Schulz:29.15,19:Sara Dubois:24.56,20:Katya Khelifi:22.85,21:Zane Morozov:28.73,22:Zola Cherif:20.15,23:Madison Thomas:17.71,24:Baptiste Bianchi:29.49,25:Omar Kovacs:30.59,26:Erica Singh:27.16,27:Skylar Davis:18.34,28:Li Gomes:25.04,29:Lian Cruz:23.00,30:Sara Tran:18.68,31:Farah Rizzo:19.52,32:Olivia Kuznetsov:19.05,33:Hazel Khan:25.70,34:Katya Rodrigues:27.07,35:Ulysse Johnson:18.04,36:Quentin Gomez:27.60,37:Quentin Chung:19.47,38:Celeste Lee:19.06,39:Leila Taylor:21.81,40:Sofia Suzuki:25.35,41:Juan Lopez:25.12,42:Javier Bianchi:27.59,43:Silas Cherif:23.24,44:Gabriel Cherif:28.83,45:Lucas Robert:18.78,46:Adrien Vasiliev:19.24,47:Camille Fahmi:22.57,48:Zola Garcia:21.56,49:Kenza Traore:27.35
8434,Reims,Rennes,07/04/2026,1230,2314,1:Skylar Petit:45.84,2:Pierre Rodriguez:46.49,3:Amandine Wilson:53.75,4:Aki Ivanov:35.04,5:Eloise Popov:,6:Amandine Robert:49.00,7:Baptiste Roux:45.68,8:Carmen Miller:34.68,9:Fiona Doan:45.28,10::,11:Taro Gallo:41.32,12:Nour Smith:58.39,13:Kwame Schulz:55.30,14:Ryan Morozov:46.63,15:Mei Tanaka:42.35,16:Adrien Chung:37.87,17:Adrien Vo:46.46,18:Fode Khelifi:52.07,19::,20:Kenza Vidal:49.79,21:Kwame Brown:41.56,22:Victor Nkosi:57.22,23:Jian Esposito:39.19,24::,25:Driss Perez:37.18,26:Kofi Wilson:42.36,27:Willow Taylor:45.61,28:Sergei Ramirez:54.32
2607,Caen,Montpellier,04/07/2026,1515,0004,1:Miguel Ndiaye:53.54,2:Ulysse Laurent:58.43,3:Pierre Doan:35.18,4:Brenda Kovacs:45.90,5:Emi Park:51.24,6:Rayan Torres:56.23,7:Hana Wagner:41.88,8:Felix Klein:48.71,9:Daiki Dupont:38.60,10:Oceane Boudjema:37.56,11:Kimberly Williams:55.10,12:Minh Le:57.65,13:Kenji Khan:51.94,14:Jian Singh:53.41,15:Nour Wong:56.83,16:David Clark:33.85,17:Javier Dupont:48.94,18:Alessio Haddad:33.54,19:Margaux Khan:40.39,20:Rayan Pham:35.13,21:Minh Rossi:54.73,22:Dylan Rizzo:49.74,23:Imani Fournier:52.11,24:Willow Vo:33.75,25:Orion Davis:43.37,26:Aisha Park:51.94,27:Ryo Chen:38.91,28:Karim Novak:47.92,29:Akira Gomes:53.01,30:Celeste Lee:43.73,31:Karim Zhang:41.10,32:Noah Gallo:40.28,33:Dmitri Vidal:39.10,34:Youssef Almeida:54.69,35:Gabriel Garnier:45.09,36:Zane Klein:54.18,37:Hugo Miller:33.04
7274,Lille,Reims,22/03/2026,1945,0448,1:Kofi Pereira:44.66,2:Aki Huang:44.28,3:Pablo Ziane:52.95,4:Rayan Rodriguez:34.61,5:Hana Wagner:43.15,6:Daiki Dupont:52.28,7:Oceane Bruno:40.74,8:Oceane Singh:55.09,9:Sonia Boudjema:37.59,10:Wei Ribeiro:38.02,11:Skylar Davis:37.67,12:Ulysse Clark:36.76,13:Camille Schmidt:55.48,14:Nala Wang:46.73,15:Malika Kowalski:49.98,16:Hassan Martin:33.28,17:Wei Lopez:49.96,18:Lucia Weber:49.75,19:Margaux Fournier:45.17,20:Silas Davis:49.33,21:Javier Bianchi:58.23,22:Ulysse Torres:56.86,23:Sophie Ouattara:53.63,24:Lian Kim:37.51,25:Romain Lopez:48.33,26:Emma Sokolov:40.71,27:Taylor Smith:49.37,28:Ines Kovacs:47.36,29:Fiona Doan:47.25,30:Zachary Wong:45.81,31:Rose Ramirez:53.41,32:Li Abebe:54.50,33:Awa Laurent:53.46,34:Kenji Clark:33.21,35:Aki Torres:46.83,36:Chau Bianchi:47.92,37:Camille Alves:49.92,38:Ryo Michel:55.13,39:Brenda Garnier:43.96,40:Yasmine Kuznetsov:43.86,41:Silas Martin:56.82,42:Taylor Wilson:54.13,43:Baptiste Rizzo:58.04,44:Theo Kim:56.13,45:Oceane Ouattara:45.24,46:Jeanne Haddad:55.10,47:Jeanne Fahmi:40.01,48:Isabella Clark:49.08,49:Ricardo Vidal:46.90,50:Fode Dubois:40.87
2510,Angers,Toulouse,26/08/2026,2045,,1:Akira Abebe:28.93,2:Corey Weber:42.62,3:Sergei Perez:33.17,4:Brenda Le:37.41,5:Imani Moussa:39.36,6:Aki Bianchi:26.31,7:Omar Ouattara:34.51,8:Alessio Moreau:31.13,9:Natalia Moore:34.96,10:Aicha Wong:25.15,11:Tristan Garnier:41.06,12:Aisha Park:29.68,13:Orion Pereira:36.81,14:Samira Ramirez:36.41,15:Alice Tanaka:40.72,16:Lea Wilson:28.71,17:Aicha Vo:38.39,18:Sergei Dubois:25.86,19:Harper Martin:37.17,20:Zoe Greco:39.90,21:Kenza Kim:41.80,22:Camille Popov:43.77,23:Dylan Roux:43.21,24:Igor Cherif:32.35,25:Igor Chen:26.36,26:Li Gomes:32.43,27:Zoe Popov:40.43,28:Leila Rizzo:35.17,29:Felix Perez:27.08,30:Yumi Russo:35.94,31:Louis Zimmermann:40.62,32:Jackson Silva:35.57
4270,Le Mans,Dijon,20/08/2026,2145,0426,1:Emma Ziane:48.82,2:Malika Robert:40.07,3:Paul Durand:38.21,4:Miguel Diop:37.57,5:Theo Sousa:41.49,6:Sergei Sokolov:29.45,7:Kenza Davis:32.73,8:Driss Dupont:47.58,9:Mateo Novak:45.32,10:Bilal Mohamed:34.82,11:Jian Ali:28.26,12:Valentine Davis:39.87,13:Hazel Singh:48.60,14:Valentine Moreau:28.37,15:Noah Conti:45.42,16:Sekou Hussein:39.66,17:Bjorn Moore:49.60,18:Jeanne Doan:37.22,19:Juan Tran:33.07,20:Sara Tran:33.15,21:Paul Ahmed:41.97,22:Valentine Yamamoto:37.71,23:Youssef Lopez:42.52,24:Elena Gomes:36.59,25:Jeanne Petit:44.52,26:Ethan Cisse:37.33
2544,Tours,Le Mans,08/10/2026,1745,2029,1:Rayan Garcia:22.10,2:Carmen Perez:21.78,3:Jeanne Doan:16.48,4:Noah Brown:18.54,5:Jian Traore:20.07,6:Hassan Diallo:17.20,7:Zachary Moussa:15.60,8:Felix Esposito:15.08,9:Aki Diop:17.78,10:Taro Gallo:,11:Emi Nkosi:18.98,12::,13:Sana Durand:16.63,14:Sekou Yamamoto:16.72,15:Miguel Novak:19.51,16:Jason Khelifi:22.16,17:David Gomez:,18:Aki Kovacs:15.48,19:Zoe Dubois:16.23,20:Igor Cisse:13.59,21:Nicolas Ouattara:18.59,22:Jason Wang:17.81,23:Louis Moussa:22.19,24:Valentine Bianchi:,25:Clement Moore:19.79,26:Li Oliveira:19.13,27:Simon Moore:,28:Corey Gallo:17.12,29::,30::,31:Omar Lopez:22.19
9796,Le Mans,Metz,14/02/2026,2015,0609,1:Valentine Sato:50.99,2:Romain Sylla:42.90,3:Ryo Klein:32.93,4:Romain Lopez:35.88,5:Corey Ramirez:38.19,6:Amandine Fahmi:58.42,7:Chloe Ferrari:41.48
8482,Dijon,Strasbourg,25/07/2026,1345,1914,1:Jian Traore:25.48,2:Baptiste Benali:25.36,3:Alice Alves:37.17,4:Lucia Rodriguez:26.85,5:Driss Cisse:37.12,6:Farah Gallo:28.00,7:Natalia Zhang:37.68,8:Awa Sokolov:37.81,9:Nala Esposito:36.87,10:Mei Ali:28.56,11:Kai Doan:23.13,12:Maria Sylla:38.26,13:Austin Haddad:29.45,14:Santiago Perez:30.03,15:Jeanne Taylor:27.61,16:Awa Kuznetsov:35.72,17:Lucia Rizzo:29.92,18:Akira Torres:33.24,19:Hazel Laurent:25.95,20:Adrien Chung:31.87,21:Malika Brown:30.07,22:Zoe Oliveira:40.22,23:Gabriel Muller:33.92,24:Finn Johnson:35.78,25:Nala Miller:32.15,26:Bjorn Torres:38.83,27:Santiago Clark:27.25,28:Yumi Sanchez:22.82
1431,Caen,Perpignan,16/06/2026,1130,2202,1:Sofia Thomas:36.48,2:Zane Kowalski:44.32,3:Arthur Durand:36.62,4:Gabriel Bernard:41.33,5:Willow Sokolov:36.34,6:Elsa Greco:54.37,7:Isabella Benali:52.62,8:Zane Fernandez:41.06,9:Emi Cisse:40.98,10:Malika Nguyen:34.22,11:Louis Huang:33.05,12:Taylor Khan:40.42,13:Alice Tanaka:34.83,14:Arthur Perez:42.68,15:Jian Clark:45.07,16:Hassan Martin:39.67,17:Jian Ali:53.90,18:Brenda Ouattara:54.42,19:Zane Lee:38.00,20:Felix Garnier:40.32,21:Elsa Conti:44.64,22:Theo Silva:48.45,23:Manon Gomez:41.85,24:Malika Sanchez:49.10,25:Emma Ziane:35.86,26:Silas Clark:32.58,27:Igor Moussa:44.43,28:Silas Ribeiro:49.20,29:Jackson Kim:40.07,30:Igor Ali:34.56,31:Brenda Rizzo:37.18,32:Hana Gallo:41.51,33:Austin Nkosi:35.50,34:Sophie Tran:39.92,35:Nicolas Sanchez:55.72,36:Kwame Smith:51.71,37:Tristan Sousa:44.36,38:Pierre Traore:35.44,39:Ryan Khelifi:48.08,40:Isabella Dupont:36.60,41:Dmitri Bruno:34.62,42:Pierre Ziane:47.86,43:Jeanne Russo:40.45,44:Skylar Laurent:34.59,45:Elena Richard:34.54,46:Corey Ivanov:54.91,47:Thao Moreau:36.64,48:Javier Sato:37.43,49:Ines Doan:58.08,50:Leila Pham:52.58,51:Quentin Fernandez:50.26,52:Rayan Moreau:48.83
6490,Angers,Rennes,24/05/2026,1200,1513,1:Gabriel Fahmi:22.21,2:Jeanne Kovacs:19.04,3:Sophie Chung:12.69,4:Jason Ramirez:13.43,5:Lucia Hussein:18.31,6:Aicha Garnier:21.27,7:Malika Kowalski:13.69,8:Chau Khan:15.63,9:Kenza Martinez:19.27,10:Hugo Thomas:19.39,11:Jules Liu:17.95,12:Amine Cherif:20.45,13:Kwame Wong:22.29,14:Orion Faure:15.61,15:Ryan Rossi:17.13,16:David Fernandez:16.98,17:Yumi Sanchez:14.12,18:Lucas Khelifi:21.58,19:Pablo Pereira:14.18,20:Sergei Sokolov:16.46,21:Isabella Novak:13.71,22:Ricardo Dubois:14.94,23:Javier Zimmermann:15.26,24:Chloe Lefevre:17.22,25:Sora Esposito:22.41,26:Jian Ali:16.50,27:Louis Fernandez:17.12,28:Oceane Gomez:15.92
3744,Strasbourg,Grenoble,04/06/2026,1400,2017,1:Sergei Ramirez:33.18,2:Jeanne Clark:47.03,3:Adrien Garnier:44.82,4:Javier Wilson:47.97,5:Manon Bianchi:37.27,6:Nour Wong:32.92,7:Kenji Simon:46.72,8:Camille Moreau:49.81,9:Ryan Ivanov:49.68,10:Oceane Wang:32.57,11:Manon Popov:38.30,12:Yumi Liu:38.98,13:Erica Morozov:36.27,14:Kofi Cruz:36.22,15:Lian Lee:45.13,16:Paul Kowalski:35.64,17:Clement Wilson:42.57,18:Manon Zimmermann:29.62,19:Li Kowalski:37.88,20:Ryan Klein:34.51,21:David Le:47.83,22:Zola Johnson:35.71,23:Austin Garcia:38.50,24:Natalia Ali:44.65,25:Brenda Dubois:31.05,26:Ulysse Vidal:28.56,27:Jeanne Smith:39.14,28:Kofi Martin:32.21,29:Rayan Perez:45.73
1262,Tours,Brest,04/07/2026,0800,1436,1:Daiki Singh:41.23,2:Camille Schmidt:48.58,3:Simon Wilson:51.64,4:Aicha Vo:31.86,5:Sophie Benali:34.37,6:Chloe Kovacs:37.99,7:Simon Moore:34.50,8:Arthur Ivanov:46.86,9:Jules Mohamed:52.34,10:Hazel Petrov:33.40,11:Chloe Brown:50.24,12:David Thomas:32.53,13:Pierre Moussa:46.79,14:Fiona Greco:31.16,15:Valentine Clark:32.96,16:Tristan Garnier:34.12,17:Madison Tanaka:35.85,18:Pierre Taylor:50.00,19:Jules Rizzo:32.10,20:Natalia Durand:36.18,21:Olivia Alves:34.88,22:Chau Huang:42.51,23:Jeanne Tanaka:35.74,24:Corey Gallo:33.81,25:Santiago Abebe:48.43,26:Imani Ramirez:30.51,27:Lucia Mohamed:47.73,28:Zane Durand:37.22,29:Zola Clark:44.62,30:Ines Rodrigues:36.92,31:Kenza Nkosi:37.48,32:Finn Tran:46.51,33:Silas Davis:46.80,34:Awa Sato:48.79,35:Fiona Cruz:35.00,36:Jules Liu:31.87,37:Minh Rizzo:31.12,38:Liam Rodriguez:42.65,39:Aisha Martinez:36.60,40:Adrien Vasiliev:45.30,41:Javier Kovacs:39.53,42:Corey Michel:44.64,43:Emma Brown:30.91,44:Chloe Fernandez:47.57,45:Samira Russo:51.50,46:Imani Kuznetsov:51.65,47:Daiki Dubois:39.08,48:Awa Schmidt:33.28,49:Omar Lee:42.32,50:Chau Bianchi:43.49,51:Zane Wilson:51.29,52:Ines Doan:39.32,53:Brenda Zimmermann:40.90
6720,Nice,Brest,19/07/2026,2100,1216,1:Simon Le:35.85,2:Lian Garnier:46.81,3:Celeste Muller:39.46,4:Chloe Durand:57.21,5:Carmen Faure:34.57,6::,7:Isabella Le:50.96,8:Hana Pereira:33.40,9::,10:Kenji Weber:34.89,11:Hana Silva:57.49,12:Elsa Park:52.30,13:Paul Pham:,14:Austin Pereira:58.19,15:Sonia Bernard:38.74,16:Ulysse Garnier:48.37,17:Chau Bianchi:51.76,18:Bjorn Greco:,19:Lea Leroy:45.58,20:Hazel Tran:57.80,21:Zachary Haddad:39.74,22:Hazel Fournier:41.31,23:Yara Laurent:45.88,24:Lea Bianchi:52.16,25:Paul Moussa:42.14,26:Paul Davis:,27:Sora Esposito:46.76,28:Rose Moussa:42.20,29:Bilal Kuznetsov:,30:Kimberly Williams:58.28,31:Sekou Cherif:44.00,32:Ryan Khelifi:35.14,33:Javier Wilson:33.40
8621,Limoges,Saint-Etienne,20/10/2026,1900,0029,1:Theo Ferrari:40.02,2:Sekou Haddad:36.52,3:Taro Pham:42.51,4:Leila Vo:25.89,5:Taylor Moore:26.20,6:Kenza Bernard:34.45,7:Alessio Silva:35.41,8:Manon Dubois:29.72,9:Yumi Simon:40.91,10:Aisha Moussa:28.56,11:Felix Perez:37.55,12:Mei Kovacs:30.84,13:Chloe Russo:27.44,14:Zane Davis:43.51,15:Javier Brown:29.86,16:Miguel Pereira:43.47,17:Austin Chen:40.67,18:Minh Doan:34.32,19:Kenza Khelifi:30.50,20:Hugo Fahmi:38.70,21:Jeanne Ahmed:27.03,22:Fiona Doan:28.23,23:Miguel Diop:28.41,24:Skylar Chung:28.35,25:Bjorn Richard:42.45,26:Adrien Vo:29.68,27:Samira Lefevre:35.60,28:Eloise Schulz:45.95,29:Driss Bernard:29.14,30:Willow Taylor:37.01,31:Hazel Traore:41.75,32:Simon Nkosi:36.72,33:Sofia Davis:28.07,34:Igor Popov:39.22,35:Manon Kim:27.09,36:Jason Yamamoto:33.16,37:Pablo Ndiaye:34.73,38:Jason Klein:36.27,39:Hassan Kowalski:44.75,40:Zola Garcia:31.75,41:Leila Dupont:41.24,42:Miguel Sylla:38.44,43:Aicha Kowalski:27.59,44:Romain Michel:41.38
5047,Dijon,Grenoble,28/03/2026,1400,1649,1:Javier Sato:16.43,2:Bilal Le:13.08,3:Sofia Ramirez:18.83,4:Mei Wagner:15.73,5:Taro Gallo:17.43,6:Samira Sokolov:18.55,7:Willow Smith:16.19,8:Simon Chen:12.73,9:Driss Nguyen:18.66,10:Malika Richard:21.26,11:Youssef Popov:13.25,12:David Cherif:21.53,13:Kai Roux:19.67,14:Margaux Conti:15.46,15:Youssef Almeida:14.87,16:Sophie Tran:18.59,17:Leila Johnson:21.69,18:Driss Williams:15.86
2609,Le Mans,Dijon,15/11/2026,0615,1239,1:Olivia Sousa:43.94,2:Imani Diallo:46.83,3:Igor Moussa:34.87,4:Juan Lopez:32.37,5:Zoe Kowalski:43.60,6:Nour Smith:44.84,7:Finn Miller:39.44,8:Sophie Gomez:35.97,9:Brenda Mohamed:35.85,10:Jeanne Wang:42.59,11:Celeste Lee:39.32,12:Javier Wilson:45.53,13:Natalia Klein:31.50,14:Nicolas Ferrari:47.60
3774,Lille,Nantes,27/09/2026,0930,1626,1:Tristan Santos:48.80,2:Jules Bernard:43.70,3:Alessio Lopez:31.73,4:Thao Khan:38.77,5:Farah Russo:49.98,6:Oceane Wang:49.00,7:Harper Ouattara:33.05,8:David Bruno:33.87,9:Daiki Bianchi:34.03,10:Sergei Rossi:29.41,11:Igor Doan:48.96,12:Tristan Wang:41.62,13:Li Gomes:49.82,14:Ricardo Nkosi:41.50,15:Thao Laurent:38.39,16:Lucia Rodriguez:45.61,17:Brenda Garnier:33.52,18:Sofia Davis:45.70,19:Zachary Wilson:46.12,20:Celeste Boudjema:44.04,21:Ricardo Alves:51.17,22:Skylar Rossi:45.96,23:Victor Mohamed:47.81,24:Santiago Ferrari:42.21,25:Zoe Dubois:45.03,26:Chloe Ferrari:36.12,27:Nala Simon:29.78,28:Samira Khelifi:40.21,29:Aicha Kowalski:45.48,30:Alessio Ferrari:29.46
5080,Nice,Paris,16/04/2026,1415,0313,1:Javier Bianchi:54.87,2:Silas Klein:44.42,3:Hugo Leroy:43.69,4:Chloe Wong:51.70,5:Driss Laurent:56.17,6:Lucas Greco:34.09,7:Ryo Doan:50.87,8:Javier Brown:38.50,9:Eloise Schulz:40.05,10:Louis Clark:44.48,11:Mateo Fernandez:45.91,12:Lucia Rizzo:33.02,13:Omar Singh:33.19,14:Rose Smith:52.34,15:Chau Khan:55.87,16:Farah Almeida:45.41,17:Alice Zhang:56.56,18:Igor Cisse:48.81,19:Li Gomez:37.82,20:Zane Lee:39.87,21:Lucas Singh:35.03,22:Jason Ferrari:49.12,23:Minh Benali:36.61,24:Aisha Moussa:50.58,25:Alice Tanaka:49.08,26:Sana Durand:56.70,27:Austin Santos:50.81,28:Fiona Simon:45.39,29:Rose Nkosi:45.46,30:Hugo Novak:38.72,31:Sofia Klein:52.72,32:Adrien Santos:50.87,33:Natalia Faure:43.89,34:Valentine Bianchi:54.55,35:Amine Dupont:42.13,36:Youssef Almeida:43.97,37:Ulysse Roux:53.35,38:Rayan Torres:49.52,39:Corey Nguyen:54.25,40:Ricardo Dubois:42.99,41:Celeste Chung:39.02,42:Amandine Ribeiro:55.62,43:Carmen Liu:43.09,44:Chau Lee:55.85,45:Javier Wang:34.21,46:Harper Dupont:37.99
4841,Perpignan,Paris,06/09/2026,1115,0024,1:Fode Wilson:38.48,2:Eloise Moreau:40.90,3:Amandine Ziane:50.31,4:Felix Perez:47.62,5:Emma Martin:56.66,6:Malika Brown:55.75,7:Manon Popov:45.89,8:Taylor Zhang:41.89,9:Celeste Park:46.01,10:Zane Lee:51.48,11:Olivia Sousa:48.11,12:Chloe Fernandez:38.38,13:Leila Ndiaye:50.57,14:David Cherif:55.13,15:Kenza Kim:41.53,16:Willow Simon:50.88,17:Jules Garcia:36.50,18:Zoe Dubois:45.63,19:Kenji Simon:35.51,20:Farah Wilson:45.03,21:Harper Ramirez:38.64,22:Kenji Leroy:45.41,23:Katya Almeida:37.16,24:Baptiste Wong:46.42,25:Adrien Vo:33.75,26:Wei Lee:42.07,27:Manon Moreau:37.34
5370,Montpellier,Nice,25/08/2026,1545,2141,1:Pierre Diallo:39.75,2:Imani Alves:38.11,3:Driss Oliveira:25.95,4:Aki Kovacs:38.38,5:Awa Cisse:40.75,6:Camille Wang:27.19,7:Thao Moreau:40.74,8:Dylan Roux:35.65,9:Elsa Singh:45.23,10:Samira Tran:42.30,11:Gabriel Diop:30.47,12:Kenza Garnier:41.74,13:Camille Tran:40.37,14:Zoe Fahmi:30.34,15:Aki Vo:36.78,16:Brenda Dubois:36.23,17:Harper Ramirez:29.65,18:Chloe Smith:43.30,19:Erica Tanaka:26.92,20:Alessio Ouattara:44.34,21:Arthur Wong:38.72,22:Javier Schmidt:37.58,23:Willow Smith:28.76,24:Ethan Ramirez:43.23,25:Rayan Conti:27.67,26:Mei Dupont:40.34,27:Brenda Dubois:34.75,28:Juan Greco:36.40,29:Javier Zimmermann:35.21,30:Hana Klein:31.17,31:Katya Lee:40.14
6334,Saint-Etienne,Brest,16/08/2026,1800,0250,1:Juan Petit:,2:Nour Morozov:51.45,3:Aki Ribeiro:44.03,4:Zachary Traore:34.78,5:Carmen Petrov:57.01,6:Brenda Dubois:,7:Baptiste Johnson:36.91,8:Amine Durand:41.83,9:Ethan Cisse:47.44,10::,11:Ryo Doan:52.07,12:Felix Klein:58.14,13:Miguel Ndiaye:54.45,14:Katya Lee:41.59,15:Victor Huang:39.42,16:Minh Benali:47.82,17:Chloe Garcia:51.87,18:Sara Khan:35.09,19:Amandine Le:38.43,20:Elena Lopez:,21:Wei Lopez:35.09,22:Rayan Novak:50.65,23:Tristan Diop:37.23
4292,Tours,Nantes,23/06/2026,1830,2311,1:Omar Kovacs:31.96,2:Nala Moore:31.68,3:Madison Tran:25.41,4:Nala Dupont:19.79,5:Kofi Roux:30.07,6:David Esposito:28.73,7:Nicolas Khelifi:23.01,8:Sana Durand:20.06,9:Nour Cruz:27.12,10:Aki Vo:34.96,11:Ethan Torres:22.45,12:Hana Gallo:30.29,13:Brenda Zimmermann:34.97,14:Louis Fernandez:27.96,15:Hugo Fahmi:33.46,16:Alice Johnson:20.58,17:Willow Kim:31.37,18:Youssef Almeida:23.21,19:Santiago Miller:20.09,20:Elsa Bianchi:26.68
7199,Marseille,Tours,15/02/2026,1415,2240,1:Clement Cherif:57.38,2:Igor Muller:52.16,3:Samira Wagner:36.78,4:Celeste Boudjema:48.22,5:Isabella Lopez:50.97,6:Imani Williams:41.37,7:Fiona Suzuki:38.89,8:Hugo Leroy:49.28,9:Hassan Kowalski:56.42,10:Austin Chen:54.42,11:Mehdi Sato:48.18,12:Sora Durand:33.39,13:Lucia Rodriguez:46.55,14:Kenji Rizzo:39.11,15:Katya Santos:33.84,16:Skylar Richard:55.74,17:Imani Bernard:45.45,18:Leila Vidal:51.12,19:Chloe Smith:36.34,20:Erica Morozov:53.03,21:Imani Singh:41.20,22:Alice Hussein:51.29,23:Lian Kim:36.77,24:Thao Laurent:33.93,25:Jian Lopez:43.20,26:Baptiste Sousa:38.15,27:Li Le:37.67,28:Ulysse Liu:41.41,29:Li Wilson:53.09
5269,La Rochelle,Clermont-Ferrand,22/11/2026,1845,0059,1:Omar Ouattara:32.18,2:Jason Traore:29.65,3:Nicolas Sanchez:30.84,4:Sophie Tran:47.16,5:Corey Robert:40.40,6:Manon Kim:45.43,7:Sofia Diop:41.23,8:Kai Rossi:43.95,9:Erica Tanaka:49.66,10:Quentin Santos:46.74,11:Liam Pham:30.64,12:Romain Santos:49.26,13:Amandine Perez:32.82,14:Elena Laurent:34.87,15:Baptiste Santos:48.69,16:Harper Ouattara:32.90,17:Chloe Novak:36.37,18:Brenda Kovacs:36.99,19:Chen Wong:45.04,20:Awa Schmidt:41.09,21:Rayan Pham:44.36,22:Amandine Ali:41.16,23:Orion Laurent:43.90,24:Gabriel Park:43.07,25:Pablo Liu:48.95,26:Wei Leroy:46.37,27:Theo Gomes:49.56
6732,Montpellier,Lille,01/09/2026,1545,0144,1:Zoe Ali:47.53,2:Sophie Benali:53.83,3:Akira Novak:33.64,4:Akira Miller:51.34,5:Kimberly Williams:54.08,6:Theo Kim:45.17,7:Jeanne Wang:33.07,8:Leila Wilson:42.53,9:Pierre Yamamoto:48.95,10:Emi Wagner:34.93,11:Clement Esposito:39.44,12:Youssef Sousa:41.72,13:Ethan Dupont:56.46,14:Adrien Vasiliev:52.32,15:Emi Nkosi:50.42,16:Valentine Chung:33.46,17:Olivia Wong:34.76,18:Oceane Kuznetsov:39.54,19:Hazel Schmidt:36.67,20:Arthur Cisse:42.31,21:Awa Schmidt:47.17,22:Aki Torres:34.55,23:Noah Lopez:42.05,24:Zachary Wilson:45.67,25:Kwame Wong:35.50,26:Kenza Garnier:40.78,27:Pablo Richard:49.27,28:Hassan Bruno:48.67,29:Aicha Santos:44.68,30:Erica Vo:38.65,31:Skylar Rossi:42.59
1782,Toulouse,Perpignan,10/03/2026,0900,1235,1:Jules Lopez:25.74,2:Lea Conti:20.83,3:Karim Faure:17.31,4:Driss Cisse:18.05,5:Sofia Diop:15.90,6:Rose Schmidt:22.08,7:Elsa Martin:,8:Margaux Ribeiro:17.70,9:Quentin Chen:17.66,10:Oceane Bruno:16.78,11:Yara Kovacs:19.93,12:Amandine Johnson:23.37,13:Farah Rizzo:21.36,14:Alessio Ferrari:22.42,15:Ricardo Alves:22.93,16:Oceane Bernard:26.61,17:Baptiste Richard:,18:Amandine Cisse:,19:Sekou Ziane:17.33,20:Jeanne Doan:22.55,21:Santiago Miller:23.44,22:Nala Moore:19.97,23:Celeste Bianchi:22.67,24:Yara Laurent:16.23,25::,26:Skylar Novak:18.36,27:Lea Sokolov:16.58,28:Kenji Mohamed:19.59,29:Amine Leroy:24.90,30:Zane Bernard:26.24,31:Yumi Russo:,32:Theo Bruno:22.71,33:Baptiste Alves:22.78,34:Karim Nguyen:23.28,35:Sofia Ribeiro:18.60,36:Sana Vo:26.65,37:Daiki Clark:23.15,38:Ryan Moreau:22.92,39:Mei Kovacs:25.64,40:Mateo Novak:18.44,41:Quentin Ali:19.70,42:Margaux Khan:19.71,43:Zoe Fahmi:,44:Gabriel Rodrigues:23.14,45:Olivia Ribeiro:20.33,46:Lea Brown:22.03,47:Valentine Khelifi:18.32,48:Austin Wang:17.17
9148,Reims,Grenoble,09/10/2026,1800,2223,1:Quentin Pereira:31.53,2:Natalia Sylla:31.07,3:Jules Garcia:33.26,4:Paul Chen:22.28,5:Orion Russo:32.13,6:Emi Schulz:32.66,7:Minh Smith:38.31,8:Yumi Zimmermann:36.24,9:Skylar Laurent:25.84,10:Elena Diop:25.06,11:Bjorn Moreau:22.10,12:Ines Doan:30.83,13:Nour Cruz:36.15,14:Kimberly Williams:24.42,15:Aki Rodriguez:37.30,16:Jason Kowalski:36.94,17:Hugo Tran:25.77,18:Ryan Williams:23.34,19:Fiona Davis:26.26,20:Leila Dupont:38.53,21:Sofia Lee:35.21,22:Santiago Sousa:37.47,23:Chau Zimmermann:31.68,24:Austin Doan:29.25,25:Alice Johnson:34.55,26:Wei Leroy:25.10,27:Arthur Cherif:29.54,28:Imani Chung:27.51,29:Kofi Petit:36.23,30:Ryan Benali:36.36,31:Jian Ramirez:32.93,32:Fode Wilson:38.99,33:Katya Ahmed:22.42,34:Zane Abebe:34.41,35:Imani Petrov:26.10,36:Lian Pereira:35.58,37:Harper Boudjema:35.23,38:Kenji Leroy:31.26,39:Ethan Smith:34.06,40:Louis Fernandez:22.83,41:Santiago Sanchez:24.08
3536,Limoges,Nantes,18/09/2026,1630,2154,1:Felix Garcia:38.78,2:Leila Taylor:35.50,3:Sophie Ali:32.39,4:Rose Perez:38.13,5:Willow Cisse:42.20,6:Paul Pham:38.99,7:Willow Tanaka:35.59,8:Lea Leroy:36.32,9:Mei Sanchez:47.17,10:Daiki Wang:,11:Nour Wong:46.56,12:Mateo Kuznetsov:33.78,13::,14:Simon Taylor:28.28,15:Alessio Alves:35.74,16:Lian Garnier:47.64,17:Pierre Rodriguez:,18:Noah Hussein:46.95,19::,20:Sara Khelifi:43.13,21:Finn Kovacs:36.12,22:Dmitri Hussein:44.37,23:Nour Cruz:38.80,24:Karim Sanchez:30.94,25:Maria Garnier:29.21,26:Malika Le:34.01,27:Aicha Ndiaye:36.47,28:Chen Sanchez:29.80,29:Corey Nguyen:39.98,30:Lucia Kuznetsov:43.68,31:Rose Martin:46.62,32:Ethan Roux:45.79,33:Taro Gallo:27.00
7066,Le Mans,Nice,12/03/2026,1500,0133,1:Zane Lee:56.76,2:Yumi Zimmermann:57.65,3:Rose Moussa:55.59,4:Harper Kuznetsov:35.56,5:Oceane Almeida:40.83,6:Chen Ziane:33.58,7:Zola Diop:46.46,8:Mateo Benali:41.75,9:Alice Johnson:53.75,10:Amine Cherif:45.03,11:Sergei Vasiliev:47.05,12:Juan Miller:36.72,13:Willow Tanaka:41.25,14:Omar Moreau:47.74,15:Ricardo Rodriguez:41.08,16:Gabriel Bernard:33.23,17:Theo Silva:45.12,18:Jian Robert:45.63,19:Sekou Fournier:35.71,20:Aki Rodriguez:52.37,21:Mei Sanchez:55.24,22:Alice Johnson:40.83,23:Chau Khan:35.87,24:Noah Lopez:38.65,25:Natalia Cruz:33.01,26:Karim Sanchez:52.33,27:Taylor Khan:39.41
1195,Marseille,Perpignan,27/06/2026,2015,0151,1::,2:Samira Wong:40.56,3:Finn Diallo:39.08,4:Ines Dubois:25.32,5:Taylor Kim:25.68,6:Natalia Durand:35.48,7:Sara Cruz:31.87,8:Chloe Novak:32.35,9:Yumi Liu:30.34,10:Silas Davis:23.78,11:Lian Pereira:27.86,12:Jeanne Wagner:34.45,13:Sekou Fournier:38.52,14:Jian Ali:26.06,15:Mehdi Roux:35.78
9300,Dijon,Caen,05/04/2026,1245,1915,1:Taylor Silva:36.13,2:Pablo Wang:29.58,3:Hassan Martin:38.13,4:Margaux Conti:45.56,5:Pierre Yamamoto:46.91,6:Margaux Vasiliev:42.34,7:Celeste Lee:30.68,8:Daiki Gomez:27.42,9:Willow Sokolov:29.14,10:Rose Mohamed:46.50,11:Aisha Ali:45.37,12:Chau Wang:45.20,13:Gabriel Cherif:37.41,14:Louis Sanchez:42.31,15:Nala Wang:30.96,16:Akira Fournier:31.71,17:Kenji Cherif:43.68,18:Nicolas Sanchez:29.40,19:Leila Leroy:32.13
4273,Nice,Toulouse,01/10/2026,1930,0256,1:Bjorn Richard:45.32,2:Maria Traore:33.64,3:Katya Santos:38.34,4:Imani Rodriguez:53.21,5:Isabella Novak:56.50,6:Kenza Vidal:45.98,7:Sergei Ramirez:54.49,8:Chau Diop:50.08,9:Arthur Durand:55.66,10:Santiago Sanchez:50.00,11:Kenji Cherif:43.26,12:Rayan Novak:40.19,13:Adrien Vasiliev:42.03,14:Jules Cherif:37.08,15:Jeanne Tanaka:36.62,16:Rayan Dubois:36.36,17:Chloe Kim:41.46,18:Manon Nkosi:53.39,19:Alessio Gomes:43.42,20:Yumi Sanchez:56.07,21:Lucas Simon:35.34,22:Eloise Boudjema:41.92,23:Taylor Kim:56.32,24:Aisha Moussa:35.86,25:Farah Pereira:43.18,26:Aisha Ali:34.12,27:Zola Torres:51.69,28:Louis Fernandez:49.83,29:Farah Almeida:34.99,30:Margaux Fournier:36.12,31:Li Zhang:36.99,32:Zachary Wilson:56.47,33:Sophie Cruz:34.96
4191,Metz,Rouen,30/07/2026,1300,2150,1:Nicolas Ferrari:55.32,2:Sofia Davis:47.64,3:Pierre Doan:44.35,4:Felix Nguyen:34.23,5:Felix Khan:45.31,6:Jian Garcia:57.47,7:Fiona Cruz:49.35,8:Kofi Ndiaye:37.26,9:Fiona Simon:54.98,10:Yara Kovacs:48.00,11:Felix Lefevre:38.05,12:Paul Diop:40.17,13:Chloe Traore:42.49,14:Chloe Brown:56.26,15:Valentine Rizzo:49.42,16:Margaux Schmidt:37.91,17:Hassan Diallo:40.74,18:Isabella Lefevre:41.96,19:David Santos:48.40,20:Emma Miller:48.28,21:Bjorn Tran:52.79,22:Finn Cisse:42.39,23:Jules Miller:35.55,24:Wei Kim:50.73,25:Karim Liu:37.23,26:Sofia Kovacs:38.08,27:Amandine Perez:45.35,28:Nour Wang:57.19,29:Skylar Davis:51.10,30:Natalia Morozov:46.75,31:Liam Santos:50.54,32:Leila Vidal:35.08,33:Kai Michel:36.76,34:Erica Tanaka:41.47,35:Rayan Conti:54.10,36:Hugo Thomas:43.68,37:Olivia Ivanov:38.00,38:Akira Rossi:47.87,39:Emma Ziane:37.92,40:Felix Cisse:52.28,41:Baptiste Schmidt:35.60,42:Emma Almeida:56.89,43:Kenza Davis:54.56,44:Akira Miller:38.24,45:Leila Pham:50.43,46:Thao Khan:46.72,47:Miguel Diop:40.40,48:Ethan Ramirez:46.31,49:Ulysse Dupont:43.34
5352,Paris,Nantes,12/03/2026,1000,1653,1:Yara Rodrigues:38.98,2:Lea Wilson:52.37,3:Yasmine Zhang:50.37,4:Sora Russo:41.90,5:Sonia Ahmed:33.22
8472,Nice,Dijon,01/08/2026,1500,2241,1:Chau Kovacs:52.45,2:Austin Gomes:57.23,3:Lea Roux:46.29,4:Sana Liu:42.62,5:Malika Suzuki:36.03,6:Felix Muller:53.76,7:Akira Rossi:43.99,8:Lian Ferrari:42.44,9:Baptiste Pham:51.65,10:Sofia Pham:45.75,11:Kenji Rizzo:42.05,12:Chloe Ferrari:49.69,13:Ines Pereira:57.58,14:Yara Hussein:47.50,15:Jian Robert:50.13,16:Arthur Khan:44.98,17:Baptiste Wong:40.49,18:Jason Greco:55.74,19:Willow Khelifi:36.57,20:Imani Alves:50.00,21:Harper Boudjema:46.00,22:Daiki Bianchi:47.27,23:Natalia Mohamed:50.68,24:Sonia Michel:47.32,25:Driss Laurent:35.27,26:Hassan Pham:42.51,27:Jeanne Kovacs:43.11,28:Sophie Taylor:33.26,29:Jackson Silva:54.31
1137,Limoges,Toulouse,28/12/2026,2100,0257,1:Theo Yamamoto:49.56,2:Rayan Dubois:34.97,3:Carmen Faure:50.54,4:Camille Santos:40.69,5:Oceane Lee:44.18,6:Camille Tran:32.51,7:Nour Morozov:32.67,8:Austin Chen:31.13,9:Karim Novak:35.96,10:Romain Sylla:36.30,11:Olivia Weber:30.54,12:Simon Yamamoto:30.70,13:Madison Sylla:50.19,14:Minh Fahmi:39.59,15:Isabella Benali:44.76,16:Ines Sokolov:42.00,17:Adrien Moore:34.88,18:David Fernandez:39.44,19:Corey Laurent:44.30,20:Harper Miller:50.33,21:Natalia Sylla:32.63,22:Ethan Dupont:46.03,23:Simon Le:45.01,24:Hugo Leroy:41.97,25:Sekou Yamamoto:35.75,26:Mateo Oliveira:35.47,27:Igor Park:44.57,28:Bjorn Thomas:44.51,29:Fode Khelifi:38.46,30:Alessio Oliveira:32.84,31:Zoe Greco:42.73,32:Alessio Schulz:33.30
1938,Angers,Grenoble,16/09/2026,1515,2136,1:Theo Tanaka:43.48,2:Nala Fournier:40.90,3:Tristan Schmidt:43.45,4:Paul Muller:32.31,5:Amandine Chung:49.94,6:Eloise Weber:48.02,7:Lucas Clark:45.80,8:Jeanne Smith:52.57,9:Silas Torres:33.09,10:Karim Bruno:48.78,11:Driss Laurent:40.23,12:Yara Cisse:36.72,13:Pablo Petrov:45.05,14:Dmitri Russo:30.62,15:Isabella Schmidt:43.12,16:Manon Gomes:47.82,17:Margaux Garnier:52.77,18:Carmen Perez:52.19,19:Jackson Kim:46.02,20:Ricardo Rodriguez:35.01,21:Austin Haddad:50.63,22:Yumi Sanchez:40.72,23:Bilal Mohamed:33.78,24:Amine Dupont:32.75,25:Noah Gallo:33.84,26:Minh Rizzo:32.76
9618,Perpignan,Nice,15/04/2026,1400,2247,1:Manon Ouattara:45.39,2:Alessio Haddad:40.14,3:Erica Sokolov:33.96,4:Li Gomes:38.41,5:Nicolas Clark:44.79,6:Felix Perez:34.11,7:Kenza Chen:55.80,8:Mehdi Richard:57.80,9:Bjorn Esposito:43.90,10:Sana Martin:49.78,11:Fode Almeida:57.56,12:Taylor Klein:43.95,13:Santiago Sousa:47.54,14:Ryan Moreau:38.67,15:Imani Williams:47.73,16:Romain Schulz:36.03,17:Pierre Moussa:37.08,18:Manon Clark:40.22,19:Felix Khan:37.10,20:Bilal Gallo:43.69,21:Kenji Boudjema:58.30,22:Jian Torres:44.43,23:Erica Cruz:42.45,24:Driss Ziane:42.46,25:Jian Ali:55.72,26:Juan Tran:41.81,27:Corey Taylor:33.44,28:Pablo Richard:48.48,29:Isabella Lefevre:35.67,30:Tristan Diop:37.99,31:Carmen Fernandez:37.48,32:Willow Tanaka:37.93,33:Kofi Pereira:55.94
6792,Metz,Toulouse,11/07/2026,1230,2122,1:Natalia Mohamed:39.99,2:Chen Yamamoto:36.47,3:Juan Lopez:35.16,4:Amandine Faure:57.58,5:Valentine Sato:47.08,6:Sekou Ahmed:39.85,7:Dmitri Wagner:36.31,8:Jian Fahmi:46.22,9:Samira Martin:54.22,10:Lucia Diop:46.91,11:Silas Miller:51.68,12:Elena Diallo:35.31,13:Ryo Doan:45.71,14:Fode Tran:39.23,15:Juan Greco:47.15,16:Kenza Khelifi:48.97,17:Bilal Kuznetsov:38.13,18:Kenza Bernard:52.50,19:Gabriel Lee:45.97,20:Amine Rizzo:35.80,21:Amandine Johnson:33.17,22:Felix Muller:33.77,23:Juan Roux:34.04,24:Samira Huang:46.29,25:Willow Sokolov:57.65,26:Manon Bianchi:56.69,27:Baptiste Roux:52.24,28:David Le:34.88,29:Chau Diop:52.54,30:Aisha Traore:32.88,31:Lian Cruz:37.13,32:Margaux Durand:50.28,33:Fode Khelifi:48.10
6811,Reims,Montpellier,18/12/2026,0900,1451,1:Alice Zhang:30.85,2:Zane Suzuki:41.45,3:Quentin Santos:40.13,4:Silas Martin:31.27,5:Li Le:47.31,6:Jeanne Kovacs:37.39,7:Celeste Lopez:36.34,8:Pierre Wagner:39.93,9:Sonia Diallo:44.05,10:Hassan Diallo:49.59,11:Jeanne Wang:28.79,12:Malika Sousa:30.59,13:Tristan Popov:42.77,14:Hassan Gomez:41.35,15:Sana Lee:30.68,16:Ines Rodrigues:37.31,17:Louis Simon:49.26,18:Aki Torres:40.46,19:Thao Moreau:41.89,20:Clement Esposito:27.96,21:Jeanne Taylor:31.62,22:Romain Michel:35.61,23:Emma Moussa:46.50,24:Hazel Laurent:28.32,25:Silas Cherif:35.92,26:Emma Cisse:38.02,27:Amine Lefevre:43.29,28:Aki Cisse:48.93,29:Yasmine Pereira:44.24,30:Ethan Ramirez:35.63,31:Javier Richard:45.37,32:Oceane Rodriguez:39.78,33:Camille Ramirez:47.34,34:Baptiste Thomas:33.44,35:Gabriel Fahmi:41.51,36:Quentin Wilson:45.48,37:Sofia Leroy:33.54,38:Gabriel Cherif:27.88,39:Amandine Haddad:45.05,40:Amandine Robert:39.89,41:Leila Pham:37.55,42:Baptiste Rossi:40.09,43:Kofi Dubois:35.91,44:Erica Tanaka:33.04,45:Alice Tanaka:40.36,46:Mehdi Zhang:47.81,47:Amandine Ribeiro:30.61,48:Akira Brown:37.29
3268,Strasbourg,Limoges,23/05/2026,1445,,1:Jules Miller:49.04,2:Kenza Martinez:50.62,3:Maria Petrov:37.96,4:Dmitri Vidal:33.29,5:Jules Cruz:35.44,6:Lea Roux:56.13,7:Noah Hussein:42.12,8:Olivia Alves:33.30,9:Ulysse Nguyen:49.25,10:Rayan Torres:39.79,11:Celeste Muller:52.76,12:Awa Klein:34.11,13:Chloe Laurent:50.55,14:Elena Sousa:43.72,15:Olivia Ivanov:49.90,16:Dmitri Silva:50.49,17:Daiki Sousa:45.21,18:Lian Pereira:39.89,19:Alice Park:50.42,20:Jackson Wang:44.80,21:Kenza Perez:40.09,22:Dmitri Bruno:33.21,23:Hugo Leroy:46.38,24:Alice Leroy:53.52,25:Rayan Rodriguez:58.15,26:Hugo Novak:38.23,27:Chloe Kuznetsov:39.37,28:Li Schmidt:50.41,29:Sonia Kovacs:37.79
6344,La Rochelle,Angers,10/04/2026,2145,2356,1:Valentine Martinez:19.57,2:Simon Ahmed:18.12,3:Zachary Haddad:15.97,4:Olivia Alves:18.42,5:Corey Laurent:21.39,6:Chen Nguyen:18.58,7:Clement Esposito:15.58,8:Austin Moore:17.13,9:Farah Rizzo:16.70,10:Tristan Diop:15.95,11:Lucia Klein:18.05,12:Willow Popov:19.75,13:Nicolas Khelifi:21.57,14:Hazel Singh:20.85,15:Taro Clark:15.07,16:Madison Sylla:17.86,17:Natalia Nkosi:13.94,18:Hassan Pham:15.88,19:Amandine Perez:15.88,20:Hazel Ribeiro:12.88,21:Driss Ziane:18.30,22:Aki Diop:16.00,23:Alice Park:17.61,24:Tristan Moreau:15.11,25:Dmitri Lee:19.74,26:Rose Yamamoto:15.48,27:Dylan Petrov:21.79,28:Yara Laurent:14.51,29:Ines Pereira:12.91,30:Eloise Sanchez:13.97,31:Jian Zimmermann:18.11,32:Pierre Cruz:17.94,33:David Santos:21.62
8508,Bordeaux,Saint-Etienne,19/09/2026,1700,0100,1:Chloe Kovacs:56.31,2:Adrien Martin:55.22,3:Mei Sanchez:52.81,4:Sophie Gomez:34.01,5:Daiki Dubois:44.87,6:Dylan Petit:35.61,7:Lucas Clark:49.94,8:Romain Gallo:43.17,9:Mateo Abebe:36.74,10:Emma Sokolov:36.99,11:Baptiste Pham:53.18,12:Fiona Cruz:44.75,13:Lian Le:52.26,14:Chloe Morozov:49.49,15:Finn Russo:53.05,16:Mei Ziane:52.84,17:Nala Moore:51.92,18:Elsa Singh:49.42,19:Taro Wilson:33.61,20:Manon Yamamoto:36.71,21:Sophie Vo:50.53,22:Rose Yamamoto:51.90,23:Hugo Russo:43.30,24:Igor Moussa:42.21,25:Malika Robert:34.31,26:Natalia Nkosi:50.14
8616,Montpellier,Rouen,20/08/2026,0730,1701,1:Finn Davis:57.31,2:Jules Martin:44.21,3:Zoe Huang:41.79,4:Akira Chen:57.56,5:Ryo Perez:35.22,6:Fode Boudjema:58.11,7:Sofia Leroy:55.32,8:Jason Ndiaye:41.87,9:Baptiste Benali:50.20,10:Pierre Diop:53.94,11:Katya Yamamoto:57.39,12:Imani Chen:50.86,13:Ryo Esposito:48.98,14:Lucas Doan:35.94,15:Paul Moussa:38.08,16:Quentin Ali:41.92,17:David Santos:42.76,18:Felix Ivanov:44.64,19:Tristan Haddad:39.30,20:Camille Tran:47.97,21:Kenji Clark:46.38,22:Nour Brown:51.69,23:Austin Chen:44.67,24:Rayan Torres:33.65,25:Victor Khelifi:37.69,26:Zachary Haddad:43.96,27:Elena Gomes:49.59,28:Amandine Wilson:32.52,29:Ulysse Wang:33.77,30:Lucas Klein:55.75,31:Mateo Fernandez:55.12,32:Natalia Morozov:57.01,33:Samira Bruno:52.22
8141,Dijon,Saint-Etienne,07/12/2026,2230,0154,1:David Ferrari:22.88,2:Bilal Le:26.18,3:Lucia Simon:20.67,4:Pierre Wagner:19.00,5:Driss Williams:26.05,6:Skylar Gallo:23.46,7:Hugo Miller:20.72,8:Nour Russo:16.34,9:Karim Haddad:20.26,10:Igor Muller:23.59,11:Leila Khan:25.01,12:Amine Torres:25.99,13:Elena Russo:17.70,14:Ryan Rodriguez:24.48,15:Youssef Morozov:22.33,16:Clement Wilson:26.05,17:Simon Garnier:25.69,18:Arthur Cisse:26.11,19:Minh Sanchez:26.00,20:Amine Durand:22.89,21:Hassan Singh:23.49,22:Pierre Almeida:16.50,23:Austin Santos:17.38,24:Rose Mohamed:26.84,25:Harper Vasiliev:24.17,26:Louis Huang:22.36,27:Ulysse Schulz:23.44,28:Pierre Doan:22.12,29:Kenza Weber:16.39,30:Mei Tanaka:15.43,31:Imani Alves:18.97,32:Karim Fahmi:17.88,33:Sonia Greco:17.08,34:Corey Faure:16.34,35:Sara Cruz:16.62,36:Baptiste Sanchez:22.50,37:Leila Vidal:16.87,38:Brenda Garnier:16.98,39:Ines Doan:20.61,40:Aicha Wang:22.50,41:Aicha Vidal:26.81,42:Yara Cisse:20.59,43:Malika Brown:15.55,44:Jackson Diop:16.31
5186,Rennes,Paris,19/02/2026,1300,1827,1:Yumi Wilson:46.29,2:Thao Khan:44.15,3:Minh Novak:36.81,4:Driss Cisse:29.68,5:Omar Kovacs:44.26,6:Alice Park:36.42,7:Emma Taylor:39.58,8:Jules Bernard:41.20,9:Madison Tran:32.44,10:Karim Zhang:45.71,11:Youssef Sousa:36.52,12:Orion Simon:47.43,13:Brenda Zimmermann:35.11,14:Imani Dupont:47.61,15:Ethan Dupont:38.81,16:Silas Davis:36.12,17:Samira Russo:47.36,18:Miguel Schmidt:33.69,19:Yasmine Alves:42.90,20:Amine Rizzo:48.51,21:Madison Santos:37.81,22:Baptiste Thomas:33.08,23:Hassan Kowalski:41.53,24:Sergei Perez:27.73,25:Ines Pereira:40.65,26:Silas Ziane:40.76,27:Nala Garnier:32.63,28:Ryo Bruno:31.70,29:Farah Pereira:29.19
7333,Bordeaux,Paris,27/07/2026,1230,2130,1:Jeanne Haddad:,2:Imani Ahmed:55.32,3:Valentine Clark:56.97,4:Oceane Kuznetsov:58.27,5:Maria Torres:47.82,6:Aki Cisse:32.87,7:Aicha Wong:37.32,8:Jules Bruno:35.77
7547,Clermont-Ferrand,Nice,16/07/2026,1830,0240,1:Theo Tanaka:54.12,2:Felix Vidal:55.16,3:Willow Simon:51.20,4:Yumi Wilson:38.65,5:Akira Zimmermann:34.01,6:Sekou Hussein:55.55,7:Harper Ramirez:53.89,8:Alice Dupont:40.44,9:Mehdi Roux:38.39,10:Manon Ouattara:48.45,11:Fiona Doan:36.99,12:Ryo Chen:39.44,13:Kofi Williams:46.03,14:Rose Haddad:32.98,15:Hazel Schmidt:54.80,16:Kenji Boudjema:33.24,17:Leila Greco:40.99,18:Sonia Kim:39.02,19:Theo Silva:43.34,20:Ryo Sanchez:47.97,21:Nala Conti:50.44,22:Manon Wagner:43.35,23:Zola Clark:38.36,24:Chen Robert:53.73,25:Silas Torres:34.84,26:Baptiste Rodriguez:38.98,27:Sekou Pereira:35.08,28:Emma Pham:40.19,29:Kenza Williams:50.47
2968,Strasbourg,Bordeaux,02/03/2026,1730,0714,1:Yasmine Nguyen:56.60,2:Lucas Oliveira:48.60,3:Bjorn Gallo:41.80,4:Bilal Mohamed:36.77,5:Lea Michel:45.73,6:Hazel Fernandez:42.13,7:Jason Wang:46.71,8:Carmen Perez:43.74,9:Amandine Robert:50.69,10:Celeste Bianchi:50.06,11:Quentin Nkosi:43.12,12:Chen Wong:54.05,13:Daiki Kim:53.63,14:Noah Ramirez:33.37,15:Kofi Petit:33.04,16:Ryan Ouattara:40.50,17:Quentin Schulz:54.74,18:Louis Zimmermann:39.08,19:Silas Martin:42.17,20:Omar Lee:46.02
7604,Metz,Bordeaux,28/11/2026,0815,2029,1:Jackson Kim:33.01,2:Sofia Zhang:41.93,3:Manon Lefevre:40.83,4:Celeste Fournier:49.83,5:Fode Tran:35.49,6:Elena Boudjema:44.36,7:Ethan Roux:55.39,8:Erica Cruz:37.28,9:Valentine Yamamoto:50.93,10:Bilal Le:44.53,11:Santiago Abebe:41.44,12:Kimberly Diop:46.03,13:Skylar Chung:51.93,14:Corey Robert:55.94,15:Sora Wagner:48.82,16:Ines Schmidt:56.68,17:Silas Ziane:44.71,18:Theo Ferrari:45.14,19:Theo Yamamoto:41.52,20:Mei Kovacs:36.24,21:Natalia Wong:51.40,22:Kofi Khan:55.55,23:Lian Cruz:45.41,24:Mateo Laurent:51.09,25:Amine Novak:48.41,26:Felix Huang:57.61
9013,La Rochelle,Reims,22/02/2026,2015,0509,1:Aicha Robert:46.33,2:Jian Zimmermann:51.46,3:Brenda Dubois:49.89,4:Austin Chen:48.42,5:Dylan Moreau:44.96,6:Minh Doan:48.90,7:Oceane Boudjema:54.33,8:Sara Dubois:55.03,9:Hassan Singh:43.93,10:Sofia Suzuki:42.55,11:Paul Moreau:51.31,12:Nicolas Ouattara:55.06,13:Alessio Schulz:40.17,14:Chloe Laurent:38.15,15:Mehdi Schmidt:45.37,16:Oceane Ouattara:33.47,17:Madison Torres:56.22,18:Margaux Weber:50.56,19:Harper Ramirez:43.03,20:Fode Tran:41.56,21:David Thomas:36.96,22:Elsa Bianchi:50.28,23:Samira Wagner:53.63,24:Javier Wilson:40.85,25:Noah Schulz:49.72
8853,Perpignan,Montpellier,20/09/2026,1800,2228,1:Mehdi Zhang:22.03,2:Noah Conti:27.85,3:Ines Sokolov:32.65,4:Sophie Vidal:18.58,5:Leila Taylor:23.03,6:Imani Williams:29.13,7:Mehdi Gomez:28.48,8:Aicha Vidal:29.83,9:Kenji Mohamed:26.72,10:Isabella Lefevre:23.33,11:Madison Kowalski:28.37,12:Brenda Robert:30.53,13:Amandine Le:32.43,14:Ricardo Vidal:21.67,15:Olivia Khelifi:26.51,16:Pierre Doan:18.59,17:Brenda Ouattara:20.98,18:Zola Chung:22.29,19:Oceane Greco:26.30,20:Bjorn Schmidt:28.36,21:Brenda Kovacs:18.85,22:Amine Rizzo:23.82,23:Chloe Durand:25.11,24:Ryo Rizzo:19.70,25:Nour Popov:19.14,26:Elsa Park:23.69,27:Lucia Mohamed:24.12,28:Jackson Muller:27.26,29:Simon Moore:27.03,30:Austin Nkosi:28.39,31:Alice Park:29.13,32:Jeanne Fahmi:18.54,33:Clement Wilson:24.86,34:Isabella Smith:27.63,35:Elena Diop:26.01
9296,Metz,Reims,16/12/2026,1815,2036,1:Clement Lee:16.86,2:Austin Gomes:21.49,3:Celeste Nkosi:12.69,4:Nala Sanchez:13.62,5:Santiago Sanchez:17.40,6:Skylar Petit:22.06,7:Pierre Moussa:14.27,8:Aisha Gallo:21.42,9:Sara Rodrigues:13.04,10:Igor Alves:16.36,11:Ryan Khelifi:21.34,12:Jackson Wang:21.62,13:Jules Bruno:13.57,14:Skylar Bruno:14.18,15:Clement Sato:13.65,16:Manon Wong:19.11,17:Louis Kim:14.83,18:Alice Torres:18.02,19:Dylan Petrov:13.23,20:Zoe Davis:16.20,21:Leila Ndiaye:15.18,22:Lea Sokolov:20.50,23:Lea Suzuki:12.65,24:Kenji Clark:13.27,25:Silas Torres:21.49,26:Farah Almeida:17.52,27:Elena Lopez:16.90,28:Hugo Nkosi:18.01,29:David Clark:20.62,30:Miguel Greco:16.91
6067,Nantes,Limoges,09/06/2026,0945,1430,1:Alice Huang:33.67,2:Harper Cisse:33.44,3:Chau Ivanov:23.85,4:Corey Nguyen:28.35,5:Mehdi Laurent:24.79,6:Rayan Rodriguez:31.31,7:Juan Petit:28.74,8:Valentine Chung:33.07,9:Nicolas Kowalski:29.82,10:Kenji Rizzo:29.87,11:Jules Miller:20.80,12:Ricardo Alves:25.75,13:Sora Esposito:26.06,14:Maria Smith:21.17,15:Amine Lefevre:23.84,16:Amandine Wilson:28.39,17:Sara Tran:29.84,18:Karim Zhang:25.19,19:Jeanne Wagner:36.24,20:Zola Johnson:32.70,21:Austin Santos:23.97,22:Chen Sanchez:21.97,23:Maria Garnier:25.03,24:Driss Almeida:23.20,25:Isabella Park:21.12,26:Zoe Greco:26.92,27:Leila Wilson:24.25,28:Isabella Lopez:24.62,29:Sekou Cherif:34.35,30:Erica Morozov:26.52,31:Hassan Rizzo:22.10,32:Rose Martin:27.70,33:Lucas Clark:36.74,34:Ryo Michel:27.40,35:Zoe Ali:31.19,36:Chau Le:37.20,37:Pierre Almeida:23.51,38:Santiago Robert:24.96
6186,Perpignan,Clermont-Ferrand,02/06/2026,1830,0134,1:Simon Taylor:45.02,2:Quentin Gomez:53.98,3:Fode Tran:34.63,4:Karim Weber:41.75,5::,6::,7:Harper Wagner:32.73,8:Quentin Roux:44.30,9:Oceane Ouattara:51.24,10:Minh Novak:46.88,11:Jason Greco:42.40,12::,13:Zachary Cisse:54.24,14:Valentine Smith:38.91,15::,16:Taylor Wong:52.57,17:Noah Khan:31.36,18:Arthur Khan:53.30,19:Zoe Greco:35.65,20:Harper Cisse:33.49,21:Zane Fernandez:44.94,22:Sana Durand:44.69,23:Arthur Gomes:30.73,24:Yara Moore:,25::,26:Jeanne Doan:35.94,27:Yara Miller:38.16,28:Celeste Boudjema:53.26,29:Ulysse Lopez:40.49,30:Austin Cisse:43.18,31:Kenza Perez:30.91,32:Amine Gomez:42.04,33:Brenda Robert:43.31,34:Jeanne Kovacs:30.63,35:Clement Cherif:52.80,36:Orion Davis:50.84
6142,Angers,La Rochelle,28/07/2026,1600,1819,1:Taro Zimmermann:14.07,2:Jason Ndiaye:15.57,3:Maria Petrov:18.52,4:Ryo Chen:18.72,5:Sekou Cherif:18.25,6:Elsa Martin:20.76,7:Aki Vo:20.10,8:Sara Khelifi:14.71,9:Gabriel Park:17.62,10:Karim Fahmi:12.57,11:Sophie Gomez:15.30,12:Zane Abebe:13.31,13:Hugo Diallo:17.52,14:Austin Santos:20.39,15:Thao Khan:13.09,16:Margaux Fournier:15.77,17:Lian Pereira:21.74,18:Kofi Novak:17.66,19:Celeste Lee:20.66,20:Zachary Thomas:18.96,21:Taro Doan:18.88,22:Jian Garcia:21.22,23:Rose Moussa:18.22,24:Theo Santos:12.52,25:Louis Simon:20.47,26:Rayan Conti:19.36,27:Chau Torres:21.14
1730,Reims,Dijon,04/06/2026,1145,1423,1:Sana Kovacs:16.06,2:Zane Wilson:22.07,3:Sora Petrov:15.82,4:Lucia Hussein:18.70,5:Karim Sanchez:19.95,6:Driss Ziane:13.27,7:Baptiste Rodriguez:20.38,8:Juan Ziane:18.46,9:Hazel Fournier:21.58,10:Lucas Klein:13.75,11:Madison Kowalski:13.38,12:Driss Oliveira:21.93,13:Corey Taylor:17.27,14:Aicha Garnier:16.40,15:David Faure:15.73
4564,La Rochelle,Grenoble,10/10/2026,2030,0310,1:Zane Klein:28.36,2:Dmitri Silva:46.49,3:Hazel Lefevre:28.81,4:Jackson Ferrari:34.81,5:Emi Cisse:30.65,6:Silas Klein:41.60,7:Theo Le:46.44,8:Malika Suzuki:28.91,9:Quentin Roux:33.53,10:Katya Ahmed:38.46,11:Bilal Kovacs:40.15,12:Lucas Singh:43.82,13:Tristan Popov:42.69,14:Eloise Schulz:46.48,15:Thao Laurent:34.77,16:Ulysse Kovacs:49.53,17:Miguel Dupont:37.99,18:Mateo Laurent:33.92,19:Hazel Traore:33.37,20:David Simon:47.35,21:Austin Liu:41.08,22:Baptiste Ribeiro:33.19,23:Amandine Robert:47.45,24:Liam Santos:36.35,25:David Faure:41.10,26:Theo Bruno:44.31
2293,Angers,Clermont-Ferrand,21/03/2026,2200,0413,1:Sergei Traore:41.59,2:Rayan Davis:29.70,3:Yasmine Boudjema:32.80,4:Aisha Park:42.87,5:Alessio Alves:44.47,6:Chau Almeida:45.01,7:Silas Ribeiro:49.69,8:Camille Chen:36.91,9:Driss Nguyen:47.60,10:Rose Perez:39.92,11:Fode Yamamoto:36.87,12:Farah Diallo:45.03,13:Olivia Alves:41.99,14:Kofi Dubois:28.46,15:Celeste Park:47.08,16:Margaux Ribeiro:44.55,17:Felix Huang:47.31,18:Olivia Sousa:39.83,19:Emi Wang:46.39,20:Nala Mohamed:43.81,21:Driss Laurent:37.75,22:Mei Vidal:43.14,23:Gabriel Schmidt:40.29,24:Pablo Martinez:37.16,25:Sergei Gallo:29.59,26:Sekou Kim:28.14,27:Emma Taylor:46.82,28:Taylor Wilson:28.28,29:Fode Tran:49.86,30:Jeanne Kuznetsov:49.71,31:Wei Lopez:30.18,32:Natalia Morozov:35.66,33:Pablo Wang:41.89,34:Olivia Khelifi:42.74,35:Clement Kuznetsov:44.75,36:Aki Ivanov:30.69,37:Kenji Mohamed:43.61,38:Oceane Lee:30.87,39:Louis Kim:35.87,40:Sora Silva:41.16,41:Baptiste Richard:49.23,42:Jackson Ramirez:40.30,43:Sonia Ahmed:39.35
2097,Tours,Paris,09/02/2026,2000,2357,1:Juan Roux:29.04,2:Corey Ramirez:21.29,3:Bilal Sokolov:32.15,4:Paul Moreau:31.86,5:Jeanne Doan:21.04,6:Eloise Moreau:24.96,7:Bjorn Greco:34.65,8:Liam Rossi:24.06,9:Isabella Benali:22.79,10:Baptiste Johnson:31.23,11:Felix Khan:27.53,12:Alice Martin:26.66,13:Gabriel Garnier:30.54,14:Harper Ndiaye:20.44,15:Ulysse Nguyen:19.96,16:Felix Cisse:25.92,17:Aki Cisse:25.44,18:Camille Morozov:32.22,19:Pierre Rodriguez:30.17,20:Chloe Conti:28.71,21:Santiago Khan:28.33,22:Hassan Pham:23.01,23:Youssef Doan:25.34,24:Kai Liu:22.05,25:Zoe Greco:22.09,26:Clement Wilson:28.05,27:Minh Le:33.91,28:Jackson Ferrari:32.46,29:Hugo Thomas:33.26,30:Chloe Ferrari:25.97,31:Skylar Gallo:30.27,32:Li Schmidt:24.15,33:Margaux Ribeiro:23.12
1042,Lyon,Nantes,15/12/2026,1500,2219,1:Chloe Morozov:,2:Sofia Lee:51.99,3:Adrien Conti:40.81,4:Simon Le:52.87,5:Sekou Moreau:,6:Willow Ramirez:43.26,7:Alessio Schmidt:,8:Rayan Conti:,9:Driss Perez:39.06,10:Oceane Rodriguez:46.50,11:Juan Lopez:51.45,12:Imani Petrov:33.66,13:Olivia Tanaka:42.70,14:Valentine Sato:,15:Amine Leroy:36.52,16:Bilal Cruz:55.07,17:Kofi Roux:38.39,18:Miguel Dupont:56.32,19:Alice Zhang:55.14,20:Dylan Perez:45.39,21:Samira Gomes:37.49,22:Fode Tran:36.42,23:Lucas Novak:42.69,24:Carmen Perez:51.79,25:Rose Nkosi:38.55,26:Jackson Wang:32.80,27:Chen Pereira:55.66,28:Harper Ramirez:38.17,29:Margaux Diallo:34.84,30:Tristan Wang:57.31,31:Silas Sokolov:55.61,32:Natalia Faure:43.60,33:Javier Dupont:35.06
4635,Brest,Nice,06/06/2026,1030,0216,1:Kofi Pereira:39.04,2:Samira Morozov:36.25,3:Clement Ivanov:48.51,4:Noah Schulz:46.01,5:Zola Williams:41.34,6:Javier Wilson:42.85,7:Lucia Weber:50.86,8:Finn Russo:53.43,9:Sofia Ramirez:57.57,10:Malika Suzuki:46.40,11:Sana Doan:51.17,12:Harper Nkosi:53.17,13:Felix Huang:58.18,14:Emi Conti:49.10,15:Yara Kovacs:42.42,16:David Cherif:32.66,17:Austin Liu:41.31,18:Aisha Haddad:46.19,19:Hugo Ribeiro:52.32
7310,Grenoble,Marseille,12/07/2026,1345,1659,1:Corey Michel:16.05,2:Sekou Haddad:14.57,3:Lian Kim:14.42,4:Dylan Popov:13.02,5:Fiona Greco:17.95,6:Katya Tran:21.61,7:Tristan Diop:13.89,8:Emma Taylor:20.82,9:Mehdi Ali:20.09,10:Karim Bruno:16.48,11:Gabriel Brown:16.52,12:Elsa Perez:16.75,13:Chen Robert:19.27,14:Erica Vo:13.59,15:Sergei Dubois:16.70,16:Sara Martinez:13.32,17:Orion Tran:20.01,18:Jeanne Ahmed:13.26,19:Maria Torres:22.40,20:Tristan Chung:19.55,21:Zane Klein:17.84
1410,Nice,Grenoble,04/04/2026,0615,1221,1:Erica Sokolov:37.89,2:Zola Chung:50.81,3:Youssef Ziane:37.45,4:Finn Kowalski:45.53,5:Nicolas Doan:53.31,6::,7:Sana Liu:37.12,8:Hugo Nkosi:43.72,9::,10:Kenza Wang:33.07,11:Taylor Zhang:38.17,12:Amandine Ali:42.99,13:Minh Schulz:47.89,14:Valentine Huang:52.53,15:David Fernandez:
2123,Saint-Etienne,Rouen,01/09/2026,2130,0328,1:Kwame Conti:31.03,2:Mei Dupont:33.38,3:Rose Haddad:29.88,4:Jeanne Tanaka:36.24,5::,6::,7:Paul Moussa:37.27,8:Li Gomes:41.15,9:Isabella Lefevre:44.56,10::,11:Sekou Santos:47.42,12:Igor Popov:44.02,13:Felix Esposito:35.33,14:Ryan Williams:,15:Louis Clark:48.59,16:Theo Kim:29.06,17:Natalia Mohamed:31.35
2678,La Rochelle,Toulouse,01/10/2026,0700,1331,1:Sora Durand:37.08,2:Karim Sanchez:53.20,3:Emma Conti:32.61,4:Katya Ahmed:43.50,5:Carmen Fernandez:47.00,6:Hugo Novak:40.05,7:Santiago Robert:32.55,8:Zachary Zimmermann:53.05,9:Aisha Traore:33.44
4344,Saint-Etienne,Perpignan,15/05/2026,0715,1517,1:Alice Tanaka:53.27,2::,3:Akira Novak:,4:Leila Dupont:37.19,5:Sophie Tran:36.96,6:Farah Rizzo:44.95,7:Bilal Wilson:46.61,8:Aisha Gallo:35.60,9:Emma Cisse:42.15,10:Kai Bianchi:54.17,11:Amine Rossi:49.77,12:Fode Yamamoto:53.74,13:Javier Dupont:41.86,14:Harper Kuznetsov:53.11,15:Brenda Le:,16:Simon Ndiaye:43.12,17:Quentin Fernandez:45.54,18:Kai Nguyen:35.15,19:Valentine Khelifi:52.84,20:Sara Greco:
5920,Rouen,Angers,28/06/2026,,2032,1:Rose Martin:28.28,2:Awa Schmidt:19.93,3:Katya Rodrigues:20.29,4:Valentine Smith:22.54,5:Celeste Benali:24.41,6:Hana Pereira:30.10,7:Adrien Conti:30.11,8:Sonia Ahmed:33.52,9:Sergei Sokolov:27.58,10:Rayan Rodriguez:28.74,11:Pierre Moussa:26.90,12:Yara Cisse:28.52,13:Zola Sylla:34.18,14:Jeanne Petrov:25.09,15:Katya Ahmed:21.75,16:Sofia Klein:22.16,17:Sonia Boudjema:32.24,18:Santiago Abebe:21.81,19:Miguel Novak:23.02,20:Ines Kovacs:31.53,21:Amandine Pham:22.01,22:Theo Sousa:33.36,23:Amandine Wilson:27.38,24:Skylar Davis:26.90,25:Elsa Bianchi:34.12,26:Corey Nguyen:27.39,27:Carmen Bruno:26.16,28:Sofia Chen:19.98,29:Oceane Ouattara:21.47,30:Aicha Ndiaye:24.67,31:Sergei Bernard:20.26,32:Silas Le:27.96
3256,Toulouse,Nice,24/09/2026,0815,1700,1:Sophie Alves:41.63,2:Aicha Wong:53.64,3:Chloe Kuznetsov:35.58,4:Aki Rodriguez:35.12,5:Kenza Williams:38.47,6:Jian Ramirez:37.76,7:Karim Sanchez:51.59,8::,9:Alice Torres:55.86,10:Chloe Kovacs:42.00,11:Aki Muller:57.66,12:Aki Torres:34.36,13:Leila Hussein:42.92,14:Zachary Laurent:46.42,15::,16:Hassan Liu:,17:Zola Clark:55.68,18:Romain Lopez:38.04,19:Manon Yamamoto:57.24,20:Lian Cruz:33.08,21:Hassan Pham:35.21,22:Miguel Yamamoto:47.32,23:Harper Ramirez:42.00,24:Yasmine Nguyen:34.12,25:Kai Liu:,26:Ethan Liu:34.85,27:Elena Richard:53.92,28::,29:Hassan Martin:51.99,30:Skylar Davis:48.36,31:Yumi Simon:36.53,32:Lucas Cherif:45.97,33:Valentine Martinez:54.94,34:Brenda Dubois:35.36,35:Jeanne Wang:53.90,36:Gabriel Cherif:,37:Ryan Sato:40.12,38:Brenda Ouattara:47.52,39:Austin Haddad:41.40,40:Leila Zhang:44.74,41:Gabriel Muller:32.80,42:Eloise Fahmi:46.29,43:Amandine Fahmi:44.75,44:Sophie Taylor:45.29,45:Carmen Faure:36.94,46:Kimberly Abebe:50.09,47:Kwame Brown:51.85,48:Madison Lee:44.11,49:Mateo Novak:35.34,50:Theo Silva:54.93
2326,Nantes,Dijon,12/05/2026,1900,0402,1:Farah Gallo:52.18,2:Rose Moussa:32.50,3:Natalia Weber:43.44,4:Brenda Ouattara:34.50,5:Driss Conti:43.12,6:Erica Yamamoto:39.41,7:Louis Clark:54.87,8:Sofia Kovacs:,9:Santiago Robert:45.90,10:Alessio Moreau:32.99,11:Natalia Wong:45.64,12:Corey Yamamoto:44.38,13:Lucia Kuznetsov:44.33,14:Pablo Petrov:,15:Driss Yamamoto:46.66,16::,17:Valentine Singh:48.46,18:Orion Russo:33.64,19:Youssef Wagner:42.17,20:Arthur Chung:54.63,21:Kenza Khelifi:34.57,22:Driss Laurent:57.60,23:Jian Michel:38.00,24:Chau Fournier:,25:Ines Rodrigues:42.83,26:Taro Wilson:41.15,27:Felix Ivanov:57.16,28:Isabella Durand:46.54,29:Jeanne Taylor:45.39
4555,Metz,Angers,21/12/2026,1115,2045,1:Maria Torres:56.89,2:Natalia Sylla:54.46,3:Jian Pham:47.71,4:Nala Le:50.65,5:Camille Wang:36.90,6:Alessio Ouattara:38.82,7:Liam Bernard:44.18,8:Fode Doan:33.87,9:Sergei Boudjema:53.41,10:Lucia Esposito:45.48,11:Aki Kovacs:43.86,12:Omar Moreau:57.12,13:David Bruno:40.04,14:Li Le:43.05,15:Taylor Durand:54.16,16:Manon Dubois:57.51,17:Chau Le:57.73,18:Taylor Wong:37.72,19:Dmitri Le:52.19,20:Baptiste Benali:33.35,21:Igor Popov:52.04,22:Adrien Esposito:45.19,23:Dmitri Lee:43.38,24:Silas Torres:43.62,25:Zane Almeida:50.62,26:Corey Moreau:42.84,27:Manon Clark:45.04,28:Manon Perez:48.98,29:Jason Klein:45.22,30:Lea Brown:55.59,31:Mei Ferrari:42.21,32:Chen Ziane:37.27,33:Pablo Davis:34.64
4030,Lille,Nice,29/04/2026,2215,1142,1:Sonia Kim:55.26,2:Skylar Bruno:56.46,3:Imani Laurent:37.40,4:Alessio Silva:54.47,5:Kai Doan:45.27,6:Kimberly Williams:34.26,7:Willow Ramirez:42.78,8:Pierre Diallo:45.01
6881,Saint-Etienne,Rouen,26/11/2026,1015,1529,1:Emi Johnson:27.93,2:Sofia Diop:34.35,3:Gabriel Muller:37.82,4:Tristan Durand:28.21,5:Chloe Kim:33.34,6:Orion Zhang:38.95,7:Mateo Benali:33.92,8:Pierre Garnier:35.76,9:Willow Ali:44.28,10:Erica Tanaka:36.70,11:Mateo Laurent:26.76,12:Finn Kowalski:35.08,13:Silas Brown:25.39,14:Sophie Sousa:35.18,15:Celeste Benali:34.56,16:Ines Rodrigues:29.49,17:Lian Cruz:34.04,18:Driss Chung:44.21,19:Sergei Sokolov:25.38,20:Amandine Chung:25.08,21:Celeste Boudjema:38.21,22:Dmitri Russo:31.10,23:Emma Almeida:40.83,24:Aki Tran:42.39,25:Imani Laurent:36.87,26:Taro Wilson:40.86,27:Leila Doan:38.41,28:Sekou Fournier:30.37,29:Hazel Laurent:31.61,30:Alice Dupont:37.41,31:Chen Cherif:27.08,32:Baptiste Kuznetsov:43.25,33:Driss Almeida:30.39,34:Hazel Ribeiro:36.81,35:Sekou Cherif:24.93,36:Alessio Lopez:39.08,37:Fode Wilson:30.76,38:David Faure:38.80
1244,La Rochelle,Le Mans,08/11/2026,2045,2357,1:Louis Huang:,2::,3::,4:Ulysse Wang:21.66,5:Jules Cruz:17.77,6:Dmitri Ferrari:22.14,7:Chau Kovacs:23.04,8:Harper Ndiaye:21.28,9:Jeanne Wang:20.65,10:Zane Johnson:14.36,11:Jian Robert:
2675,Bordeaux,Rennes,15/10/2026,2230,0312,1:Ulysse Morozov:35.21,2:Imani Ali:23.42,3:Carmen Liu:31.32,4:Willow Cruz:33.95,5:Victor Diop:31.27,6:Ethan Weber:29.70,7:Sara Schmidt:37.61,8:Chau Wang:31.27,9:Jason Ramirez:25.02,10:Hassan Bruno:26.94,11:Rayan Dubois:36.37,12:Skylar Bruno:29.56,13:Jeanne Wagner:24.26,14:Liam Yamamoto:33.58,15:Sana Sousa:33.73,16:Clement Moore:37.03,17:Kenji Boudjema:36.97,18:Pablo Martinez:36.82,19:Hugo Novak:27.86,20:Valentine Clark:37.60
8460,Montpellier,Nantes,17/05/2026,1215,2013,1:Hazel Laurent:,2:Lucia Esposito:34.48,3:Fode Wilson:,4:Ryo Rizzo:36.40,5:Carmen Faure:46.14,6:Gabriel Bernard:,7:Hassan Singh:50.52,8:Emma Cherif:49.40
8027,Le Mans,Montpellier,24/06/2026,1415,2114,1:Brenda Zimmermann:50.25,2:Malika Sanchez:37.64,3:Pablo Liu:32.91,4:Ines Pereira:58.43,5:Karim Liu:42.52,6:Jeanne Wagner:53.51,7:Zachary Chung:43.64,8:Arthur Khan:36.33,9:Natalia Davis:33.22,10:Clement Esposito:37.30,11:Lucia Kovacs:37.08,12:Wei Schmidt:35.56,13:Lucia Weber:37.12,14:Arthur Perez:40.42,15:Quentin Roux:57.09,16:Taro Zimmermann:44.88,17:Chloe Novak:42.86,18:Zane Wilson:33.30,19:Brenda Bianchi:57.44,20:Bilal Gallo:37.74,21:Brenda Kovacs:38.27,22:Emi Cisse:36.90,23:Dylan Petit:52.67,24:Aisha Ali:58.24,25:Juan Sokolov:39.63,26:Skylar Davis:49.09,27:Mehdi Gomez:42.52,28:Zoe Davis:52.05,29:Hassan Pereira:34.23,30:Sofia Diop:53.60,31:Lucas Diop:48.65,32:Nicolas Doan:54.62,33:Jules Oliveira:46.99,34:Jules Rizzo:43.41,35:Victor Mohamed:51.21,36:Sekou Santos:40.89,37:Kenza Khelifi:53.24,38:Kenza Garnier:34.75,39:Hazel Hussein:33.07,40:Quentin Fernandez:34.18,41:Santiago Perez:50.71,42:Jeanne Petit:46.32,43:Sophie Nguyen:50.95,44:Hassan Pham:46.56,45:Sekou Haddad:55.05,46:Quentin Gomez:40.16,47:Sergei Dubois:37.30
9940,Bordeaux,Tours,12/12/2026,1515,2127,1:Gabriel Cherif:39.51,2:Natalia Zhang:33.53,3:Omar Singh:37.37,4:Amandine Cisse:42.42,5:Ryo Sanchez:35.02,6:Dmitri Bruno:35.17,7:Hugo Wilson:27.11,8:Yara Laurent:28.41,9:Valentine Clark:40.50,10:Dmitri Silva:44.48,11:Kofi Wilson:46.13,12:Yasmine Esposito:28.55,13:Jian Pham:42.40,14:Mateo Vasiliev:48.34,15:Karim Faure:46.29,16:Li Dubois:38.51,17:Alice Tanaka:48.53,18:Quentin Chung:41.48,19:Jules Park:31.95,20:Emi Rizzo:28.86,21:Valentine Ferrari:40.63,22:Kenji Zimmermann:41.24,23:Fode Wilson:45.49,24:Quentin Ali:32.39,25:Silas Leroy:46.20,26:Theo Dubois:44.21,27:Zachary Wilson:45.48,28:Celeste Benali:45.50,29:Ulysse Kovacs:27.59,30:Silas Davis:33.02,31:Sofia Lee:28.03,32:Sekou Bianchi:32.10,33:Chen Sanchez:28.39,34:Liam Rossi:41.04,35:Taylor Moreau:40.58,36:Kai Ahmed:29.03,37:Lucia Esposito:32.60,38:Jason Ndiaye:47.85,39:Hazel Singh:32.18,40:Natalia Morozov:32.80,41:Zola Clark:36.04,42:Hassan Pham:32.32,43:Bilal Sokolov:42.07,44:Zola Le:43.75,45:Felix Garcia:29.53,46:Jason Wang:39.91
8208,La Rochelle,Reims,29/12/2026,1230,2143,1:Santiago Robert:44.91,2:Javier Petrov:36.88,3:Silas Sokolov:36.14,4:Mateo Laurent:50.47,5:Zola Greco:47.78,6:Fiona Cruz:34.26,7:Leila Dupont:58.32,8:Emma Petrov:46.88,9:Hazel Brown:39.73,10:Sonia Bernard:36.56,11:Alessio Ziane:49.05,12:Leila Hussein:55.04,13:Zoe Bruno:35.10,14:Hana Williams:43.97,15:Manon Wong:35.18,16:Jules Cruz:47.92,17:Chloe Garcia:41.29,18:Chloe Laurent:34.73,19:Wei Benali:47.60,20:Skylar Popov:43.46,21:Eloise Boudjema:34.50,22:Li Faure:57.44,23:Chloe Weber:58.06,24:Simon Ahmed:56.93,25:Isabella Ziane:42.53,26:Hazel Laurent:50.90
8849,Clermont-Ferrand,Rouen,26/06/2026,2030,0230,1:Sekou Pereira:32.41,2:Youssef Abebe:33.23,3:Chloe Morozov:46.62,4:Chau Lee:30.23,5:Tristan Garnier:39.61,6:Mei Ahmed:27.34,7:Sonia Huang:31.80,8:Leila Doan:28.96,9:Camille Diallo:28.22,10:Arthur Durand:32.62,11:Hana Bianchi:27.07,12:Oceane Almeida:45.30,13:Brenda Mohamed:34.23,14:Akira Gomes:29.31,15:Jason Greco:43.98,16:Chloe Kim:33.10,17:Brenda Robert:37.39
9158,Marseille,Dijon,18/12/2026,1130,1721,1:Taylor Moreau:31.29,2:Imani Laurent:32.91,3:Baptiste Johnson:35.12,4:Felix Khan:32.71,5:Silas Klein:36.98,6:Camille Pereira:26.36,7:Yara Miller:33.49,8:Ryan Fernandez:43.84
5666,Paris,Grenoble,04/11/2026,1130,1846,1:Karim Sousa:34.71,2:Lucia Rodriguez:,3:Thao Singh:,4:Kenji Clark:,5:Daiki Sousa:,6:Juan Rizzo:54.43,7:Zane Kowalski:48.57,8:Madison Torres:33.13,9:Jeanne Tanaka:53.95,10:Elena Russo:47.35,11:Zoe Vidal:36.42,12:Miguel Schmidt:56.89,13:Erica Abebe:57.22,14:Brenda Dubois:41.94,15:Baptiste Richard:,16:Rayan Davis:43.14,17:Lian Cruz:33.88,18:Theo Sousa:52.70,19:Mateo Oliveira:54.41,20:Chloe Garcia:44.98,21:Finn Johnson:43.75,22:Margaux Ribeiro:46.78,23:Leila Pham:38.32,24:Pierre Diop:35.44,25:Quentin Fernandez:32.62,26:Quentin Santos:55.75
2407,Rouen,Brest,29/06/2026,1145,1915,1:Quentin Santos:56.62,2:Orion Pereira:36.59,3:Ryan Williams:38.79,4:Akira Zimmermann:55.23,5:Natalia Ali:44.65,6:Austin Thomas:35.55,7:Chloe Lefevre:41.51,8:Jeanne Ahmed:41.62,9:Tristan Diop:53.58,10:Bjorn Pereira:42.25,11:Simon Moore:53.02,12:Zoe Rodrigues:34.42,13:Santiago Huang:42.95,14:Silas Davis:51.34,15:Madison Zhang:56.15,16:Zoe Tanaka:36.51,17:Chloe Brown:32.68,18:Manon Popov:51.64,19:Alice Tanaka:50.79,20:Oceane Boudjema:51.03,21:Quentin Nkosi:35.29,22:Chau Almeida:54.79,23:Jeanne Kuznetsov:56.67,24:Pierre Almeida:49.06,25:Lea Weber:55.76,26:Alice Hussein:43.95
4880,Limoges,Reims,24/02/2026,1845,0320,1:Ulysse Nguyen:49.99,2:Igor Park:39.65,3:Nicolas Doan:38.71,4:Nicolas Ahmed:45.10,5:Nicolas Greco:55.87,6:Miguel Ndiaye:42.81,7:Mehdi Richard:50.93,8:Corey Martin:47.11,9:Eloise Boudjema:35.89,10:Liam Pereira:47.42,11:Jason Cruz:53.04,12:Erica Tanaka:48.48,13:Sophie Taylor:50.99,14:Zola Torres:44.84,15:Pierre Yamamoto:57.75
8537,Saint-Etienne,Strasbourg,30/03/2026,0845,1500,1:Imani Rodriguez:43.69,2:Theo Dubois:45.08,3:Skylar Popov:40.67,4:Kenji Khan:39.99,5:Imani Kuznetsov:29.73,6:Driss Laurent:42.80,7:Pierre Lee:31.60,8:Amandine Moore:37.67,9:Margaux Dupont:48.23,10:Mehdi Sato:41.92,11:Aisha Hussein:33.36,12:Jeanne Moreau:36.01,13:Youssef Abebe:43.35,14:Imani Williams:38.58,15:Silas Miller:34.11,16:Lucia Diop:41.41,17:Theo Gomes:48.34,18:Hana Pereira:33.12,19:Thao Tran:51.50,20:Liam Alves:35.39,21:Daiki Gomez:32.38,22:Baptiste Ribeiro:37.02,23:Ryan Liu:52.08,24:Zoe Huang:32.58,25:Natalia Zhang:35.20,26:Rose Nkosi:38.24,27:Simon Garcia:36.49,28:Ethan Liu:40.28,29:Imani Singh:32.88,30:Adrien Santos:49.17,31:Chloe Kuznetsov:48.28,32:Fiona Petit:43.82,33:Fiona Suzuki:30.69,34:Juan Petit:47.48,35:Daiki Wang:31.05,36:Amandine Johnson:33.81,37:Jian Popov:33.82,38:Jian Ali:46.84,39:Manon Zimmermann:48.19,40:Hassan Klein:31.93,41:David Faure:38.38,42:Arthur Wong:37.69,43:Tristan Popov:52.42
2839,Lille,Rouen,23/08/2026,1645,1916,1:Pierre Diallo:15.58,2:Austin Nkosi:21.99,3:Sora Garnier:18.48,4:Awa Laurent:14.33,5:Imani Alves:23.62,6:Oceane Boudjema:20.99,7:Kofi Petit:20.18,8:Jeanne Fahmi:18.79,9:Amandine Faure:13.82,10:Samira Huang:22.15,11:Elena Diallo:17.92,12:Brenda Zimmermann:14.76,13:Kofi Muller:18.68,14:Malika Sanchez:14.89,15:Skylar Nguyen:21.74,16:Bjorn Thomas:24.09,17:Noah Tanaka:21.08,18:Simon Vidal:14.61,19:Omar Moreau:16.70,20:Adrien Garnier:18.30,21:Hana Miller:13.78,22:Amandine Le:19.31,23:Ricardo Rodriguez:15.90,24:Ryan Rossi:22.01,25:Margaux Chen:18.50,26:Harper Martin:15.46,27:Imani Rodriguez:17.65,28:Elena Oliveira:18.04,29:Zola Diop:19.46
2659,Saint-Etienne,Grenoble,05/04/2026,1015,1315,1:Javier Brown:18.10,2:Nicolas Bernard:18.17,3:Rayan Garcia:26.80,4:Jules Moore:15.42,5:Silas Torres:15.82,6:Dmitri Klein:23.79,7:Elena Ali:18.74,8:Chau Le:22.28,9:Katya Almeida:15.73,10:Quentin Nkosi:25.55,11:Daiki Gomez:19.36,12:Juan Fernandez:15.99,13:Rose Robert:15.09,14:Alice Dupont:25.75,15:Ines Kovacs:20.82,16:Akira Fournier:22.23,17:Oceane Wang:22.31,18:Silas Ziane:21.59,19:Corey Martin:17.97,20:Sophie Vidal:19.93,21:David Cherif:16.71,22:Ryan Rossi:22.93,23:Brenda Zimmermann:22.66,24:Brenda Garnier:17.91,25:Louis Moussa:22.85,26:Jackson Popov:20.71,27:Jules Liu:19.40,28:Lucia Vo:17.22,29:Jackson Ferrari:21.11,30:Zoe Bruno:17.51,31:Santiago Ferrari:17.31,32:Taro Ziane:15.13,33:Katya Singh:25.29
7038,Perpignan,Nice,16/10/2026,1430,2214,1:Silas Klein:48.64,2:Alessio Lopez:48.30,3:Taylor Wong:46.25,4:Miguel Alves:52.07,5:Samira Rossi:47.23,6:Santiago Zimmermann:47.05,7:Miguel Diop:36.40,8:Leila Johnson:32.70,9:Bilal Kovacs:49.54,10:Sonia Ahmed:43.94,11:Hugo Fahmi:32.93,12:Sophie Taylor:36.78,13:Nicolas Ali:52.03,14:Amine Dupont:46.16,15:Alessio Ferrari:54.24,16:Li Benali:48.08,17:Jules Moore:50.29,18:Daiki Smith:52.53,19:Rose Moussa:56.00,20:Chloe Laurent:40.41,21:Baptiste Ribeiro:45.46,22:Bjorn Greco:36.57,23:Paul Ahmed:57.72,24:Aki Cisse:33.12,25:Mei Tanaka:53.50,26:Louis Ndiaye:39.59,27:Hazel Petrov:45.74,28:Ulysse Vidal:52.69,29:Zachary Zimmermann:34.42,30:Awa Klein:49.48,31:Rose Ramirez:55.23,32:Igor Moussa:33.20,33:Zoe Diallo:47.76,34:Yara Moore:36.29,35:Miguel Novak:32.90,36:Clement Sato:33.23,37:Alice Johnson:45.67,38:Maria Garnier:47.60,39:Lucia Rodriguez:47.38,40:Zachary Traore:53.66,41:Harper Nkosi:53.88,42:Daiki Kim:35.90,43:Rayan Moreau:56.53,44:Thao Singh:57.44,45:Camille Tran:52.55,46:Jeanne Wang:45.85,47:Aicha Wang:57.40,48:Tristan Diop:45.79,49:Emi Wagner:54.81,50:Nicolas Esposito:54.24,51:Katya Singh:47.33,52:Fiona Cruz:58.32,53:Ethan Zhang:58.06
8380,Angers,Montpellier,15/12/2026,2100,0511,1:Malika Nguyen:,2:Harper Moreau:51.95,3:Silas Martin:,4:Sekou Hussein:34.18,5:Sara Fahmi:45.86,6:Bilal Torres:52.27,7:Emi Schulz:44.68,8:Jeanne Taylor:41.87,9:Taro Doan:34.27,10:Arthur Ivanov:32.76,11::,12:Hana Silva:48.11,13:Kwame Rizzo:,14:Olivia Thomas:51.31,15:Baptiste Wong:44.28,16::,17::,18:Zoe Popov:48.58,19:Chen Wong:40.81,20:Clement Fournier:46.22,21:Miguel Diop:54.20,22:Thao Gallo:53.18,23:Santiago Robert:45.66,24:Sara Tran:44.26,25:Nicolas Kowalski:41.18,26:Zoe Fahmi:53.12,27:Zachary Haddad:,28:Paul Davis:49.08,29:Mehdi Conti:38.74,30:Gabriel Bernard:41.09,31:Bilal Kuznetsov:55.27,32:Natalia Wong:40.02,33:Dylan Rizzo:43.34,34:Chau Le:52.78,35:Corey Nguyen:51.79,36::,37:Willow Simon:36.80,38:Olivia Sousa:38.66,39:Yasmine Kuznetsov:35.12,40:Ryan Martin:56.90,41:Manon Perez:38.66,42:Zane Cherif:42.63
7470,Saint-Etienne,Caen,31/07/2026,1530,2120,1:Lucia Ziane:26.43,2:Theo Santos:36.44,3:Gabriel Cisse:38.15,4:Sekou Moreau:41.43,5:Paul Diop:37.73,6:Hana Williams:33.39,7:Aicha Vo:30.71,8:Sora Michel:41.21,9:Natalia Martinez:38.92,10:Natalia Durand:34.97,11:Felix Yamamoto:37.42,12:Santiago Huang:26.25,13:Sara Martinez:37.82,14:Felix Nguyen:39.01,15:Rayan Conti:28.89,16:Daiki Wang:40.61,17:Chloe Kovacs:29.47,18:Sophie Popov:43.15,19:Zane Abebe:27.01,20:Leila Rizzo:41.47,21:Arthur Ivanov:44.67,22:Sophie Vidal:44.29,23:Sora Russo:39.96,24:Driss Conti:44.12,25:Juan Sokolov:33.84,26:Alessio Silva:29.33,27:Rose Yamamoto:37.67,28:Kenza Williams:36.82,29:Simon Moore:43.16,30:David Clark:28.30,31:Nala Simon:26.19,32:Mateo Laurent:32.00,33:Rose Mohamed:30.28,34:Kai Ahmed:46.46
5147,Lille,Nantes,06/03/2026,1400,1941,1:Aki Faure:40.65,2:Kimberly Mohamed:34.14,3:Jason Ferrari:30.11,4:Ricardo Alves:26.35,5:Karim Sanchez:40.95,6:Bilal Wilson:35.73,7:Alice Torres:33.66,8:Kofi Pereira:35.81,9:Amine Leroy:24.48,10:Mei Sanchez:40.52,11:Jason Kowalski:27.89,12:Alice Tanaka:39.82,13:Kai Liu:28.94,14:Isabella Schmidt:40.52,15:Thao Ahmed:42.11,16:Amandine Robert:38.91,17:Nour Sousa:40.98,18:Rayan Garcia:36.42,19:Ryan Cherif:42.17,20:Silas Cherif:36.46,21:Taylor Wilson:24.39
3318,Lille,Nice,13/08/2026,1500,0439,1:Alessio Boudjema:37.21,2:Miguel Pereira:50.39,3:Sophie Vo:57.69,4:Natalia Davis:54.69,5:Rayan Robert:49.43,6:Eloise Schulz:35.49,7:Mateo Oliveira:44.28,8:Pablo Pereira:52.75,9:Corey Yamamoto:57.52,10:Daiki Smith:38.21,11:Akira Chen:37.56,12:Alice Zhang:54.11,13:Louis Rossi:53.24,14:Kwame Vidal:37.95,15:Elena Gomes:33.86,16:Isabella Smith:53.14,17:Hana Martinez:41.45,18:Carmen Liu:57.90,19:Li Gomes:53.03,20:Tristan Haddad:47.00,21:Hana Garnier:43.19,22:Wei Haddad:57.74,23:Felix Garcia:52.11,24:Pierre Moussa:33.09,25:Jackson Ramirez:42.66,26:Quentin Chen:42.40,27:Mei Ali:43.21,28:Taylor Conti:35.79,29:Erica Abebe:47.42,30:Nala Moore:50.12,31:Miguel Dupont:57.04,32:Alessio Lopez:40.19,33:Jian Popov:45.33
2458,La Rochelle,Grenoble,16/05/2026,2245,0513,1:Bilal Torres:36.38,2:Natalia Klein:35.95,3:Elsa Rodriguez:32.93,4:Sergei Traore:49.05,5:Hazel Tran:49.35,6:Emma Vidal:47.88,7:Camille Tran:36.27,8:Orion Davis:49.05,9:Eloise Boudjema:47.71,10:Finn Kowalski:42.18,11:Dmitri Silva:32.34,12:Ryan Williams:43.97,13:Valentine Clark:47.82,14:Margaux Garnier:41.91,15:Hugo Diallo:45.95,16:Austin Cisse:36.10,17:Clement Esposito:43.67
7237,Tours,Toulouse,20/11/2026,2230,0549,1:Eloise Schulz:43.76,2:Eloise Wilson:41.77,3:Javier Davis:55.64,4:Clement Lee:46.09,5:Romain Wong:32.51
2150,Dijon,Lyon,04/03/2026,0730,0954,1:Alice Johnson:16.57,2:Taylor Conti:20.82,3:Nicolas Ferrari:16.72,4:Jeanne Tanaka:14.51,5:Alice Huang:17.35,6:Mateo Laurent:19.36,7:Corey Faure:19.67,8:Ricardo Wagner:19.40,9:Kenza Taylor:17.71,10:Javier Leroy:21.01,11:Mei Liu:21.22,12:Finn Diallo:12.79,13:Maria Durand:14.01,14:Skylar Almeida:19.74,15:Olivia Ribeiro:14.88,16:Ryan Vidal:19.99,17:Omar Liu:17.25,18:Ryan Ivanov:17.24,19:Isabella Ivanov:17.93,20:Celeste Taylor:12.92,21:Juan Morozov:13.69,22:Isabella Clark:20.41,23:David Fernandez:19.17,24:Bjorn Greco:16.41,25:Kwame Khelifi:17.19,26:Emi Rizzo:18.95,27:Sophie Schulz:17.54,28:Zola Cherif:17.89,29:Elsa Rodriguez:16.23,30:David Ferrari:21.88,31:Maria Traore:19.25,32:Jian Torres:22.39
5645,Limoges,Paris,15/09/2026,1730,0015,1:Pablo Wang:35.68,2:Felix Ferrari:34.34,3:Jackson Wang:35.05,4:Tristan Chung:36.05,5:Juan Lefevre:40.66,6:Zachary Wilson:33.95,7:Wei Kim:30.71,8:Bjorn Thomas:33.79,9:Paul Pham:41.65,10:Simon Taylor:42.13,11:Bilal Ivanov:34.34,12:Mateo Wang:43.40,13:Amandine Le:43.96,14:Awa Laurent:46.51,15:Juan Greco:51.67,16:Adrien Santos:38.29,17:Felix Vidal:30.70,18:Theo Schmidt:43.49,19:Omar Martinez:45.56,20:Jules Miller:34.87,21:Elena Gomes:42.99,22:Yara Oliveira:31.21,23:Valentine Moreau:29.53,24:Sonia Diallo:43.44,25:Hugo Wilson:34.03,26:Zola Le:29.82,27:Elsa Rodriguez:44.96,28:Aicha Ndiaye:48.92,29:Harper Ziane:38.45,30:Jian Zimmermann:51.15,31:Chloe Conti:30.18,32:Chau Khan:32.07,33:Baptiste Ribeiro:31.84,34:Bjorn Johnson:39.78,35:Ethan Zhang:32.43,36:Silas Cherif:33.69,37:Taro Wilson:33.78,38:Noah Khan:44.72,39:Ryo Boudjema:43.79,40:Taylor Fournier:40.46,41:Hazel Laurent:33.13,42:Javier Petrov:47.62,43:Maria Durand:31.28,44:Ricardo Diop:45.57,45:Orion Laurent:52.95,46:Emma Cisse:32.75,47:Louis Singh:32.46,48:Sora Weber:50.99,49:Madison Torres:42.76
4406,Saint-Etienne,Paris,01/03/2026,2045,0317,1:Emi Nkosi:41.88,2:Gabriel Diop:41.59,3:Sara Dubois:48.06,4:Sara Petit:42.20,5:Wei Schmidt:48.09,6:Kai Nguyen:42.03,7:Mei Vidal:46.74,8:Javier Kovacs:36.37,9:Jian Clark:29.91,10:Lian Cruz:42.89,11:Mehdi Benali:49.73,12:Baptiste Bianchi:47.90,13:Margaux Ribeiro:48.24,14:Zola Le:34.23,15:Corey Yamamoto:40.20,16:Carmen Miller:45.61,17:Valentine Ndiaye:46.51,18:Camille Diallo:36.72,19:Thao Tran:47.63,20:Louis Sanchez:48.39,21:Kenza Khelifi:30.31,22:Louis Huang:46.91,23:Sophie Popov:49.38,24:Lucas Clark:39.89,25:Valentine Huang:45.07,26:Miguel Ndiaye:35.13,27:Dylan Popov:31.20,28:Igor Ali:49.30,29:Harper Kuznetsov:34.64,30:Daiki Wang:35.23,31:Driss Almeida:46.18,32:Karim Haddad:37.04
1527,Metz,Dijon,07/04/2026,1230,1623,1:Tristan Santos:25.21,2:Pierre Cruz:26.19,3:Kwame Smith:33.40,4:Rose Thomas:25.37,5:Hugo Wilson:19.51,6:Kai Liu:29.65,7:Yara Rodrigues:33.39,8:David Ferrari:31.39,9:Fiona Miller:26.66,10:Silas Dubois:23.09,11:Thao Tran:25.84,12:Silas Cherif:22.43,13:Lucia Hussein:23.65,14:Rayan Davis:27.50,15:Chloe Traore:26.35,16:Taylor Silva:20.62,17:Sonia Kim:25.81,18:Ricardo Alves:22.01,19:Mateo Wang:18.76,20:Theo Taylor:25.68,21:Jason Ferrari:22.67,22:Alessio Ali:21.65,23:Driss Cisse:28.95,24:Yasmine Zhang:24.23,25:Zachary Moussa:27.35,26:Sofia Leroy:26.11,27:Zoe Diallo:29.28,28:Fode Ferrari:29.24,29:Manon Wagner:21.22,30:Amandine Ziane:32.04
8346,Dijon,Nice,07/04/2026,1800,0125,1:Tristan Tran:44.57,2:Javier Schmidt:46.88,3:Lucia Diop:55.42,4:Dmitri Klein:55.35,5:Felix Schmidt:36.42,6:Madison Santos:37.08,7:Harper Ribeiro:53.22,8:Felix Haddad:38.36
5295,Clermont-Ferrand,Reims,30/12/2026,2100,0143,1:Finn Wilson:38.40,2:Paul Diop:29.44,3:Gabriel Cherif:31.19,4:Daiki Martinez:36.60,5:Chau Wang:32.12,6:Oceane Kuznetsov:23.87,7:Brenda Le:29.83,8:Felix Wagner:33.28,9:Mateo Schulz:25.84,10:Celeste Benali:32.54,11:Ethan Durand:24.37,12:Orion Zhang:24.62,13:Igor Alves:30.82,14:Awa Kuznetsov:35.61,15:Harper Kuznetsov:37.56,16:Clement Wilson:34.31,17:Taro Ziane:39.52,18:Malika Vasiliev:29.28,19:Austin Chen:29.29,20:Miguel Wagner:28.67,21:Austin Schmidt:35.28,22:Noah Hussein:33.69,23:Manon Bianchi:32.00,24:Pablo Petrov:32.99,25:Miguel Sylla:39.54,26:Lucas Cherif:24.75,27:Nicolas Vidal:28.92,28:Nala Esposito:37.56,29:Bilal Wilson:26.09,30:Bjorn Sato:39.32,31:Chloe Weber:34.04
2786,Tours,Nice,04/11/2026,1600,0311,1:Isabella Smith:54.22,2:Valentine Yamamoto:38.90,3:Igor Cherif:35.13,4:Rose Miller:48.54,5:Aicha Robert:50.26,6:Wei Ferrari:45.44,7:Mehdi Abebe:54.45,8:Zachary Cisse:41.19,9:Javier Zimmermann:52.97,10:Rayan Perez:48.88,11:Orion Faure:33.69,12:Erica Vo:34.35,13:Emi Nkosi:53.18,14:Javier Schmidt:53.50,15:Felix Taylor:32.74,16:Ryo Klein:57.75,17:Sara Schmidt:42.20,18:Mateo Kuznetsov:34.49,19:Driss Dupont:55.88,20:Taylor Cruz:56.87,21:Elena Richard:47.89,22:Chau Khan:34.88,23:Nour Russo:32.87,24:Jeanne Petrov:57.10,25:Arthur Abebe:45.53,26:Wei Schmidt:58.40,27:Sora Garnier:48.90,28:Santiago Perez:37.78,29:Baptiste Ribeiro:35.39
3395,La Rochelle,Grenoble,16/10/2026,0730,1413,1:Omar Moreau:52.99,2:Ryo Chen:50.68,3:Omar Ouattara:32.87,4::,5:Jian Robert:,6:Driss Greco:51.40,7:Aicha Santos:,8::,9:Lucia Kovacs:49.69,10:Zane Suzuki:34.46,11:Dylan Petrov:45.24,12:Pierre Rodriguez:30.81,13:Valentine Martinez:34.88,14:Yasmine Alves:38.61,15:Lucia Huang:36.56,16:Victor Huang:,17:Sofia Thomas:49.34,18::,19:Malika Martin:36.55,20:Skylar Novak:39.76,21:Karim Zhang:44.68,22:Sekou Cherif:42.02,23:Oceane Vo:46.21,24:Lea Sato:51.55,25:Imani Perez:48.89,26:Ethan Zhang:34.94,27:Paul Davis:42.51,28:Liam Alves:47.72
6112,La Rochelle,Lille,20/07/2026,1845,0138,1:Bjorn Gallo:46.94,2:Malika Brown:42.74,3:Chloe Morozov:38.85,4:Leila Vo:53.63,5:Amine Rizzo:50.46,6:Skylar Ribeiro:31.56,7:Oceane Boudjema:36.83,8:Sara Ferrari:38.54,9:Orion Laurent:30.69,10:Ulysse Nguyen:37.63,11:Ethan Smith:36.64,12:Nicolas Ouattara:39.76,13:Kenza Kim:46.63,14:Ryan Ouattara:35.17,15:Alice Garnier:51.35,16:Karim Weber:36.64,17:Alessio Silva:48.06,18:Sekou Bernard:41.53,19:Youssef Schmidt:31.14
1263,Lyon,Rouen,30/09/2026,0930,1612,1:Zoe Huang:45.96,2:Mei Ahmed:50.97,3:Omar Liu:42.14,4:Daiki Sousa:47.17,5:Minh Sanchez:40.28,6:Malika Brown:52.73,7:Jackson Popov:40.88,8:Kofi Novak:33.64,9:Imani Petrov:35.80,10:Paul Ahmed:44.02,11:Jackson Wang:39.74,12:Sora Weber:53.73
1108,Montpellier,Nice,03/12/2026,1830,2346,1:Chen Pereira:39.46,2:Brenda Dubois:39.91,3:Natalia Zhang:31.48,4:Jules Rizzo:27.45,5:Bjorn Greco:32.84,6:Mehdi Wilson:27.62,7:Sekou Santos:42.26,8:Chau Fournier:36.39,9:Jackson Diop:29.51,10:Madison Khan:43.04,11:Miguel Alves:30.26,12:Oceane Vo:31.03,13:Emi Lee:35.25,14:Katya Almeida:37.80,15:Liam Vasiliev:37.98,16:Lea Diallo:42.13,17:Silas Martin:35.94,18:Celeste Ramirez:29.87,19:Dmitri Silva:26.31,20:Dylan Ouattara:29.36,21:Hassan Kowalski:44.11,22:Mei Dupont:28.76,23:Sara Petit:36.31,24:Rayan Torres:38.37,25:Kimberly Diop:30.30,26:Silas Torres:33.88,27:Theo Bruno:44.01,28:Sofia Kovacs:34.20,29:Baptiste Roux:37.59,30:Brenda Le:30.35,31:Gabriel Brown:34.35,32:Madison Sylla:37.05
3976,Clermont-Ferrand,Lyon,10/07/2026,0900,1307,1:Mateo Benali:33.16,2:Sana Vo:29.80,3:Carmen Fernandez:29.63,4:Erica Sokolov:22.10,5:Olivia Lefevre:32.21,6:Emma Martin:34.20,7:David Simon:27.25,8:Sophie Popov:20.87,9:Jian Ramirez:31.49,10:Finn Davis:34.52,11:Chen Wong:25.03,12:Lucia Ramirez:21.65,13:Ulysse Petrov:24.12,14:Elena Sousa:22.21,15:Silas Simon:33.21,16:Mateo Abebe:23.37,17:Hassan Liu:36.06,18:Liam Rossi:27.08,19:Sekou Fournier:21.17,20:Ryo Doan:30.26,21:Lucia Rizzo:29.69,22:Omar Singh:30.00,23:Bjorn Moreau:30.34,24:Malika Kowalski:27.01,25:Yasmine Nguyen:29.87,26:Ethan Ouattara:35.33,27:Yasmine Pereira:30.94,28:Driss Cisse:31.50,29:Nicolas Yamamoto:20.77,30:Amine Rizzo:32.64,31:Brenda Dubois:34.49
2825,Angers,Rouen,02/06/2026,1315,1721,1:Juan Russo:30.28,2:Hana Gallo:21.56,3:Sonia Michel:19.53,4:Valentine Ferrari:18.93,5:David Cherif:25.02,6:Brenda Rizzo:25.94,7:Chau Bianchi:27.96,8:Felix Vidal:18.93,9:Igor Cherif:17.87,10:Bjorn Richard:24.37,11:Bjorn Schmidt:28.18,12:Aki Bianchi:23.85,13:Sekou Bernard:25.63
5787,Paris,Bordeaux,02/05/2026,1900,0210,1:Baptiste Alves:57.42,2:Sonia Boudjema:35.94,3:Brenda Ouattara:45.64,4:Jeanne Doan:49.97,5:Miguel Sylla:35.32,6:Yasmine Alves:51.09,7:Jules Miller:55.49,8:Madison Thomas:58.00,9:Farah Thomas:51.16,10:Yara Wong:46.07,11:Lucas Clark:35.96,12:Brenda Mohamed:50.47,13:Sofia Gomez:38.62,14:Akira Torres:45.61
7617,Brest,Perpignan,19/05/2026,2030,0729,1:Amine Torres:51.08,2:Akira Ferrari:42.01,3:Lea Conti:42.94,4:Pablo Martinez:33.29,5:Thao Tran:35.03,6:Javier Leroy:57.96,7:Taylor Conti:35.29,8:Bjorn Lefevre:56.43,9:Yumi Russo:54.31,10:Nicolas Miller:52.17,11:Olivia Tanaka:32.58,12:Nour Brown:54.29,13:Aisha Hussein:48.07,14:Ryo Michel:36.96,15:Alessio Haddad:41.74,16:Hana Wagner:37.13,17:Lian Traore:40.50,18:Sana Doan:38.25,19:Camille Ramirez:51.72,20:Aki Ivanov:55.49,21:Samira Ramirez:53.50,22:Amine Lefevre:42.59,23:Kai Cisse:43.32,24:Ryan Sato:40.53,25:Rayan Garcia:39.33,26:Ryo Rizzo:57.79,27:Pierre Diop:39.76,28:Bilal Cruz:46.23,29:Tristan Moreau:47.86,30:Skylar Almeida:45.95,31:Nala Moore:52.14,32:Alessio Schulz:55.25,33:Ryan Rossi:56.00,34:Alice Johnson:34.77
5980,Rouen,Lyon,29/05/2026,1545,2235,1:Alessio Boudjema:38.16,2:Jian Fahmi:43.18,3:Camille Chen:36.15,4:Sana Park:34.72,5:Jules Cruz:49.72,6:Olivia Kuznetsov:55.36,7:Clement Zimmermann:52.96,8:Zane Suzuki:45.38,9:Alice Alves:35.69,10:Maria Petrov:55.92,11:Fode Perez:39.13,12:Imani Laurent:43.06,13:David Rizzo:40.01,14:Willow Vo:54.77,15:Mehdi Schmidt:52.47,16:Noah Conti:33.34,17:Simon Fernandez:55.41,18:Chloe Novak:43.20,19:Romain Zimmermann:50.62,20:Rose Rodriguez:42.31,21:Samira Lefevre:44.71,22:Harper Moreau:44.37,23:Elena Richard:44.93,24:Lucia Klein:53.86,25:Thao Khan:41.26,26:Amandine Perez:57.32,27:Simon Moore:33.28,28:Austin Doan:40.79,29:Ryo Williams:34.89,30:Bjorn Torres:49.86,31:Orion Zhang:35.73,32:Paul Pereira:37.80,33:Javier Haddad:54.76,34:Ryan Sokolov:46.20,35:Kofi Pereira:41.19,36:Willow Rossi:49.06,37:Fiona Doan:51.88,38:Samira Wagner:37.33,39:Valentine Yamamoto:47.42,40:Nour Cruz:49.23,41:Yara Clark:54.65,42:Lian Kim:48.20,43:Harper Ziane:40.87,44:Skylar Chung:33.39,45:Orion Laurent:34.78,46:Clement Lee:37.09,47:Karim Nguyen:37.10,48:Sergei Ramirez:32.88,49:Margaux Ribeiro:37.34,50:Pierre Morozov:47.62,51:Sara Khan:34.91,52:Gabriel Park:35.84,53:Silas Martin:54.74,54:Nicolas Ali:53.06
8779,Strasbourg,Bordeaux,06/02/2026,2230,1103,1:Fode Ferrari:52.49,2:Mei Nkosi:38.81,3::,4:Manon Moreau:35.53,5:Harper Rizzo:37.14,6:Alessio Ziane:55.64,7:Pierre Cruz:35.52,8:Pierre Thomas:52.80,9:Liam Vasiliev:47.75,10:Taylor Smith:34.13,11:Simon Thomas:52.80,12:Jian Ali:36.21,13:Ricardo Cruz:,14:Elsa Martin:36.79,15:Clement Fournier:,16:Igor Muller:47.90,17:Hassan Martin:41.92,18:Driss Nguyen:47.05,19:Aki Rodriguez:42.51,20:Jason Traore:57.43,21:Jackson Sanchez:54.05,22::,23:Baptiste Thomas:45.68,24:Ryan Sokolov:39.45,25:Chau Almeida:51.48,26:Yumi Liu:50.85,27::,28:Skylar Rossi:46.07,29:Zoe Perez:40.70,30:Madison Gomes:54.09,31:Taro Wilson:41.90,32:Mateo Brown:48.49,33:Jeanne Russo:57.24,34:Sofia Zhang:,35:Thao Moreau:57.89
5815,Angers,Lille,12/04/2026,1015,1630,1:Dylan Popov:31.21,2:Clement Lopez:26.95,3:Bilal Mohamed:36.76,4:Fode Fournier:28.25,5:Driss Yamamoto:30.78,6:Akira Zimmermann:33.71,7:Kenza Kim:41.27,8:Hazel Fournier:41.41,9:Ines Kovacs:35.24,10:Amandine Ribeiro:37.39,11:Akira Abebe:44.69,12:Ulysse Petrov:37.99,13:Adrien Vasiliev:40.12,14:David Santos:26.50,15:Ethan Bianchi:44.24,16:Adrien Kuznetsov:33.62,17:Karim Sousa:26.97,18:Maria Tran:32.36,19:Pierre Moussa:28.78,20:Sekou Cherif:30.20,21:Zola Smith:25.90,22:Maria Sylla:38.82,23:Wei Moreau:37.08,24:Kwame Wong:43.00,25:Driss Perez:35.06,26:Aicha Laurent:31.57,27:Alice Martin:41.31,28:Li Martinez:32.29,29:Aisha Ali:45.38,30:Zoe Popov:45.07
8676,Bordeaux,Brest,19/09/2026,2045,0011,1:Santiago Ferrari:26.10,2:Camille Rizzo:30.23,3:Isabella Sanchez:17.11,4:Baptiste Bianchi:17.20,5:Harper Kuznetsov:29.41,6:Elena Russo:24.99,7:Chloe Singh:20.98,8:Hazel Schmidt:27.06,9:Camille Santos:26.78,10:Ulysse Clark:30.50,11:Leila Pham:23.64,12:Alessio Wong:22.39,13:Bilal Ali:24.98,14:Theo Le:17.91,15:Carmen Faure:18.86,16:Mei Ferrari:28.98,17:Sofia Chen:28.12,18:Louis Park:20.91,19:Erica Ribeiro:22.34,20:Theo Bruno:30.15,21:Kofi Martin:27.67,22:Zane Abebe:19.31,23:Corey Michel:20.38,24:Chen Sanchez:20.33,25:Bilal Mohamed:30.22,26:Aki Ivanov:30.32,27:Louis Fernandez:21.94,28:Driss Kuznetsov:18.82
8925,Metz,Rennes,23/02/2026,0715,1827,1:Li Faure:57.37,2:Mei Vidal:36.33,3:Pierre Ziane:35.21,4:Driss Nguyen:56.66,5:Carmen Faure:51.11,6:Farah Rizzo:41.97,7:Isabella Mohamed:45.88,8:Camille Chen:41.19,9:Leila Khan:52.47,10:Sonia Greco:41.91,11:Amandine Fahmi:41.67,12:Mei Dupont:34.46,13:Pablo Garcia:53.57,14:Ricardo Vidal:41.84,15:Igor Cisse:58.21,16:Hazel Ribeiro:52.71,17:Juan Ziane:49.35,18:Katya Almeida:34.67,19:Bilal Clark:45.68,20:Romain Schulz:47.49,21:Mateo Abebe:56.78,22:Austin Santos:46.35,23:Adrien Conti:41.37,24:Aki Huang:37.82,25:Lucas Oliveira:33.44,26:Amandine Faure:46.77,27:Madison Tanaka:51.36,28:Hazel Hussein:46.33,29:Zola Sylla:36.48,30:Rayan Moreau:43.84
7050,Marseille,Grenoble,11/03/2026,1415,1857,1:Ethan Dupont:26.12,2:Natalia Zhang:25.61,3:Silas Brown:33.72,4:Omar Kovacs:35.24,5:Leila Zhang:26.09,6:Bjorn Esposito:30.27,7:Kai Liu:36.38,8:Fode Doan:41.83,9:Brenda Popov:34.52,10:Kenza Bernard:35.78,11:Corey Lefevre:23.45,12:Amine Durand:38.14,13:Erica Singh:37.05,14:Carmen Liu:27.10,15:Jules Liu:24.19,16:Lucia Simon:40.22,17:Jeanne Wang:23.56,18:Sana Ali:34.03,19:Pablo Wang:26.43,20:Camille Santos:33.67,21:Juan Russo:35.09,22:Isabella Sanchez:27.49,23:Olivia Alves:39.51,24:Natalia Weber:36.80,25:Aki Rodriguez:34.07,26:Gabriel Diop:35.55,27:Minh Doan:39.13,28:Romain Michel:26.54,29:Baptiste Ribeiro:30.69,30:Pablo Pereira:28.55
9381,Nantes,Strasbourg,31/10/2026,1100,0002,1:Elsa Martin:47.50,2:Aisha Moussa:37.56,3:Li Gomes:54.30,4:Miguel Greco:51.25,5:Ryan Ivanov:47.37,6:Driss Laurent:37.29,7:Karim Bruno:40.57,8:Sora Durand:51.75,9:Jeanne Wang:48.30,10:Olivia Pereira:56.01,11:Mehdi Roux:38.07,12:Mehdi Wilson:43.04,13:Chau Torres:58.03,14:Bilal Le:36.01,15:Taro Doan:45.40,16:Chau Zimmermann:32.74,17:Zane Klein:51.99,18:Orion Laurent:38.93,19:Corey Robert:39.95,20:Li Oliveira:46.15,21:Silas Leroy:40.17,22:Ethan Liu:56.42,23:David Thomas:54.42,24:Felix Garcia:38.06,25:Amine Leroy:33.23,26:Skylar Nguyen:38.69,27:Emma Martin:51.28,28:Maria Petrov:52.15,29:Paul Davis:57.98,30:Hazel Ribeiro:32.82,31:Sofia Ribeiro:33.70
7741,Bordeaux,Metz,17/09/2026,,2349,1:Ulysse Petrov:42.48,2:Adrien Martin:57.62,3:Hazel Ribeiro:35.51,4:Emi Robert:41.78,5:Alessio Gomes:33.89,6:Juan Lefevre:43.88,7:Sana Lefevre:35.86,8:Skylar Richard:41.56,9:Celeste Taylor:44.47,10:Nicolas Clark:44.31,11:Adrien Conti:53.86,12:Minh Fahmi:48.78,13:Leila Zhang:33.44,14:Taylor Wilson:33.55,15:Rose Ramirez:47.39,16:Arthur Abebe:33.56,17:Lucas Novak:45.92,18:Baptiste Benali:38.36,19:Jian Lopez:42.39,20:Chloe Singh:51.47,21:Ulysse Wang:49.69,22:Jules Torres:52.41,23:Daiki Gomez:40.72,24:Liam Rossi:38.96,25:Silas Dubois:47.32,26:Miguel Dupont:56.58,27:Valentine Singh:46.81,28:Rayan Garcia:40.86,29:Paul Muller:46.31,30:Baptiste Pham:36.81,31:Yumi Chen:35.02,32:Baptiste Kuznetsov:57.20,33:Taro Wilson:44.75,34:Sora Wagner:55.55
9202,Le Mans,Rouen,03/05/2026,0830,1243,1:Leila Vidal:21.09,2:Dylan Petit:,3:Thao Moreau:30.51,4:Elena Sousa:21.10,5:Oceane Huang:29.50,6::,7:Akira Miller:25.68,8:Miguel Wagner:26.95,9:Zola Torres:31.08,10:Paul Diop:20.19,11:Felix Nguyen:29.93,12:Quentin Fernandez:27.59,13:Ryan Rodriguez:31.45,14:Madison Zhang:,15:Paul Pereira:21.24,16:Manon Rizzo:23.65,17:Farah Wilson:26.05,18:Samira Wong:25.56,19:Rayan Rodriguez:20.67,20:Ulysse Morozov:23.85,21:Aisha Gallo:27.38,22:Oceane Gomez:23.27,23:Camille Morozov:20.71,24:Ricardo Dubois:20.06,25:Corey Michel:21.79,26:Elsa Martin:21.17,27:Harper Ferrari:30.87,28:Pierre Yamamoto:23.78,29:Kofi Khan:30.28,30:Olivia Lefevre:32.56,31:Igor Muller:34.35,32::,33:Quentin Roux:29.57,34:Kofi Ndiaye:30.31,35:Natalia Lefevre:19.17
5762,Reims,Toulouse,07/06/2026,1000,1810,1::,2:Sekou Yamamoto:40.14,3:Valentine Davis:42.77,4:Kenza Martinez:44.59,5:Kai Rossi:53.76,6:Madison Sylla:50.59,7:Manon Kim:35.89,8:Fode Diallo:57.09,9:Hugo Thomas:47.10,10:Zachary Popov:52.07,11:Sora Haddad:55.98,12:Sana Zhang:,13:Sekou Ahmed:44.28,14::,15:Minh Rossi:,16:Omar Kovacs:43.16,17:Kenza Pereira:49.84,18::,19:Liam Vasiliev:40.62,20:Kai Roux:,21:Finn Miller:47.02,22:Lucia Vo:33.01,23::,24:Skylar Gallo:40.51,25:Santiago Huang:44.93,26:Olivia Lefevre:,27:Lian Pereira:39.63,28::,29:Imani Alves:48.89,30::,31:Sonia Greco:56.89,32::,33:Alessio Ferrari:56.17,34:Miguel Dupont:33.68,35:Yasmine Pereira:46.77,36:Silas Moussa:45.53,37:Thao Moreau:44.83
5971,Saint-Etienne,Reims,19/03/2026,1815,2124,1:Imani Singh:26.18,2::,3:Bilal Gallo:21.89,4:Jeanne Doan:28.56,5::,6:Valentine Ndiaye:28.50,7:Kwame Weber:20.88
7533,Perpignan,Nice,01/07/2026,0830,1625,1:Taro Gallo:42.35,2:Brenda Rizzo:52.52,3:Juan Fernandez:47.18,4:Samira Morozov:33.74,5:Clement Fernandez:38.31,6:Lea Bianchi:55.68,7:Rayan Davis:40.27,8:Aicha Rizzo:38.85,9:Orion Lefevre:57.52,10:Chau Huang:57.16,11:Erica Ribeiro:53.15,12:Maria Roux:46.01,13:Clement Lee:41.23,14:Ethan Liu:49.36,15:Sophie Benali:55.37,16:Natalia Durand:51.48,17:Ryan Rodriguez:47.12,18:Jackson Muller:52.78,19:Eloise Boudjema:50.34,20:Imani Rizzo:52.50,21:Daiki Gomez:55.41,22:Katya Doan:50.86,23:Elena Oliveira:40.80,24:Santiago Abebe:45.45,25:Zola Garcia:57.29,26:Bilal Mohamed:34.15,27:Rayan Perez:47.02,28:Louis Haddad:38.23,29:Amine Rossi:38.63,30:Lucia Ziane:32.59,31:Mehdi Abebe:58.27,32:Zachary Cisse:46.93,33:Rayan Johnson:42.48,34:Kofi Novak:38.75,35:Zoe Greco:40.02,36:Imani Dupont:54.54,37:Hazel Khan:42.81,38:Oceane Ouattara:55.12,39:Awa Schmidt:46.31,40:Bjorn Tran:37.42,41:Noah Khan:48.96
9679,Perpignan,Montpellier,07/07/2026,0615,1019,1:Clement Esposito:33.23,2:Fiona Park:26.13,3:Quentin Pereira:24.25,4:Ryo Michel:35.90,5:Elsa Perez:27.94
8778,Dijon,Lille,12/07/2026,0915,1639,1:Imani Perez:32.99,2:Nicolas Gomes:42.01,3:Sekou Greco:50.97,4:Mehdi Wilson:40.93,5:Isabella Mohamed:51.60,6:Nicolas Khelifi:35.48,7:Amandine Conti:35.53,8:Lucia Huang:58.13,9:Miguel Wagner:48.34,10:Thao Tran:52.32,11:Taylor Cruz:46.63,12:Willow Ramirez:43.07,13:Jules Oliveira:58.25,14:Madison Zhang:45.87,15:Valentine Moreau:57.24,16:Baptiste Sanchez:49.67,17:Adrien Laurent:43.48,18:Hana Martinez:57.52,19:Mehdi Rodriguez:38.83,20:Lian Cherif:41.57,21:Rayan Moreau:51.67,22:Silas Davis:46.51,23:Natalia Cruz:46.05,24:Zane Suzuki:56.98,25:Emma Miller:54.29,26:Sora Esposito:56.20,27:Arthur Garnier:34.92,28:Minh Sato:53.35,29:Victor Zimmermann:55.44,30:Li Schmidt:35.07,31:Adrien Moore:37.61,32:Quentin Gomez:46.20,33:Orion Lefevre:57.80
9939,Bordeaux,Limoges,22/08/2026,1930,0001,1:Akira Zimmermann:24.49,2:Tristan Wang:30.63,3:Kai Bianchi:30.79,4:Driss Cruz:25.25,5:Ethan Ramirez:23.03,6:Ricardo Vidal:32.73,7:Alessio Schmidt:26.59,8:Camille Tran:,9:Clement Esposito:27.00,10::,11:Baptiste Kuznetsov:34.17,12:Omar Liu:36.89,13:Daiki Gomez:26.61,14:Javier Dupont:21.35,15:Minh Ivanov:20.78,16:Olivia Thomas:20.63,17:Jackson Kim:22.29,18:Driss Cisse:33.25,19:Sergei Boudjema:21.53,20:Finn Tran:26.33,21:Hugo Dubois:,22:Dmitri Russo:33.04,23:Eloise Fahmi:32.91,24:Ryo Perez:35.96,25:Leila Johnson:35.31,26:Amine Novak:26.85,27:Jules Moore:36.77,28::,29:Madison Santos:26.25,30:Maria Sylla:29.59,31:Skylar Davis:23.12,32:Leila Khan:30.94
6207,Nice,Saint-Etienne,08/03/2026,1730,0104,1:Margaux Schmidt:52.91,2:Sophie Tran:37.41,3:Silas Dubois:38.72,4:Clement Fournier:50.50,5:Clement Fernandez:57.66,6:Louis Singh:43.99,7:Dylan Roux:48.09,8:Emma Cisse:48.75,9:Aicha Vo:39.01,10:Li Schmidt:39.60,11:Imani Laurent:37.58,12:Li Wilson:51.55,13:Victor Singh:33.41,14:Imani Dupont:33.44,15:Youssef Schmidt:43.62,16:Lucia Diop:48.32,17:Carmen Sato:44.32,18:Sofia Wang:46.94,19:Sophie Benali:57.50,20:Hazel Brown:42.26,21:Bilal Sokolov:35.13,22:Liam Khelifi:39.78,23:Chau Kovacs:50.30,24:Victor Tran:34.59,25:Aisha Hussein:45.68,26:Hazel Lefevre:58.14,27:Lucas Suzuki:35.12
2132,Lille,Saint-Etienne,24/07/2026,2115,0331,1:Alice Vidal:35.61,2:Tristan Santos:34.28,3:Quentin Rossi:46.18,4:Alice Leroy:27.74,5:Jules Park:45.57,6:Celeste Lee:45.20,7:Ryan Ziane:33.27,8:Sonia Diallo:34.79,9:Aki Vo:39.83,10:Mehdi Roux:44.88,11:Fode Diallo:37.57,12:Dylan Moreau:31.74,13:Camille Ramirez:44.18,14:Baptiste Rizzo:36.39,15:Orion Bernard:34.03,16:Amandine Pham:32.68,17:Manon Zimmermann:32.45,18:Noah Gallo:35.22,19:Amine Lefevre:26.38,20:Lian Pereira:43.07,21:Fiona Suzuki:34.33,22:Erica Mohamed:28.56,23:Elsa Singh:33.89,24:Willow Smith:36.53,25:Valentine Smith:33.94,26:Santiago Robert:43.25
1836,Rouen,Toulouse,22/07/2026,0815,1807,1:Santiago Sousa:45.17,2:Ines Dubois:44.10,3:Felix Muller:58.21,4:Dylan Perez:36.34,5:Paul Pereira:33.01,6:Emma Greco:52.86,7:Amandine Fahmi:47.52,8:Jian Michel:44.60,9:Karim Liu:55.08,10:Jeanne Wang:55.68,11:Madison Diop:45.06,12:Kenza Nkosi:49.10,13:Austin Moussa:41.91,14:Taylor Zhang:40.84,15:Carmen Liu:39.00,16:Mei Diallo:42.92,17:Lucas Fernandez:58.31,18:Youssef Morozov:34.94,19:Emma Moussa:53.28,20:Hana Wagner:38.84,21:Aki Cisse:50.17,22:Minh Doan:32.77,23:Celeste Muller:37.87,24:Carmen Cisse:32.63,25:Mehdi Conti:48.01,26:Hugo Nkosi:57.07,27:Dylan Petit:49.19,28:Fode Fournier:34.93,29:Isabella Schmidt:51.25,30:Lea Brown:44.98,31:Sophie Ali:52.06,32:Leila Johnson:49.36,33:Paul Chen:38.98,34:Felix Nguyen:49.70,35:Juan Lefevre:50.64
6310,Le Mans,Angers,25/08/2026,1930,2242,1:Lucas Khelifi:16.76,2:Sana Sousa:20.58,3:Fode Perez:21.08,4:Thao Moreau:17.60,5:Taylor Smith:16.22,6:Sergei Ramirez:17.18,7:Valentine Oliveira:22.17,8:Zola Martin:12.58,9:Mateo Kuznetsov:21.51,10:Karim Weber:13.35,11:Omar Lopez:13.31,12:Wei Benali:18.99,13:Javier Petrov:16.77,14:Adrien Chung:16.34,15:Igor Alves:17.55,16:Chloe Kuznetsov:17.97,17:Mei Ali:15.38,18:Romain Sylla:21.81,19:Silas Almeida:21.73
6122,Nantes,Angers,14/08/2026,1600,1730,1:Javier Sato:13.07,2:Rayan Perez:,3:Hana Wagner:19.80,4:Lea Wilson:13.17,5:Finn Weber:18.63,6:Natalia Faure:21.15,7:Jian Popov:22.29,8:Elena Ali:16.46,9:Harper Nkosi:21.48,10:Aki Ivanov:18.14,11:Silas Leroy:20.70,12:Zachary Thomas:16.48,13:Sofia Leroy:12.52,14:Nour Morozov:13.21,15:Valentine Singh:21.52,16:Celeste Taylor:15.95,17:Dylan Popov:14.51,18:Ryo Simon:18.69,19:Tristan Garnier:18.25,20:Imani Rodriguez:14.41,21:Sekou Cherif:22.11,22:Pierre Morozov:15.15,23:Harper Fahmi:,24:Bilal Kuznetsov:16.62,25:Aicha Wong:22.20,26:Harper Ferrari:16.80,27:Javier Dupont:13.97,28:Youssef Conti:16.53,29:Javier Zimmermann:21.92,30:Yasmine Esposito:20.90,31:Liam Bernard:19.69,32:Pierre Taylor:19.74,33:Bilal Clark:15.10,34::,35:Youssef Abebe:,36:Li Schmidt:21.60,37:Isabella Ivanov:14.82
3022,Reims,Paris,07/10/2026,2000,0539,1:Chloe Wong:46.63,2:Manon Novak:51.72,3:Leila Khan:56.84,4:Romain Haddad:52.90,5:Akira Gomes:40.36,6:Thao Lee:55.91,7:Erica Lopez:41.71,8:Lea Brown:41.86,9:Orion Laurent:36.39,10:Arthur Wong:33.28,11:Driss Thomas:52.83,12:Emma Almeida:56.31,13:Aicha Garnier:34.02,14:Nala Miller:43.57,15:Mei Nkosi:55.35,16:Noah Suzuki:57.33,17:Isabella Ziane:47.38,18:Skylar Ribeiro:58.16,19:Aisha Martinez:41.76,20:Felix Klein:44.79,21:Nala Conti:54.03,22:Carmen Faure:56.58,23:Orion Lefevre:33.74,24:Kenza Nkosi:46.31,25:Juan Petit:49.10,26:Fiona Vidal:45.28
5578,Paris,Perpignan,21/11/2026,0715,1845,1:Quentin Chen:51.58,2:Oceane Rodriguez:37.09,3:Ulysse Dupont:43.50,4:Imani Dupont:52.12,5:Sergei Vasiliev:33.57,6:Taylor Cruz:41.18,7:Emma Almeida:37.78,8:Carmen Petrov:46.89,9:Lucas Khelifi:48.71,10:Kenza Traore:37.52,11:Malika Robert:36.49,12:Juan Greco:55.75,13:Sophie Sousa:51.81,14:Zachary Gomes:37.61,15:Willow Cisse:56.62,16:Elsa Suzuki:41.60,17:Margaux Muller:56.56,18:Natalia Wong:48.94,19:Oceane Gomez:32.60,20:Camille Tran:51.56,21:Javier Bianchi:42.51,22:Louis Moussa:54.49,23:Jian Traore:35.03,24:Silas Cherif:54.78,25:Corey Taylor:56.98,26:Yara Clark:46.92,27:Romain Michel:57.48,28:Hassan Rizzo:57.29,29:Erica Tanaka:39.54,30:Jian Pham:49.18,31:Sophie Clark:52.80,32:Wei Ferrari:51.79,33:Rose Yamamoto:42.79,34:Nicolas Ferrari:34.90
4749,Nantes,Clermont-Ferrand,30/10/2026,1500,2207,1::,2:Oceane Robert:33.73,3:Awa Cisse:38.49,4:Juan Russo:49.22,5::,6:Valentine Chung:,7:Karim Petrov:56.49,8:Ryan Benali:41.36,9:Ethan Zhang:40.20,10:Farah Almeida:54.20,11:Lea Sokolov:33.91,12:Silas Martin:48.44,13::,14:Katya Doan:57.07,15:Sora Haddad:50.86,16:Sofia Esposito:44.21,17:Brenda Kovacs:35.62
8183,Strasbourg,Rouen,12/09/2026,0600,1709,1:Igor Morozov:47.28,2:Katya Tran:37.43,3:Chloe Traore:37.88,4:Tristan Chen:37.87,5:Carmen Miller:41.61,6:Hugo Robert:52.33,7:Chau Ali:53.60,8:Nicolas Yamamoto:52.64,9::,10:Zola Clark:40.69,11:David Esposito:34.67,12:Ulysse Sokolov:34.03,13:Jason Klein:40.01,14:Celeste Park:32.76,15:Carmen Fernandez:39.43,16:Jeanne Fahmi:33.64,17:Hana Silva:49.76,18::,19:Lucia Kuznetsov:44.01,20:Imani Zhang:49.57,21:Fiona Simon:46.82,22:Liam Santos:36.13,23:Finn Cisse:45.75,24:Farah Russo:39.64,25:Alice Johnson:49.28,26:Bilal Kovacs:,27:Ines Doan:33.16,28:Romain Haddad:45.67,29:Lucia Klein:46.83,30::
5313,Clermont-Ferrand,Marseille,14/11/2026,1730,2223,1:Valentine Ferrari:27.68,2:Austin Gomes:22.26,3:Tristan Chung:28.69,4:Olivia Kuznetsov:23.47,5:Taylor Gomes:24.71,6:Finn Cisse:35.93,7:Aki Torres:23.42,8:Amine Rizzo:35.92,9:Skylar Chung:36.69,10:Jeanne Fahmi:26.17,11:Natalia Sylla:32.16,12:Gabriel Fahmi:36.62,13:Yumi Chen:33.33,14:Leila Johnson:25.16,15:Hazel Petrov:24.80,16:Kimberly Williams:26.19,17:Orion Lefevre:28.93,18:Daiki Sousa:27.99,19:Chau Zimmermann:20.75,20:Miguel Ndiaye:33.70,21:Chau Torres:26.62,22:Minh Smith:24.52,23:Willow Tanaka:34.54,24:Hana Martinez:34.25,25:Celeste Muller:31.93,26:Noah Diop:29.58,27:Victor Huang:29.14,28:Minh Rizzo:32.08,29:Adrien Laurent:32.53,30:Baptiste Santos:27.23,31:Manon Rizzo:30.07,32:Sergei Gallo:23.65,33:Malika Moore:30.13,34:Imani Singh:30.03,35:Malika Le:21.51
9450,Nice,Rouen,03/02/2026,0830,2137,1:Isabella Benali:40.17,2:Driss Dupont:45.61,3:Adrien Santos:55.36,4:Brenda Robert:46.24,5:Jackson Martinez:50.96,6:Sekou Bianchi:51.20,7:Isabella Durand:53.28,8:Amine Gomez:57.22,9:Jason Kowalski:46.92,10:Lian Garnier:54.22,11:Hazel Singh:56.43,12:Felix Muller:52.45
5108,Rennes,Grenoble,12/05/2026,2145,0454,1:Taylor Wong:57.62,2:Isabella Mohamed:53.26,3:Jason Klein:51.40,4:Sana Novak:47.09,5:Rayan Singh:57.12,6:Rose Martin:53.99,7:Ryan Moreau:42.76,8:Taro Gallo:47.65,9:Jason Ramirez:50.74,10:Theo Le:51.47,11:Miguel Ndiaye:47.04,12:Chau Wang:44.71,13:Baptiste Rizzo:42.23,14:Gabriel Fahmi:58.20,15:Mateo Kuznetsov:34.02,16:Baptiste Roux:49.97,17:Samira Gomes:39.93,18:Yara Brown:55.02,19:Pablo Garcia:43.13,20:Ryan Rossi:37.55,21:Sekou Yamamoto:33.78,22:Bjorn Sato:42.98,23:Driss Greco:47.96,24:Fode Almeida:35.94,25:Zoe Perez:40.90,26:Fode Moussa:38.59,27:Amandine Pham:49.27,28:Zoe Popov:56.86,29:Felix Muller:47.32,30:Kofi Cruz:44.68
5884,Brest,Nice,07/09/2026,0915,0057,1:Nour Cruz:46.22,2:Katya Almeida:38.87,3:Zane Wilson:49.37,4:Margaux Vasiliev:49.22,5:Jackson Ramirez:54.33,6:Elena Ziane:54.83,7:Silas Simon:34.66,8:Kofi Ndiaye:54.42,9:Madison Sylla:51.76,10:Sonia Huang:50.14,11:Hassan Kowalski:46.51,12:Taro Doan:51.57,13:Taro Gallo:50.69,14:Willow Abebe:47.93,15:Brenda Kovacs:41.55,16:Omar Liu:42.96,17:Zoe Davis:44.62,18:Corey Ivanov:54.62,19:Ricardo Alves:37.92,20:Juan Ziane:39.51,21:Sekou Moreau:52.54,22:Sergei Ramirez:57.08,23:Nour Tran:37.78,24:Valentine Moreau:53.97,25:Adrien Conti:39.80,26:Olivia Pereira:56.83,27:Rayan Pham:58.38,28:Nour Singh:49.76,29:Sana Vo:54.20,30:Corey Laurent:51.09,31:Ryo Doan:37.69,32:Sora Russo:52.98,33:Jeanne Russo:40.45,34:Alessio Lopez:40.10
9854,Lyon,Lille,01/04/2026,1930,0137,1:Lucia Mohamed:48.34,2:Katya Ahmed:30.81,3:Aki Tran:46.35,4:Jian Ali:41.30,5:Camille Tran:38.94,6:Katya Doan:32.44,7:Youssef Popov:27.93,8:Bjorn Gallo:40.75,9:Driss Nguyen:44.63,10:Zoe Rodrigues:29.96,11:Hassan Klein:44.19,12:Igor Chen:40.16,13:Javier Kovacs:40.22,14:Mehdi Bernard:30.35,15:Alessio Schmidt:27.58,16:Santiago Khan:47.38,17:Hana Bianchi:36.75,18:Karim Weber:41.92,19:Wei Haddad:29.24,20:Elena Conti:40.37,21:Kai Cisse:43.88,22:Sophie Taylor:44.95,23:Lea Leroy:34.17,24:Ulysse Roux:46.71,25:Jackson Kuznetsov:43.23,26:Kenji Weber:46.38
5364,Brest,Montpellier,26/03/2026,1000,2106,1:Nicolas Ali:46.97,2:Clement Moore:34.69,3:Fode Tanaka:33.76,4:Romain Michel:43.52,5:Ryan Rodriguez:57.11,6:Fiona Davis:52.03,7:Sana Doan:37.35,8:Noah Suzuki:56.70,9:Igor Park:44.80,10:Ethan Cisse:37.09,11:Imani Alves:33.71,12:Karim Haddad:42.33,13:Madison Kowalski:49.11,14:Camille Wang:46.95,15:Oceane Lee:49.54,16:Sana Ali:54.78,17:Sophie Schulz:52.12,18:Chau Kovacs:48.36,19:Camille Tran:55.84,20:Brenda Rizzo:47.48,21:Minh Rossi:44.91,22:Baptiste Richard:42.81,23:Igor Moussa:42.05
8746,Brest,Dijon,05/12/2026,1030,2125,1:Zane Almeida:54.26,2:Chau Huang:48.32,3:Jian Popov:49.47,4:Corey Laurent:45.86,5:Aki Vo:46.54,6:Mehdi Rodriguez:52.99,7:Finn Kowalski:57.35,8:Finn Weber:39.25,9:Jeanne Haddad:36.27,10:Felix Esposito:52.83,11:Ulysse Johnson:32.68,12:Willow Popov:37.27,13:Nicolas Sanchez:52.67,14:Kenji Clark:40.73,15:Kai Michel:39.42,16:Mateo Novak:57.25,17:Chen Roux:55.98,18:Aicha Wang:52.51,19:Hazel Fournier:57.39,20:Ryo Perez:42.86,21:Jeanne Petrov:48.04,22:Javier Brown:48.52,23:Austin Schmidt:46.57,24:Valentine Durand:46.00,25:Sara Tran:49.42,26:Nicolas Ali:48.97,27:Pablo Pereira:56.70,28:Ryo Chen:43.93,29:Nala Wang:33.55,30:Dylan Popov:42.56,31:Sekou Ziane:51.24,32:Paul Cruz:32.91,33:Baptiste Benali:43.23
8910,Reims,Dijon,11/12/2026,1745,1926,1:Louis Sanchez:21.80,2:Tristan Diop:15.39,3:Fode Conti:14.54,4:Chloe Weber:17.14,5:Willow Simon:20.14,6:Ryo Doan:13.81,7:Chloe Conti:21.39,8:Orion Laurent:19.69,9:Jian Lopez:19.14,10:Yumi Nkosi:21.93,11:Ryan Morozov:21.77,12:Pierre Traore:17.20,13:Felix Tanaka:12.87
2365,Limoges,Le Mans,25/04/2026,1430,1743,1:Omar Singh:25.90,2:Lucia Rodriguez:26.78,3:Natalia Wong:17.13,4:Oceane Huang:16.26,5:Ethan Ramirez:18.63,6:Adrien Vo:20.11,7:Hana Bianchi:24.05,8:Elena Diallo:24.83,9:Javier Petrov:26.99,10:Sora Haddad:16.74,11:Louis Singh:18.77,12:Chloe Lefevre:25.99,13:Sana Vo:24.73,14:Sora Russo:27.36,15:Kwame Rizzo:27.88,16:Juan Petit:15.73,17:Awa Suzuki:26.47,18:Nicolas Khelifi:27.60,19:Youssef Simon:20.70,20:Lian Garnier:25.67,21:Zola Garcia:20.96,22:Baptiste Rodriguez:20.61,23:Jules Cherif:23.93,24:Sara Schmidt:21.96,25:Sofia Sousa:22.48,26:Sara Fahmi:27.11,27:Jian Garcia:20.51,28:Hugo Tran:16.86,29:Karim Petrov:27.27,30:Sara Rodrigues:17.01,31:Amine Leroy:18.51,32:Felix Nguyen:27.59,33:Nicolas Sanchez:18.47
7827,La Rochelle,Metz,30/09/2026,0600,1632,1:Romain Diallo:52.09,2:Tristan Popov:45.72,3:David Santos:54.96,4:Rose Garcia:49.36,5:Jeanne Wang:47.19,6:Simon Chen:58.21,7:Romain Wong:32.87,8:Maria Petrov:54.26,9:Sara Cruz:57.33,10:Valentine Martinez:46.40,11:Mei Diallo:38.22,12:Jules Park:56.07,13:Aisha Ali:38.99,14:Sonia Ahmed:52.46,15:Mateo Laurent:53.96,16:Emma Petrov:45.51,17:Paul Cruz:39.02,18:Driss Cruz:48.17,19:Emma Dupont:34.18,20:Chloe Russo:49.01,21:Amandine Perez:35.83,22:Rayan Novak:43.07,23:Kenji Mohamed:52.57,24:Santiago Robert:45.93,25:Simon Wilson:52.41,26:Omar Liu:35.88,27:Samira Rossi:52.06,28:Katya Bianchi:37.80,29:Zola Schmidt:36.66,30:Jeanne Russo:32.63,31:Taylor Silva:41.74,32:Rayan Garcia:37.15,33:Fode Perez:54.53,34:Silas Sylla:37.45,35:Arthur Durand:54.73,36:Hassan Pereira:54.65,37:Margaux Dupont:54.88
1518,Metz,Lyon,27/11/2026,1115,1528,1:Malika Robert:26.84,2:Olivia Kuznetsov:30.50,3:Silas Ziane:31.37,4:Lucas Khelifi:21.14,5:Alessio Oliveira:31.33,6:Juan Greco:21.51,7:Alessio Schmidt:26.44,8:Gabriel Brown:30.26,9:Felix Huang:19.16,10:Austin Chen:29.26,11:Baptiste Richard:21.66,12:Amandine Chung:22.57,13:Leila Roux:24.05,14:Chen Pereira:25.65,15:Katya Doan:20.97,16:Katya Schulz:27.11,17:Li Gomez:21.61,18:Samira Wong:25.22,19:Silas Greco:26.89,20:Ryo Chen:23.72,21:Emma Cherif:24.38,22:Victor Mohamed:23.87,23:Baptiste Rizzo:31.26,24:Katya Khelifi:26.31,25:Manon Popov:31.51,26:Celeste Ramirez:19.29,27:Yara Clark:28.40,28:Chloe Ferrari:23.03,29:Eloise Popov:32.51,30:Karim Weber:19.93,31:Katya Yamamoto:20.30,32:Sonia Boudjema:20.40,33:Noah Hussein:28.26,34:Rayan Greco:20.63,35:Romain Lopez:32.29
8620,Caen,Dijon,01/11/2026,0715,1400,1:Ethan Thomas:49.41,2:Sora Garnier:49.28,3:Theo Dubois:49.02,4:Jackson Wang:38.28,5:Camille Santos:40.66,6:Javier Sato:36.85,7:Rayan Chen:34.48,8:Igor Muller:44.50,9:Zachary Thomas:44.27,10:Awa Cisse:46.64,11:Willow Michel:46.83,12:Kenza Martinez:50.16,13:Madison Diop:46.61,14:Emma Almeida:49.42,15:Baptiste Roux:55.22,16:Lian Garnier:40.73,17:Natalia Ali:38.17,18:Chloe Smith:49.99,19:Kai Liu:50.28,20:Sergei Bernard:31.01,21:Lucia Vo:34.73,22:Mateo Abebe:32.86,23:Amine Cherif:55.24,24:Sana Durand:48.80,25:Liam Pham:54.91,26:Sekou Kim:55.23,27:Sophie Clark:35.30,28:Finn Russo:48.83,29:Chloe Novak:45.93,30:Harper Ouattara:52.27,31:Zoe Diallo:38.45,32:Juan Rizzo:47.01,33:Miguel Sylla:48.63
5138,Lille,Caen,19/07/2026,0900,1150,1:Hazel Lefevre:23.03,2:Oceane Greco:25.69,3:Emi Pham:24.59,4:Emi Robert:18.78,5:Elsa Singh:20.27,6:Kofi Muller:24.50,7:Noah Lopez:20.59,8:Ryan Cherif:19.63,9:Taro Wilson:22.70,10:Zane Abebe:24.09,11:Natalia Davis:17.59,12:Miguel Diop:19.10,13:Malika Taylor:25.90,14:Finn Weber:25.98,15:Driss Cisse:23.23,16:Felix Zimmermann:23.33,17:Sophie Benali:25.42,18:Leila Greco:16.22,19:Chloe Wong:15.96,20:Jason Ferrari:24.56,21:Paul Muller:16.13,22:Hana Wagner:20.17,23:Natalia Moore:21.99,24:Daiki Garcia:25.80,25:Ryan Klein:23.08,26:Madison Tanaka:24.06,27:Romain Zimmermann:20.97,28:Chau Fournier:20.29,29:Samira Morozov:23.74,30:Olivia Khelifi:15.98,31:Silas Klein:19.46,32:Sofia Davis:19.50,33:Elsa Conti:15.48,34:Imani Williams:16.59,35:Lian Pereira:22.76,36:Taylor Moreau:18.35,37:Emma Cisse:18.60,38:Wei Lopez:23.46
2621,Le Mans,Lille,27/02/2026,0600,1213,1:Amine Weber:38.11,2:Skylar Petit:33.89,3:Daiki Clark:49.52,4:Theo Taylor:30.91,5:Jian Michel:39.75,6:Lucia Kovacs:48.05,7:Alessio Almeida:36.15,8:Liam Bernard:51.52,9:Jules Lopez:46.09,10:Rayan Davis:34.24,11:Igor Muller:38.24,12:Driss Laurent:35.57,13:Omar Martinez:38.88,14:Valentine Clark:48.16,15:Hana Williams:39.29,16:Lian Diallo:47.87,17:Malika Nguyen:49.12,18:Gabriel Rodrigues:32.78,19:Rose Moussa:42.20,20:Bjorn Tran:49.03,21:Baptiste Roux:35.02,22:Jeanne Haddad:52.64,23:Zachary Traore:43.18,24:Alice Leroy:41.55,25:Olivia Pereira:39.72,26:David Clark:49.22,27:Samira Morozov:49.20,28:Eloise Boudjema:38.78,29:Aicha Michel:47.97,30:Erica Vo:36.87,31:Hassan Liu:41.97,32:Kofi Novak:46.58,33:Awa Klein:31.13,34:Elsa Singh:54.15,35:Mei Ziane:52.39,36:Baptiste Bianchi:49.95,37:Hassan Liu:45.29,38:Alessio Wong:38.96,39:Brenda Bianchi:42.08
5794,Perpignan,Reims,21/11/2026,1915,0432,1:Baptiste Richard:46.05,2:Javier Wilson:52.32,3:Katya Santos:45.99,4:Simon Taylor:54.50,5:Nala Wang:41.21,6:Margaux Conti:41.71,7:Isabella Durand:54.74,8:Margaux Fournier:56.46,9:Amine Leroy:38.92,10:Hana Silva:56.12,11:Kofi Wilson:39.06,12:Pierre Garnier:37.12,13:Kai Ahmed:56.91,14:Victor Diop:46.23,15:Camille Morozov:41.59,16:Austin Santos:57.26,17:Leila Pham:55.04,18:Santiago Khan:34.25,19:Rayan Garcia:36.98,20:Lucas Fernandez:43.26,21:Katya Khelifi:41.25,22:Jian Singh:43.77,23:Li Kowalski:55.54,24:Simon Garnier:43.49,25:Sana Zhang:36.16,26:Minh Sanchez:53.61,27:Aicha Wang:51.62,28:Madison Kowalski:50.79,29:Fiona Park:42.34,30:Alessio Gomes:53.05,31:Akira Ferrari:47.41,32:Skylar Ribeiro:57.01,33:Ryan Conti:53.71,34:Sergei Vasiliev:43.04,35:Kenza Taylor:49.23,36:Malika Sanchez:35.29,37:Gabriel Park:32.97
3622,Le Mans,Rouen,03/09/2026,2030,0142,1:Sofia Kovacs:37.19,2:Sofia Chen:30.32,3:Isabella Le:31.21,4:Ryan Benali:24.02,5:Pierre Diallo:34.01,6:Corey Martin:26.58,7:Louis Ndiaye:36.27
2656,Perpignan,Dijon,11/11/2026,2200,0708,1:Nicolas Zimmermann:46.22,2:Malika Brown:41.12,3:Sara Rodrigues:44.43,4:Liam Pham:36.48,5:Pierre Bruno:58.38,6:Samira Bianchi:42.13,7:Liam Santos:55.19,8:Pierre Taylor:55.09,9:Sora Michel:41.24,10:Valentine Ferrari:34.61,11:Thao Khan:48.71,12:Quentin Wilson:57.53,13:Jackson Muller:39.84,14:Gabriel Cherif:41.93,15:Madison Tanaka:35.28,16:Zoe Bruno:58.15,17:Amandine Ali:51.16,18:Katya Almeida:46.34,19:Silas Sylla:38.88,20:Dmitri Russo:48.85,21:Akira Martin:52.33,22:Omar Esposito:50.33,23:Olivia Kuznetsov:55.65,24:Lian Lee:46.66,25:Rayan Johnson:40.76,26:Willow Sokolov:46.49,27:Bilal Thomas:44.40,28:Youssef Conti:37.19,29:Willow Smith:40.34,30:Lucas Almeida:33.25,31:Taro Doan:57.03,32:Sonia Kim:55.75
5088,Nantes,Nice,15/06/2026,1130,0109,1:Amine Rossi:37.47,2:Yasmine Zhang:49.68,3:Jian Zimmermann:38.82,4:Sophie Benali:33.40,5:Yumi Wilson:57.92,6:Arthur Chung:35.29,7:Yara Doan:32.66,8:Madison Kowalski:55.92,9:Margaux Conti:39.57,10:Oceane Wang:38.97,11:Hassan Liu:46.37,12:Sora Davis:51.47,13:Ulysse Sokolov:54.51,14:Alessio Lopez:56.78,15:Noah Khan:37.46,16:Jason Klein:56.67,17:Farah Thomas:54.10,18:Kenza Chen:34.82,19:Alice Martin:56.79,20:Gabriel Park:47.79,21:Samira Wagner:53.22,22:Mehdi Abebe:37.47,23:Youssef Abebe:49.45,24:Driss Nguyen:33.56,25:Zachary Popov:48.27,26:Leila Dupont:50.35,27:Emma Miller:51.41
6370,Saint-Etienne,La Rochelle,06/07/2026,1330,1906,1:Pierre Liu:,2:Ines Laurent:34.69,3:Rayan Torres:41.00,4:Alessio Almeida:30.27,5:Kai Ahmed:25.96,6:Hugo Miller:30.49,7:Sergei Gallo:25.84,8::,9:Samira Lefevre:27.07,10:Samira Khelifi:,11:Ryan Rodriguez:36.60,12:Amine Lefevre:34.06,13:Kai Park:27.53,14::,15::,16:Hazel Brown:31.38,17:Sophie Vo:28.39,18:Felix Vidal:42.04,19:Mei Liu:27.74,20:Sofia Lee:,21::,22:Thao Khan:40.04,23::,24:Awa Laurent:30.56,25:Lucas Klein:31.04,26:Sana Martin:34.97,27:Lucia Rodriguez:37.35,28:Manon Silva:42.57,29:Skylar Richard:40.94,30:Juan Ziane:38.85,31:David Esposito:26.77,32:Sora Russo:33.42,33:Zola Garcia:25.68,34:Imani Bernard:25.83,35:Felix Huang:27.80,36:Sonia Michel:42.71,37:Eloise Moreau:32.05,38:Pierre Ribeiro:41.97,39:Jian Michel:25.79,40:Aki Tran:26.65
8796,Tours,Nantes,27/02/2026,2145,0152,1:Ulysse Vo:30.89,2:Pierre Morozov:21.78,3:Igor Muller:31.40,4:Farah Diallo:35.21,5:Camille Moreau:30.62,6:Sana Lefevre:27.91,7:Awa Suzuki:31.09,8:Felix Huang:35.00,9:Pierre Moussa:23.75,10:Sekou Moreau:28.54,11:Hazel Petrov:25.41,12:Ulysse Clark:31.79,13:Chen Yamamoto:32.16,14:Quentin Leroy:33.06,15:Juan Russo:20.79,16:Elena Oliveira:21.79,17:Austin Chen:31.76,18:Brenda Simon:20.34
3914,Marseille,Lyon,17/05/2026,1800,2239,1:Malika Taylor:37.61,2:Margaux Schmidt:27.30,3:Nour Rodrigues:27.29,4:Zachary Thomas:34.24,5:Minh Novak:25.61,6:Eloise Oliveira:34.46,7:Eloise Wilson:27.03,8:Youssef Conti:22.61,9:Yumi Nkosi:35.39,10:Pierre Traore:27.89,11:Alice Zhang:31.41,12:Youssef Doan:39.29,13:Adrien Martin:30.53,14:Dmitri Klein:33.64,15:Fiona Doan:30.28,16:Minh Schulz:35.04,17:Amandine Haddad:29.20,18:Valentine Durand:26.60,19:Jules Martin:39.51,20:Kimberly Huang:25.43,21:Nala Dupont:33.89,22:Sophie Taylor:30.35,23:Corey Weber:24.15,24:Adrien Garnier:39.66,25:Emma Ziane:36.14,26:Omar Kovacs:30.54,27:Maria Petrov:30.19
3755,Saint-Etienne,Nantes,12/04/2026,0715,1340,1:Pierre Bruno:37.39,2:Taro Wilson:29.55,3:Aisha Park:37.26,4:Kai Michel:49.56,5:Miguel Yamamoto:32.57,6:Silas Leroy:29.99,7:Rose Yamamoto:27.94,8:Mei Dubois:48.43,9:Manon Bianchi:40.49,10:Alessio Wong:36.61,11:Juan Lopez:45.95,12:Miguel Pereira:29.99,13:Skylar Petit:48.79,14:Juan Ziane:43.00,15:Willow Ramirez:29.88,16:Victor Khelifi:45.79,17:Yara Brown:36.17
8939,Rennes,Strasbourg,13/09/2026,1100,2322,1:Skylar Ribeiro:49.12,2:Mei Dubois:52.21,3:Erica Tanaka:38.60,4:Natalia Durand:52.66,5:Thao Laurent:58.31,6:Mei Ferrari:58.38,7:Yasmine Pereira:45.31,8:Eloise Suzuki:41.37,9:Pierre Cruz:56.41,10:Katya Singh:37.16,11:Driss Ziane:33.18,12:Sara Tran:33.57,13:Ricardo Nkosi:56.99,14:Rose Rodriguez:40.56,15:Simon Nkosi:32.83,16:Oceane Ouattara:38.11,17:Sora Wagner:46.12,18:Pierre Morozov:37.66,19:Fode Diallo:41.72,20:Taylor Moore:52.75,21:Gabriel Rodrigues:50.49,22:Oceane Rodriguez:45.54,23:Samira Bianchi:40.79,24:Liam Yamamoto:48.04,25:Jeanne Taylor:39.35,26:Pierre Taylor:51.15,27:Theo Kim:41.22,28:Leila Leroy:45.61,29:Harper Sato:51.74,30:Emi Johnson:45.14,31:Rayan Singh:49.42,32:Sophie Alves:33.31,33:Nala Mohamed:44.53,34:Simon Brown:48.51,35:Baptiste Suzuki:57.67,36:Pierre Liu:33.88,37:Ryan Ivanov:33.24,38:Hana Martinez:58.38,39:Romain Zimmermann:52.64,40:Margaux Ribeiro:35.44,41:Katya Ahmed:50.49,42:Amandine Cisse:57.75,43:Sofia Kovacs:57.73,44:Alessio Ziane:47.03,45:Wei Haddad:33.55,46:Thao Lee:51.81,47:Zane Michel:35.61,48:Aisha Gallo:35.56,49:Bjorn Schmidt:51.91
7076,Saint-Etienne,Nantes,22/06/2026,2045,0402,1:Mei Ahmed:53.10,2:Juan Russo:,3:Juan Rizzo:33.08,4:Silas Leroy:50.85,5:Aki Vo:52.73,6:Zane Davis:56.80,7:Liam Khelifi:51.47,8:Ricardo Nkosi:53.50,9:Liam Rodriguez:48.21,10:Jian Diop:,11:Yumi Liu:52.69,12:Skylar Petit:42.46,13:Theo Schmidt:37.65,14:Jackson Silva:44.57,15:Valentine Davis:47.11,16:Kenji Leroy:33.50,17:Karim Liu:,18:Felix Yamamoto:35.30,19:David Ferrari:57.17,20:Zachary Vo:49.48,21:Jason Klein:53.95,22:Maria Garnier:47.45,23::,24:Silas Dubois:42.41,25:Chen Roux:47.26,26:Aicha Ndiaye:40.41,27:Aicha Vo:35.26
9996,Montpellier,Clermont-Ferrand,19/05/2026,1015,1442,1::,2:Zane Johnson:29.88,3:Imani Nkosi:38.10,4:Quentin Chen:29.54,5:Daiki Kim:30.35,6::,7:Quentin Schulz:31.86,8:Eloise Boudjema:29.42,9::,10:Kai Doan:34.02
8955,Toulouse,Metz,11/04/2026,1100,1952,1:Rose Martin:,2:Olivia Kim:33.20,3:Austin Liu:32.65,4:Nour Popov:37.25,5:Ricardo Martinez:48.73,6:Dylan Popov:43.74,7:Youssef Wagner:53.05,8:Clement Lee:46.77,9:David Cherif:58.07,10:Lucas Almeida:,11:Chloe Ferrari:38.97,12:Rose Ramirez:51.49,13:Tristan Haddad:53.32,14:Victor Mohamed:33.48,15:Tristan Garnier:41.70,16:Eloise Sanchez:34.53,17:Baptiste Wong:37.55,18:Isabella Sanchez:41.86,19:Driss Almeida:46.63,20:Louis Fernandez:45.46,21:Baptiste Santos:43.32,22:Imani Schmidt:54.66,23:Javier Davis:58.02,24:Ethan Liu:49.71,25:Miguel Sylla:38.27,26:Thao Ndiaye:56.34,27:Kenza Weber:52.64,28:Olivia Ribeiro:39.25,29:Rayan Rodrigues:34.48
7132,Perpignan,Grenoble,09/04/2026,0730,1458,1:Jules Garcia:51.65,2:Chen Pereira:32.48,3:Celeste Boudjema:47.04,4:Alessio Ali:54.25,5:Fiona Suzuki:37.33,6:Akira Brown:43.78,7:Chloe Ferrari:46.15,8:Eloise Popov:44.35,9:Bilal Kuznetsov:52.06,10:Imani Petrov:40.64,11:Sora Esposito:50.58,12:Austin Santos:44.51,13:Alessio Silva:33.86,14:Mateo Vasiliev:35.67,15:Chloe Kuznetsov:44.97,16:Silas Hussein:47.65,17:Pablo Diop:40.07,18:Orion Faure:40.28,19:Emma Brown:33.05,20:Finn Cisse:54.74,21:Lea Suzuki:34.61,22:Hassan Martin:33.08,23:Silas Martin:35.99,24:Valentine Huang:35.24,25:Isabella Ivanov:45.33,26:Finn Kowalski:33.43,27:Aisha Sanchez:50.23
1056,Paris,Clermont-Ferrand,28/08/2026,1745,2348,1:Hana Miller:34.77,2:Jeanne Smith:33.01,3:Mehdi Sato:34.45,4:Finn Wilson:43.47,5:Nala Conti:42.99,6:Emi Johnson:36.87,7:Chen Muller:36.38,8:Sekou Moreau:27.03,9:Rose Mohamed:38.16,10:Paul Leroy:37.26,11:Amandine Perez:30.19
9109,Nantes,Lille,25/07/2026,0730,1347,1:Igor Moussa:50.52,2:Nicolas Greco:52.86,3:Dmitri Klein:50.84,4:Pierre Cruz:45.20,5:Imani Dupont:40.57,6:Aisha Sanchez:54.11,7:Chen Yamamoto:42.88,8:Fode Conti:42.17,9:Chau Weber:52.85,10:Amine Rossi:53.52,11:Sonia Kim:43.26,12:Gabriel Diop:45.13,13:Karim Sousa:41.13,14:Austin Haddad:39.00,15:Arthur Durand:47.53,16:Emi Lee:49.84,17:Wei Lopez:34.99,18:Paul Moreau:35.53,19:Awa Doan:46.62,20:Chau Lee:43.31,21:Omar Lee:46.68,22:Alessio Ziane:31.55,23:Jackson Muller:48.29,24:Zane Johnson:44.08,25:Lucia Rizzo:50.24,26:Kimberly Schmidt:42.48,27:Romain Zimmermann:32.87,28:Sofia Wang:38.73,29:Akira Gomes:51.01,30:David Rizzo:43.27,31:Zoe Huang:41.62,32:Sara Ferrari:40.81,33:Nour Smith:43.64
2797,Rouen,Angers,17/04/2026,1200,1640,1:Ryo Perez:33.48,2:Willow Tanaka:24.92,3:Fiona Park:23.90,4:Taylor Kim:19.63,5:Kenji Khan:25.74,6:Ulysse Dupont:25.20,7:Amandine Haddad:23.42,8:Miguel Yamamoto:30.23,9:Akira Miller:27.86,10:Katya Khelifi:29.26,11:Nicolas Bernard:19.04,12:Liam Khelifi:20.67,13:Manon Kim:33.48,14:Jeanne Doan:28.75,15:Silas Davis:20.21,16:Silas Brown:25.36,17:Samira Huang:22.21,18:Hugo Greco:29.34,19:Hugo Novak:33.61,20:Quentin Chen:30.28,21:Sofia Davis:20.49,22:Imani Petrov:30.15,23:Dylan Popov:28.14,24:Harper Boudjema:19.65,25:Miguel Pereira:33.33,26:Sekou Santos:32.50,27:Zoe Kowalski:27.43,28:Hassan Pereira:26.93,29:Jackson Popov:28.57,30:Austin Chen:32.40,31:Sophie Vo:33.75
2280,Rennes,Toulouse,01/08/2026,0615,1509,1:Youssef Chung:32.94,2:Elena Richard:37.02,3:Maria Durand:35.45,4:Finn Diallo:41.37,5:Baptiste Sanchez:34.59,6:Karim Weber:47.64,7:Kenji Weber:58.47,8:Sergei Dubois:38.83,9:Gabriel Park:46.34,10:Kwame Cherif:39.46,11:Willow Tanaka:54.75,12:Javier Haddad:53.28,13:Margaux Garnier:57.18,14:Madison Santos:50.57,15:Emi Nkosi:53.35,16:Manon Perez:44.74,17:Driss Nguyen:55.10,18:Liam Pham:48.02,19:Adrien Martin:55.67,20:Katya Yamamoto:45.27,21:Nicolas Miller:49.08,22:David Bruno:48.74,23:Erica Sokolov:45.70,24:Leila Wilson:54.56,25:Harper Cisse:57.59,26:Brenda Kovacs:49.11,27:Zola Williams:35.99,28:Chau Torres:53.99,29:Aisha Haddad:47.41,30:Chloe Lefevre:34.73,31:Santiago Miller:48.41
1671,Lille,Clermont-Ferrand,23/08/2026,1100,1653,1:Austin Schmidt:24.29,2:Farah Boudjema:38.57,3:Valentine Martinez:37.32,4:Driss Laurent:34.53,5:Ulysse Vidal:41.45,6:Alessio Alves:25.99,7:Amandine Perez:33.18,8:Miguel Clark:28.10,9:Sekou Ziane:25.49,10:Sofia Suzuki:34.09,11:Omar Singh:27.29,12:Elsa Rodriguez:27.00,13:Simon Thomas:32.94,14:Pierre Traore:28.85,15:Lea Leroy:34.59,16:Pierre Morozov:27.53,17:Lian Le:39.41,18:Romain Zimmermann:27.63,19:Olivia Ivanov:26.51,20:Yara Oliveira:26.52,21:Sana Smith:34.71,22:Chloe Smith:33.54,23:Valentine Durand:32.68,24:Sara Schmidt:34.14,25:Chloe Fernandez:32.43,26:Sergei Sokolov:25.33
6252,Brest,Nantes,06/04/2026,0800,1159,1:Youssef Chung:33.58,2:Samira Petit:20.55,3:Eloise Oliveira:28.01,4:Gabriel Garnier:30.49,5:Adrien Martin:29.76,6:Jules Fernandez:29.69,7:Dylan Ouattara:21.19,8:Kenji Khan:34.43,9:Elena Gomes:32.04,10:Sofia Wang:25.30,11:Chau Huang:27.69,12:Taro Gallo:27.04,13:Sora Weber:31.48,14:Sophie Wang:31.94,15:Simon Ahmed:25.22,16:Brenda Mohamed:23.80,17:Amine Gomez:32.08,18:Bjorn Tran:26.25,19:Nour Cruz:27.65,20:Malika Kowalski:22.71,21:Noah Ramirez:29.66,22:Hugo Thomas:34.14,23:Sonia Greco:23.61,24:Zachary Gomes:22.42,25:Ryan Sanchez:27.07,26:Skylar Gallo:26.63,27:Finn Kowalski:25.72,28:Hugo Ribeiro:34.62,29:Adrien Garnier:23.62,30:Ryo Rizzo:23.93,31:Corey Laurent:26.95,32:Kai Rossi:32.56
9142,Nantes,Angers,25/09/2026,1600,1805,1:Zola Cherif:14.26,2:Yara Cisse:14.72,3:Jules Bruno:17.27,4:Ryan Ouattara:18.76,5:Ethan Torres:16.00,6:Sophie Vidal:16.43,7:Orion Faure:15.42,8:Baptiste Alves:13.16,9:Hassan Pereira:22.23,10:Ryo Rizzo:21.55,11:Ryan Khelifi:17.65,12:Chloe Wong:15.53,13:Natalia Ali:13.38,14:Brenda Simon:19.24,15:Willow Abebe:18.39,16:Li Oliveira:13.70,17:Juan Morozov:16.28
7688,Dijon,Bordeaux,09/07/2026,1630,0241,1:Adrien Martin:54.42,2:Quentin Pereira:51.78,3:David Clark:46.78,4:Lucia Weber:56.21,5:Karim Faure:41.89,6:Tristan Chung:34.38,7:Wei Lefevre:36.28,8:Dmitri Hussein:47.77,9:Simon Fernandez:36.67,10:Skylar Ribeiro:53.99,11:Valentine Durand:39.82,12:Samira Wong:35.99,13:Kofi Petit:39.43,14:Nala Esposito:48.34,15:Hazel Traore:58.45,16:Akira Miller:38.77,17:Theo Schmidt:50.43,18:Karim Zhang:32.74,19:Ines Pereira:38.36,20:Fiona Cruz:57.93,21:Isabella Lefevre:48.38,22:Omar Ouattara:58.38,23:Taylor Zhang:56.49,24:Minh Sato:57.99,25:Felix Cisse:33.62,26:Sekou Cherif:37.43,27:Imani Nkosi:45.66,28:Zachary Zimmermann:33.74,29:Gabriel Yamamoto:39.25,30:Karim Liu:35.70,31:Chloe Durand:54.32,32:Ryo Perez:39.84,33:Ulysse Dupont:38.63,34:Sekou Bianchi:46.40,35:Jules Bernard:38.81,36:Theo Tanaka:54.39,37:Sergei Dubois:50.38,38:Hazel Petrov:58.49,39:Dylan Roux:34.06,40:Taylor Wong:42.05,41:Kimberly Abebe:46.69,42:Sara Greco:39.23,43:Jules Torres:40.44,44:Zoe Chen:44.84,45:Mehdi Wilson:43.65,46:Dmitri Le:47.81
3103,Strasbourg,Le Mans,23/12/2026,0600,1633,1:Mehdi Abebe:33.04,2:Manon Nkosi:36.01,3:Emma Conti:32.93,4:Awa Laurent:53.56,5:Eloise Khan:46.74,6:Mei Ferrari:47.48,7:Ulysse Clark:49.36,8:Rose Yamamoto:55.38,9:Fode Diallo:33.84,10:Olivia Ivanov:52.05
3949,Rouen,Lyon,21/10/2026,0900,1529,1:Imani Alves:30.97,2:Alessio Moreau:43.27,3:Alice Johnson:29.73,4:Sekou Santos:49.67,5:Eloise Suzuki:46.47,6:Hugo Thomas:47.00,7:Li Wilson:41.09,8:Kai Ahmed:35.50,9:Natalia Morozov:48.71,10:Alessio Ali:43.71,11:Mehdi Richard:35.30,12:Romain Gallo:29.66,13:Felix Zimmermann:30.16,14:Ethan Torres:31.46,15:Nour Morozov:48.14,16:Mei Liu:41.09,17:Alice Hussein:37.69,18:Hazel Hussein:30.11
1054,Rennes,Lille,24/02/2026,1545,2105,1:Hana Silva:38.67,2:Ethan Liu:38.27,3:Valentine Rodrigues:38.31,4:Fode Dubois:35.44,5:Natalia Ali:39.50,6:Li Abebe:44.00,7:Malika Le:32.76,8:Elena Sousa:25.84,9:Emma Sokolov:27.55,10:Kwame Rizzo:40.64,11:Akira Abebe:36.12,12:Theo Schmidt:34.63,13:Santiago Huang:42.67,14:Mateo Oliveira:32.92,15:Kenji Russo:36.59,16:Emi Pham:25.30,17:Kenji Mohamed:34.10,18:Arthur Abebe:41.22,19:Pierre Bruno:27.36,20:Driss Cisse:30.77,21:Hazel Ribeiro:38.06,22:Nour Cruz:31.18,23:Mei Garnier:34.53,24:Sophie Popov:27.84,25:Silas Martin:25.00,26:Imani Williams:37.27,27:Nour Russo:33.39
3135,Paris,Nantes,30/12/2026,1730,2332,1:Mateo Abebe:26.61,2:Imani Alves:29.71,3:Austin Garcia:29.94,4:Emma Dupont:45.70,5:Silas Miller:30.05,6:Imani Schmidt:30.19,7:Emma Greco:26.93,8:Jason Traore:39.51,9:Alessio Boudjema:34.80,10:Driss Chung:46.32,11:Jeanne Petrov:34.92,12:Jackson Ramirez:32.29,13:Isabella Schmidt:41.65,14:Camille Moreau:42.83,15:Taro Wang:28.34,16:Rayan Singh:37.87,17:Sophie Vidal:31.14,18:Pablo Petrov:36.07,19:Carmen Liu:42.65,20:Aisha Khan:39.14,21:Leila Pham:27.51,22:Dmitri Hussein:38.42,23:Mei Vidal:35.70,24:Katya Almeida:32.59,25:Ulysse Park:33.37,26:Harper Ferrari:34.00,27:Hassan Brown:41.49,28:Louis Park:26.33,29:Jeanne Haddad:39.55
3522,Nantes,Strasbourg,09/04/2026,1145,2325,1:Victor Singh:47.45,2:Fode Wang:33.62,3:Taro Greco:53.81,4:Chloe Wong:58.21,5:Katya Ahmed:35.08,6:Emi Nkosi:47.58,7:Dylan Popov:54.89,8:Kai Doan:34.60,9:Fiona Simon:38.80,10:Imani Rodriguez:33.72,11:Olivia Sousa:51.89,12:Isabella Smith:47.11,13:Kenza Pereira:42.04,14:Aicha Ndiaye:35.95,15:Austin Moore:43.35,16:Austin Haddad:53.99,17:Farah Nkosi:50.27,18:Willow Popov:48.05,19:Pierre Diallo:53.87,20:Clement Moussa:55.12,21:Samira Ouattara:42.88,22:Manon Nkosi:57.04,23:Kai Ahmed:49.13,24:Sophie Popov:35.14,25:Driss Oliveira:57.44,26:Tristan Wang:47.17,27:Orion Pereira:51.75
5560,Le Mans,Perpignan,05/09/2026,2115,0510,1:Amandine Haddad:40.64,2:Sora Klein:38.66,3:Bjorn Lefevre:45.61,4:Katya Ahmed:50.48,5:Lucia Vo:43.47,6:Jian Ali:55.27,7:Sana Sousa:53.31,8:Ulysse Laurent:56.47,9:Lian Kim:37.15,10:Victor Diop:41.31,11:Zola Cherif:33.44,12:Kwame Rizzo:40.53,13:Silas Ribeiro:44.16,14:Fiona Garnier:47.18,15:Karim Sanchez:37.76
5557,Grenoble,Dijon,22/10/2026,2130,0031,1:Samira Russo:22.15,2:Maria Traore:18.62,3:Aisha Sanchez:14.69,4:Hugo Miller:21.51,5:Sara Cruz:13.82,6:Corey Michel:15.68,7:Taylor Moore:22.41,8:Brenda Ouattara:16.16,9:Felix Suzuki:14.07,10:Santiago Ferrari:22.08,11:Baptiste Roux:23.12,12:Victor Singh:19.70,13:Ines Laurent:20.69,14:Silas Tran:20.61,15:Ricardo Alves:21.52,16:Sofia Kovacs:14.45,17:Silas Leroy:13.12,18:Theo Tanaka:16.16,19:Adrien Garnier:20.67,20:Igor Cherif:13.20,21:Sophie Wang:18.27,22:Nour Sousa:20.88,23:Lucas Oliveira:16.40,24:Lucia Rizzo:13.91,25:Sana Lefevre:17.52,26:Nala Wang:23.01,27:Katya Ahmed:16.17,28:Maria Sylla:13.67,29:Yasmine Nguyen:16.35,30:Ryan Ouattara:15.81,31:Mei Ziane:15.24,32:Nour Rodrigues:13.15,33:Elena Diallo:17.31,34:Imani Ali:16.49
2285,Paris,Brest,23/12/2026,2200,0735,1:Sergei Rossi:52.02,2:Lucia Mohamed:49.72,3:Bjorn Moore:42.22,4:Jason Mohamed:42.04,5:Zoe Novak:32.59,6:Hassan Pereira:53.79,7:Ulysse Vidal:52.20,8:Kenza Khelifi:43.89,9:Felix Garnier:36.29,10:Kofi Martin:40.07,11:Tristan Diop:55.19,12:Fiona Suzuki:39.24,13:Kenji Boudjema:49.37,14:Chau Huang:42.78,15:Romain Wong:38.84,16:Ines Laurent:40.48,17:Ryan Ziane:35.93,18:Camille Tran:49.75,19:Malika Moore:34.85,20:Adrien Laurent:55.71,21:Chau Zimmermann:49.49,22:Elena Lopez:58.10,23:Pablo Davis:45.60,24:Taylor Fournier:45.97,25:Chen Diallo:36.06,26:Isabella Park:51.60
9411,Marseille,Limoges,24/12/2026,,1428,1:Liam Vasiliev:34.88,2:Isabella Nkosi:28.48,3:Jules Cruz:35.91,4:Javier Bianchi:31.76,5:Romain Haddad:24.20,6:Simon Wilson:29.15,7:Erica Morozov:34.24,8:Finn Weber:30.48,9:Jason Ferrari:42.04,10:Hassan Kowalski:40.49,11:Ryan Rossi:40.26,12:Taylor Khan:33.84,13:Jules Liu:24.73,14:Pablo Diop:39.87,15:Orion Laurent:25.07,16:Arthur Abebe:40.38,17:Ethan Torres:27.03,18:Finn Cherif:29.54,19:Rose Schmidt:28.16,20:Chloe Kim:36.51,21:Bjorn Thomas:41.93,22:Jason Ramirez:35.89,23:David Fernandez:35.15,24:Gabriel Brown:34.35,25:Paul Moreau:36.73,26:Hazel Brown:31.01,27:Zachary Haddad:25.13,28:Minh Rizzo:32.05,29:Dylan Petit:24.94,30:Sekou Santos:29.47,31:Valentine Singh:33.99,32:Hazel Morozov:25.53,33:Kenji Clark:40.24,34:Taro Pham:34.57
8899,Lyon,Saint-Etienne,07/09/2026,2215,0016,1:Rose Miller:17.90,2:Hugo Greco:16.10,3:Sana Kovacs:13.55,4:Driss Yamamoto:21.49,5:Arthur Ivanov:18.17,6:Lucas Singh:21.54,7:Elena Laurent:15.66,8:Igor Almeida:15.41,9:Bilal Ali:19.66,10:Dmitri Vidal:15.70,11:Kimberly Mohamed:20.09,12:Amine Dupont:19.64,13:Theo Kim:21.34,14:Natalia Fournier:18.07,15:Bjorn Richard:14.93,16:Margaux Dupont:13.04,17:Brenda Popov:14.81,18:Yasmine Pereira:20.05,19:Samira Khelifi:17.35,20:Fiona Greco:16.29,21:Paul Pereira:13.93,22:Simon Yamamoto:16.49,23:Lucia Kovacs:16.01,24:Jason Cruz:16.65,25:Chau Lee:21.61,26:Pierre Rodriguez:18.95,27:Valentine Martinez:13.53,28:Hassan Singh:13.62,29:Victor Singh:20.51,30:Dmitri Lee:18.68,31:Adrien Moore:15.83,32:Felix Garcia:16.92,33:Erica Ribeiro:13.21,34:Lucas Klein:16.19,35:Kwame Schulz:14.50,36:Chloe Russo:13.13,37:Carmen Cisse:13.28,38:Jules Lopez:16.17,39:David Fernandez:16.35,40:Leila Rizzo:20.62,41:Taylor Smith:13.87,42:Fiona Davis:19.43,43:Katya Ahmed:21.87,44:Clement Zimmermann:21.27,45:Ryo Rizzo:19.98,46:Alessio Schulz:17.82,47:Felix Ivanov:17.06,48:Pierre Morozov:22.18,49:Chloe Novak:12.95,50:Sofia Diop:16.37,51:Kai Bianchi:16.70,52:Isabella Fahmi:14.46,53:Amandine Ali:14.94
9932,Nantes,Montpellier,25/07/2026,1730,0301,1:Amine Lefevre:40.83,2:Leila Greco:51.37,3:Louis Simon:50.82,4:Paul Ahmed:51.38,5:Hassan Pereira:38.36,6:Chau Ali:36.12,7:Kimberly Diop:38.61,8:Emi Cisse:44.35,9:Romain Diallo:44.86,10:Chloe Ferrari:52.50,11:Natalia Martinez:53.91
3596,Tours,Montpellier,27/09/2026,1300,2035,1:Akira Park:46.70,2:Zoe Oliveira:38.47,3:Ines Sokolov:33.51,4:Ethan Ramirez:55.47,5:Natalia Fournier:48.34,6:Finn Davis:35.48,7:Baptiste Benali:37.01,8:Erica Morozov:46.20,9:Carmen Fernandez:37.34,10:Mei Nkosi:52.15,11:Simon Chen:45.16,12:Tristan Chen:46.15,13:Kwame Conti:54.15,14:Emma Petrov:53.70,15:Sekou Greco:52.56,16:Katya Bruno:38.77,17:Sora Davis:35.64,18:Nour Cruz:36.13,19:Oceane Greco:36.47,20:Hana Garnier:52.50,21:Igor Alves:38.68,22:Jeanne Russo:36.05,23:Nicolas Clark:47.80,24:Chau Huang:41.49,25:Romain Diallo:41.39,26:Fiona Greco:54.91
6661,Lille,Brest,04/04/2026,1815,,1:Jason Mohamed:44.84,2:Dmitri Hussein:45.95,3:Pierre Diallo:33.80,4:Camille Pereira:42.10,5:Lucas Doan:47.60,6:Yara Moore:57.06,7:Aicha Vo:51.02,8:Yara Doan:49.61,9:Simon Garnier:34.25,10:Manon Perez:35.27,11:Kenza Taylor:51.06,12:Karim Sanchez:41.85,13:Miguel Clark:32.62,14:Arthur Sousa:56.47,15:Lucia Simon:42.64,16:Sonia Dupont:54.70,17:Jeanne Petit:53.72,18:Lea Sokolov:36.94,19:Gabriel Cherif:53.78,20:Ryan Rodriguez:46.88,21:Camille Morozov:37.93,22:Juan Fernandez:53.55,23:Chloe Laurent:48.75,24:Oceane Huang:43.95,25:Yasmine Esposito:48.73,26:Yumi Nkosi:45.65,27:Quentin Novak:57.16,28:Emi Wang:49.98,29:Jackson Wang:54.99,30:Erica Abebe:50.39,31:Maria Durand:57.22,32:Brenda Mohamed:50.62,33:Dmitri Lee:55.09,34:Oceane Vo:36.73,35:Bjorn Pereira:49.70,36:Victor Singh:40.04,37:Katya Almeida:36.97,38:Katya Doan:34.30,39:Brenda Simon:38.04,40:Nour Fernandez:44.46,41:Taro Wilson:33.25,42:Finn Kowalski:44.55,43:Juan Lefevre:32.77,44:Manon Taylor:36.11,45:Sekou Hussein:42.93,46:Lucia Diop:41.38,47:Erica Sanchez:55.91,48:Fiona Park:52.19
6449,Strasbourg,Lille,14/10/2026,1330,2258,1:Fode Doan:32.66,2:Erica Mohamed:49.28,3:Harper Ouattara:36.50,4:Elena Boudjema:46.16,5:Igor Morozov:54.09,6:Ulysse Torres:52.69,7:Austin Thomas:50.51,8:Carmen Wagner:44.41,9:Sofia Davis:38.62,10:Valentine Davis:33.52,11:Malika Richard:44.46,12:Paul Pham:45.62,13:Sofia Diop:47.46,14:Amine Torres:44.38,15:Chen Ziane:55.53,16:Kenza Martinez:53.56,17:Nour Wang:42.26,18:Felix Wagner:55.55,19:Ryan Conti:48.12,20:Kai Park:41.94,21:Zane Durand:35.03,22:Hana Bianchi:52.80,23:Skylar Popov:44.11,24:Jeanne Schmidt:50.31,25:Akira Ferrari:49.98,26:Fiona Greco:50.70,27:Fode Park:34.42,28:Valentine Rodrigues:51.37,29:Dmitri Le:38.00,30:Brenda Zimmermann:46.03,31:Kwame Vidal:40.13
2548,Brest,Rouen,08/09/2026,0815,1427,1:Ryo Esposito:39.18,2:Yumi Wang:38.05,3:Kofi Novak:31.73,4:Taylor Silva:44.23,5:Alice Leroy:31.22,6:Emi Wagner:35.75,7:Minh Benali:40.20,8:Juan Roux:48.75,9:Felix Garnier:44.40,10:Wei Lee:42.58,11:Clement Cherif:43.39,12:Hana Miller:41.61,13:Jian Ali:48.10,14:Hugo Ribeiro:38.16,15:Aki Rodriguez:37.94,16:Austin Schmidt:40.91,17:Wei Haddad:34.43,18:Corey Faure:45.52,19:David Santos:45.59,20:Ryan Williams:48.29,21:David Le:35.24,22:Rayan Chen:38.62,23:Sofia Diop:49.80,24:Harper Wagner:41.36,25:Ryan Vidal:32.34,26:Rayan Moreau:40.74,27:Silas Ribeiro:42.49,28:Daiki Martinez:28.65,29:Akira Miller:36.89,30:Louis Zimmermann:39.51,31:Simon Garnier:45.09,32:Kimberly Abebe:37.11,33:Fode Almeida:48.12
9531,Strasbourg,Limoges,03/10/2026,1330,2217,1:Rayan Perez:56.01,2:Eloise Popov:56.28,3:Thao Tran:35.20,4:Sofia Kovacs:32.51,5:Taro Wilson:50.16,6:Driss Thomas:33.25,7:Fode Tran:53.91,8:Santiago Robert:39.16,9:Zane Johnson:45.73,10:Romain Haddad:53.63,11:David Fernandez:38.26,12:Skylar Chung:33.35,13:Orion Tran:37.17,14:Taro Ziane:50.00,15:Zachary Wong:37.18,16:Olivia Kim:44.23,17:Igor Cherif:50.73,18:Mei Nguyen:51.18,19:Austin Schmidt:33.24,20:Camille Alves:40.22,21:Ryo Esposito:47.82,22:Jackson Kuznetsov:34.72,23:Skylar Almeida:50.01,24:Elena Gomes:50.64,25:Erica Ribeiro:44.64,26:Silas Ziane:41.02,27:Madison Santos:37.30,28:Minh Sato:41.68,29:Madison Khan:57.65
2340,Strasbourg,Paris,19/12/2026,2100,0701,1:Hana Silva:41.10,2:Alessio Moreau:36.66,3:Ricardo Martinez:34.61,4:Fiona Simon:39.56,5:Zane Morozov:37.95,6:Silas Ziane:48.41
8775,Dijon,La Rochelle,26/03/2026,1845,0313,1:Omar Moreau:56.17,2:Olivia Ivanov:32.75,3:Finn Johnson:36.80,4:Olivia Wong:49.47,5:Manon Perez:53.48,6:Mateo Oliveira:40.00,7:Awa Cisse:32.83,8::,9:Omar Cisse:47.05,10:Felix Klein:36.53,11::,12:Madison Lee:55.28,13:Maria Tran:39.96,14:Chau Lee:47.91,15:Corey Yamamoto:34.57
3501,Perpignan,Montpellier,03/12/2026,2130,0239,1:Yara Clark:38.09,2:Jeanne Kovacs:36.04,3:Hazel Traore:30.92,4:Baptiste Rossi:31.01,5:Austin Thomas:27.80,6:Corey Faure:40.46,7:Chau Ivanov:37.23,8:Pierre Moussa:27.24,9:Chau Torres:23.67,10:Zane Morozov:28.93,11:Camille Pereira:31.95,12:Jeanne Moreau:31.47,13:Isabella Popov:38.34,14:Lucia Hussein:39.95,15:Karim Leroy:26.93,16:Nicolas Zimmermann:40.09,17:Lucas Cherif:24.71,18:Zane Cherif:40.28,19:Adrien Conti:31.55,20:Eloise Fahmi:34.55,21:Jeanne Petrov:27.47,22:Tristan Diop:29.17,23:David Esposito:25.84,24:Bilal Thomas:40.60,25:Chloe Russo:39.97,26:Carmen Faure:35.93,27:Ethan Thomas:35.11,28:Hana Silva:37.50,29:Chloe Laurent:34.11,30:Tristan Moreau:28.86,31:Mateo Wang:33.62,32:Victor Diop:39.18,33:Lucas Doan:29.41,34:Zoe Popov:28.11,35:Jules Cherif:30.90,36:Corey Yamamoto:27.81,37:Brenda Simon:39.28,38:Wei Haddad:40.69,39:Bilal Torres:32.27,40:Kofi Pereira:30.75,41:Austin Wang:33.59,42:Nala Le:35.51,43:Awa Suzuki:31.34,44:Zola Chung:36.46,45:Emma Almeida:33.78,46:Simon Garcia:30.09,47:Sophie Schulz:39.54,48:Isabella Sanchez:40.02,49:Silas Tran:23.94,50:Imani Ramirez:26.47,51:Maria Torres:36.76
1750,La Rochelle,Lille,15/03/2026,0845,1600,1:Chloe Smith:52.69,2:Bjorn Esposito:48.19,3:Clement Ivanov:51.49,4:Igor Muller:40.48,5:Tristan Moreau:44.94,6:Leila Rizzo:38.71,7:Sara Khelifi:41.15,8:Ryan Sanchez:41.91,9:Lucia Ziane:39.19,10:Tristan Popov:35.27,11:Driss Dupont:31.96,12:Eloise Khan:48.77,13:Willow Ramirez:47.14,14:Jackson Diop:51.99,15:Carmen Liu:46.02,16:Romain Haddad:39.58,17:Jason Ramirez:51.10,18:Ryo Simon:35.60,19:Lian Cruz:39.94,20:Mateo Kuznetsov:46.39,21:Ricardo Dubois:36.28,22:Finn Russo:46.03,23:Natalia Durand:42.87,24:Quentin Leroy:33.06,25:Corey Faure:33.62,26:Harper Fahmi:32.49,27:Aisha Ali:49.22,28:Jules Miller:47.93
1828,Lille,Lyon,30/10/2026,1700,2325,1:Isabella Mohamed:44.67,2:Driss Ziane:34.97,3:Rayan Robert:45.82,4:Adrien Esposito:50.00,5:Brenda Robert:47.74,6:Harper Ouattara:29.59,7:Hassan Gomez:49.97,8:Liam Santos:43.25,9:Yasmine Zhang:30.88,10:Sonia Michel:33.38,11:Sara Rodrigues:42.70,12:Dmitri Hussein:33.91,13:Sekou Santos:44.12,14:Manon Kim:30.52,15:Jackson Diop:32.16,16:Isabella Fahmi:36.00,17:Dylan Moreau:36.16,18:Taylor Conti:36.56,19:Margaux Conti:51.49,20:Camille Morozov:41.27,21:Dmitri Wagner:52.21,22:Hugo Tran:52.45,23:Alice Martin:29.64,24:Dmitri Russo:31.09,25:Tristan Wang:35.07,26:Oceane Robert:46.99,27:Imani Schmidt:34.44,28:Zachary Gomes:43.21,29:Farah Wilson:44.89,30:Brenda Kovacs:30.90,31:Elena Ali:31.00,32:Kimberly Huang:30.20,33:Brenda Kovacs:33.32,34:Kimberly Schmidt:51.36,35:Rayan Torres:47.88,36:Nour Brown:44.77,37:Katya Lee:49.96,38:Theo Sousa:41.17,39:Pablo Petrov:33.77,40:Alice Johnson:51.08,41:Oceane Rodriguez:51.94,42:Romain Lopez:36.38,43:Willow Vo:44.63,44:Adrien Garnier:45.71,45:Hana Garnier:49.11,46:Imani Ramirez:30.05,47:Zoe Huang:34.63,48:Wei Schmidt:47.66,49:Alice Hussein:35.06,50:Hugo Dubois:33.89,51:Lucas Diop:38.93
2377,Brest,Paris,05/11/2026,1645,0027,1:Oceane Robert:54.18,2::,3:Yara Rodrigues:42.36,4:Oceane Schmidt:54.01,5:Noah Ramirez:44.94,6:Aisha Bruno:48.17,7:Willow Popov:52.93,8:Yasmine Zhang:34.01,9:Romain Zimmermann:41.03
1795,Lille,Bordeaux,25/10/2026,0800,1528,1:Zane Johnson:46.32,2:Elena Gomes:40.78,3:Chau Bianchi:47.35,4:Pierre Ribeiro:34.44,5:Elena Richard:48.94,6:Kai Doan:38.42,7:Celeste Park:52.15,8:Zachary Moussa:36.16,9:Sora Durand:53.03,10:Victor Nkosi:42.22,11:Celeste Ramirez:56.68,12:Igor Popov:41.10,13:Leila Roux:54.23,14:Sana Vo:56.68,15:Natalia Lefevre:40.44,16:Corey Yamamoto:58.33,17:Erica Lopez:35.65,18:David Santos:55.93,19:Ines Kovacs:32.96,20:Yara Moore:58.33,21:Rose Mohamed:38.50,22:Fiona Garnier:46.46,23:Zachary Gomes:37.28,24:Minh Schulz:39.74,25:Erica Yamamoto:53.85
3150,Metz,Lille,24/12/2026,1630,0123,1:Valentine Khelifi:51.60,2:Zachary Cisse:54.00,3:Valentine Oliveira:56.09,4:Maria Torres:57.49,5:Kofi Suzuki:52.32,6:Oceane Kuznetsov:33.15
5503,Montpellier,Reims,17/09/2026,2230,0503,1:Igor Almeida:51.69,2:Santiago Robert:38.21,3::,4:Sora Petrov:44.13,5:Omar Martinez:36.20,6:Amandine Perez:36.83,7:Malika Sousa:41.43,8::,9:Pierre Cruz:34.41,10:Jackson Muller:51.49,11:Yumi Zimmermann:,12:Brenda Simon:39.77,13:Amine Rizzo:32.02,14:Bjorn Gallo:43.76,15:Clement Sato:57.05,16:Zola Le:55.03,17:Kwame Khelifi:50.53,18:Harper Ziane:41.90,19:Nour Wang:54.55,20:Samira Khelifi:50.43,21:Felix Suzuki:47.86,22:Akira Rossi:,23:Felix Klein:45.53,24:Manon Nkosi:37.39,25:Nour Sousa:49.93,26:Silas Martin:44.80,27:Daiki Wang:50.61,28:Lucia Huang:34.05,29:Natalia Ali:45.35,30:Emi Park:,31:Yara Cisse:54.27,32:Nour Wong:40.70,33:Minh Sato:56.84,34::,35:Javier Brown:45.58,36:Brenda Bianchi:33.94,37:Louis Haddad:45.86,38:Leila Zhang:34.02,39:Gabriel Garnier:44.35,40:Eloise Oliveira:48.52,41:Ryan Khelifi:43.88,42::,43::,44:Chau Ouattara:55.68,45:Samira Petit:32.44,46::,47::
1668,Nantes,Grenoble,13/06/2026,1845,0159,1:Amine Lefevre:43.43,2:Sana Durand:39.63,3:Kenza Wang:49.19,4:Romain Haddad:42.46,5:Hassan Martin:54.38,6:Finn Russo:43.38,7:David Clark:49.63,8:Eloise Wilson:45.89,9:Bilal Clark:51.95,10:Bilal Kovacs:45.05,11:Chloe Traore:55.55,12:Zachary Haddad:57.68,13:Paul Pham:37.75,14:Bilal Torres:41.45,15:Isabella Clark:42.76,16:Pierre Doan:36.33,17:Zoe Greco:56.89,18:Amandine Faure:48.69,19:Valentine Huang:41.79,20:Sara Dubois:51.94,21:Fiona Miller:44.68,22:Daiki Garcia:38.84,23:Hassan Kowalski:34.52,24:Dmitri Silva:34.66,25:Hassan Liu:50.16,26:Sergei Traore:38.09,27:Olivia Weber:45.97,28:Kofi Khan:51.10,29:Willow Kim:35.16,30:Aisha Bruno:34.07,31:Ethan Durand:43.91,32:Liam Ribeiro:40.52,33:Ryo Rizzo:50.29,34:Noah Suzuki:45.32,35:Jian Pham:51.77,36:Zola Cherif:56.45,37:Lucia Traore:36.35,38:Louis Zimmermann:38.61,39:Farah Boudjema:52.83,40:Kenza Chen:58.00,41:Imani Perez:37.76,42:Pablo Richard:41.14,43:Quentin Santos:45.76
8086,Tours,Grenoble,26/02/2026,1215,1847,1:Brenda Dubois:39.18,2:Hugo Nkosi:49.16,3:Silas Sylla:37.26,4:Jian Ramirez:54.33,5:Pierre Garnier:35.74,6:Willow Rossi:47.18,7:Eloise Weber:41.06,8:Kofi Khan:45.74,9:Hassan Gomez:31.52,10:Isabella Sanchez:46.57,11:Katya Wong:40.32,12:Fiona Vidal:41.66,13:Elena Zhang:31.25,14:Harper Kuznetsov:32.47,15:Ryo Chen:31.58,16:Felix Schmidt:51.11,17:Valentine Chung:40.80,18:Jules Miller:39.17,19:Daiki Clark:35.51,20:Leila Doan:31.08,21:Juan Roux:53.27,22:Mei Nguyen:33.74,23:Sekou Moreau:38.38,24:Oceane Wang:43.45,25:Ricardo Diop:37.25,26:Farah Wilson:54.42,27:Samira Bianchi:42.93,28:Romain Michel:41.44,29:Javier Schmidt:36.32,30:Lian Cruz:46.09,31:Jian Torres:41.72
5402,Strasbourg,Metz,03/04/2026,1030,1217,1:Austin Cisse:14.36,2:Miguel Dupont:17.39,3:Ulysse Morozov:19.01,4:Mateo Benali:16.35,5:Imani Chen:16.04,6:Lucia Rodriguez:14.61,7:Finn Tran:19.27,8:Mehdi Gomez:15.29,9:Rayan Rodriguez:17.93,10:Emi Wagner:14.87,11:Rose Sato:19.26,12:Elsa Ali:14.73,13:Sara Dubois:15.24,14:Felix Ali:20.68,15:Fode Ferrari:20.24,16:Kimberly Schmidt:22.44,17:Theo Sousa:16.96,18:Ryan Khelifi:16.22,19:Daiki Garcia:14.96,20:Jason Traore:18.50,21:Lucia Simon:19.12,22:Pablo Petrov:15.74,23:Bilal Gallo:22.47,24:Louis Simon:14.50,25:Youssef Ramirez:15.37,26:Hana Klein:17.18,27:Gabriel Lee:18.47,28:Sekou Fournier:19.15,29:Sonia Dupont:22.48,30:Sofia Klein:13.17,31:Oceane Vo:18.09,32:Gabriel Cherif:13.19,33:Paul Ahmed:15.40,34:Chen Yamamoto:22.29,35:Chloe Garcia:21.87,36:Louis Moussa:19.13,37:Sofia Diop:17.16,38:Ryan Ivanov:17.24,39:Miguel Diop:18.02,40:Austin Chen:15.29,41:Harper Ouattara:15.51
8790,Saint-Etienne,Tours,21/07/2026,1515,1928,1:Taylor Kim:28.43,2:Lian Pereira:26.53,3:Jian Robert:34.77,4:Simon Garnier:36.86,5:Bilal Ali:34.64,6:Santiago Ferrari:29.06,7:Hassan Pham:28.51,8:Ryan Rossi:36.06,9:Amandine Faure:35.32,10:Ines Dubois:28.66,11:Malika Robert:31.29,12:Driss Perez:25.37,13:Lucia Mohamed:22.78,14:Sara Martinez:30.51,15:Imani Chung:27.10,16:Farah Almeida:25.30,17:Theo Gomes:21.88,18:Margaux Garnier:27.58,19:Jeanne Schmidt:32.23,20:Madison Zhang:33.14,21:Rayan Davis:26.98,22:Sofia Kovacs:35.39,23:Aisha Sanchez:21.83,24:Austin Chen:28.69,25:Taylor Wilson:34.38,26:David Rizzo:36.13,27:Igor Moussa:36.92,28:Clement Kuznetsov:25.34,29:Rayan Garcia:32.09,30:Chloe Brown:28.33,31:Noah Brown:36.89
5230,Brest,La Rochelle,04/11/2026,0815,1417,1:Valentine Clark:40.04,2:Kofi Wilson:33.61,3:Willow Kim:41.91,4:Javier Bianchi:38.04,5:Zola Diop:36.15,6:Zoe Novak:31.51,7:Baptiste Santos:28.69,8:Daiki Dubois:31.51,9:Zane Michel:32.29,10:Karim Nguyen:41.63,11:Pablo Garcia:39.07,12:Daiki Dupont:32.45,13:Ethan Zhang:31.37,14:Tristan Wang:37.29,15:Hugo Tran:30.92,16:Taro Wilson:44.08,17:Nour Smith:39.99,18:Ines Schulz:39.03,19:Jules Moore:34.86,20:Isabella Ivanov:36.30,21:Quentin Santos:29.61,22:Jason Wang:38.84,23:Tristan Sousa:35.52,24:Nour Morozov:30.60,25:Amine Lefevre:26.59,26:Wei Ribeiro:37.48,27:Kenji Simon:29.81,28:Kenji Boudjema:42.92,29:Austin Doan:34.93,30:Pablo Diop:33.51,31:Elsa Conti:40.31,32:Natalia Sylla:26.76,33:Sana Smith:32.42,34:Lucia Diop:28.88
6407,Perpignan,Grenoble,21/04/2026,1145,1822,1:Taylor Wong:36.08,2:David Gomez:49.63,3:Driss Ziane:32.44,4:Mei Dubois:39.88,5:Manon Novak:53.73,6:Minh Rizzo:39.59,7:Kwame Perez:44.75,8:Sophie Tran:39.97,9:Victor Zimmermann:38.97
5906,La Rochelle,Marseille,30/07/2026,2015,0339,1:Chau Lee:54.22,2:Adrien Vasiliev:41.03,3:Camille Ramirez:39.51,4:Katya Lee:34.26,5:Quentin Fernandez:45.61,6:Farah Le:41.37,7:Zane Fernandez:47.11,8:Oceane Bruno:45.75,9:Sora Durand:51.26,10:Zachary Cisse:51.06,11:Farah Rizzo:55.68,12:Lucas Diop:37.42,13:David Esposito:50.68,14:Sara Kuznetsov:43.15,15:Sergei Ribeiro:39.64,16:Lea Roux:45.03,17:Hana Silva:37.97,18:Nour Fernandez:43.51,19:Amine Weber:55.21,20:Sonia Bernard:43.00,21:Lian Cherif:41.01,22:Chau Weber:32.54,23:Jules Cherif:55.98,24:Fiona Davis:56.43,25:Juan Ziane:50.64,26:Corey Weber:52.93,27:Taylor Durand:54.32,28:Javier Zimmermann:57.92,29:Manon Zimmermann:34.51,30:Nicolas Sanchez:35.46,31:Finn Wilson:37.48,32:Javier Haddad:49.47,33:Rose Moussa:35.89,34:Jian Clark:55.43
5234,Nice,Dijon,28/11/2026,0945,1614,1:Karim Sanchez:52.28,2:Imani Rodriguez:29.94,3:Madison Torres:36.30,4:Daiki Singh:35.19,5:Kenza Taylor:39.04,6:Emma Taylor:45.93,7:Samira Russo:36.72,8:Emma Ziane:30.39,9:Theo Taylor:31.33,10:Theo Schmidt:38.17,11:Katya Yamamoto:43.77,12:Leila Greco:31.63,13:Rayan Torres:42.61,14:Sekou Santos:37.85,15:Ines Kovacs:42.78,16:Sara Martinez:29.32,17:Lian Lee:51.73,18:Olivia Pereira:44.35,19:Liam Bernard:36.88,20:Oceane Rodriguez:48.41,21:Ethan Dupont:37.83,22:Manon Wagner:32.79,23:Amandine Johnson:49.52,24:Zane Suzuki:31.87,25:Juan Roux:50.74,26:Nala Mohamed:36.83,27:Sara Ferrari:45.72,28:Jeanne Fahmi:34.64,29:Felix Ali:49.95,30:Simon Vidal:49.65,31:Emi Lee:51.84,32:Lucas Greco:51.80,33:Jian Ramirez:30.77
1685,Saint-Etienne,Tours,07/02/2026,1045,1527,1:Valentine Khelifi:28.63,2:Skylar Laurent:20.60,3:Zola Chung:26.31,4:Sora Weber:28.96,5:Taro Zimmermann:24.07,6:Maria Garnier:23.47,7:Sonia Bernard:19.42,8:Madison Santos:19.97,9:Lea Wilson:29.15,10:Lucas Diop:28.81,11:Ryan Rossi:33.80,12:Zane Bernard:25.84,13:Louis Ndiaye:28.56,14:Jian Torres:34.00,15:Paul Cruz:25.65,16:Li Kowalski:32.64,17:Aki Torres:33.78,18:Omar Singh:23.02,19:Miguel Pereira:22.78,20:Pierre Diallo:31.16,21:Sophie Alves:31.42,22:Fiona Petit:19.96,23:Malika Richard:19.17,24:Oceane Greco:32.19,25:Zoe Oliveira:25.26,26:Romain Diallo:25.63,27:Wei Haddad:30.68
1709,Strasbourg,Metz,11/05/2026,0945,1129,1:Zane Johnson:22.05,2:Rose Vasiliev:19.97,3:Kenza Vidal:14.79,4:Yara Doan:13.69,5:Ryo Bruno:21.17,6:Brenda Zimmermann:17.14,7:Santiago Sanchez:16.41,8:Chau Weber:13.70,9:Yara Cisse:22.32,10:Maria Sylla:14.83,11:Sekou Ziane:16.64,12:Pierre Cruz:16.52,13:Aicha Laurent:16.29,14:Chen Morozov:20.41,15:Karim Zhang:16.35,16:Theo Taylor:13.37,17:Manon Novak:17.51,18:Natalia Perez:20.66,19:Skylar Chung:15.18,20:Zoe Chen:17.79,21:Pierre Morozov:17.65,22:Alice Johnson:13.24,23:Lucas Oliveira:15.70,24:Kwame Wong:18.01,25:Katya Doan:14.09,26:Bilal Kuznetsov:18.84,27:Carmen Wagner:18.22,28:Ines Haddad:14.81,29:Hassan Pham:14.59,30:Valentine Yamamoto:18.36,31:Aicha Ndiaye:20.00,32:Taylor Moore:16.33,33:Yasmine Nguyen:21.67
7420,Nice,Paris,13/04/2026,0630,2023,1:Jackson Kuznetsov:42.42,2:Imani Ahmed:58.22,3:Ulysse Johnson:42.43,4:Katya Ahmed:,5::,6:Ryan Rossi:56.07,7:Elena Conti:38.86,8::,9:Isabella Ivanov:37.83,10:Louis Huang:46.74,11:Lian Pereira:39.45,12::,13:Jason Ndiaye:39.04,14::,15:Nour Tran:35.65,16::,17:Li Oliveira:44.64,18:Eloise Suzuki:39.07,19:Ethan Cisse:37.47,20:Zachary Moussa:34.17,21:Sara Schmidt:49.89,22:Pablo Wang:38.70,23:Lea Brown:38.87,24::,25:Baptiste Richard:48.76,26:Chen Morozov:49.45,27:Austin Chen:45.35,28:Jules Martin:51.62,29:Hazel Petrov:47.25,30:Santiago Ferrari:46.13,31:Karim Ouattara:33.35,32:Lucas Doan:52.15
1793,Angers,Rennes,06/04/2026,1400,1628,1:Alice Dupont:16.15,2:Juan Roux:15.85,3:Minh Rizzo:17.77,4:Hana Silva:21.08,5:Daiki Bianchi:15.96,6:Aicha Wang:13.18,7:Isabella Durand:16.17,8:Olivia Ivanov:12.53,9:Hassan Brown:14.09,10:Sergei Rossi:13.21,11:Elena Boudjema:17.11,12:Chau Almeida:18.38,13:Nicolas Bernard:12.58,14:Victor Nkosi:14.08,15:Pierre Moussa:14.60,16:Natalia Perez:19.26,17:Minh Benali:13.93,18:Madison Lee:20.40,19:Kwame Perez:21.81,20:Nala Conti:21.52,21:Pierre Ribeiro:21.06,22:Harper Wagner:18.31,23:Willow Simon:17.82,24:Baptiste Schmidt:15.50,25:Celeste Muller:14.98,26:Sergei Boudjema:21.78
2759,Caen,Lyon,10/07/2026,1045,1716,1:Sana Park:48.34,2:Margaux Dupont:45.45,3:Silas Hussein:50.44,4:Sana Novak:31.12,5:Miguel Boudjema:41.95,6:Mehdi Roux:46.15,7:Liam Pham:47.37,8:Jason Ndiaye:35.22,9:Emma Vidal:40.17,10:Madison Zhang:47.03,11:Driss Yamamoto:50.20,12:Sofia Pham:42.53,13:Aicha Muller:50.00,14:Ines Rodrigues:30.45,15:Olivia Ivanov:42.16,16:Zachary Popov:46.58,17:Aicha Garnier:45.34,18:Rayan Greco:45.58,19:Pablo Martinez:33.86,20:Amandine Haddad:35.23,21:Lucia Ramirez:50.60,22:Arthur Ivanov:29.22,23:Zane Michel:38.75,24:Wei Benali:37.00,25:Finn Weber:41.80,26:Bilal Mohamed:39.10,27:Quentin Greco:46.87,28:Youssef Abebe:43.29,29:Daiki Gomez:48.54,30:Imani Nkosi:37.24,31:Noah Vo:30.06,32:Clement Moussa:43.22
3097,Lille,Tours,31/08/2026,1330,1815,1:Eloise Weber:24.74,2::,3:Lian Traore:29.33,4:Nicolas Ferrari:27.85,5:Mei Vidal:36.52,6:Romain Gallo:30.33,7:Celeste Chung:32.01,8:Akira Chen:33.53,9:Lucia Ramirez:34.37,10:Theo Le:23.42,11:Carmen Simon:29.74,12:Samira Martin:27.82,13:Olivia Ivanov:23.19,14:Lian Sokolov:36.55,15:Li Gomez:32.46,16:Amandine Ribeiro:23.52,17::,18:Pierre Garnier:34.41,19:Madison Santos:26.34,20:Zachary Gomes:30.66,21:Akira Brown:29.25,22:Thao Lee:25.49,23:Theo Yamamoto:35.35,24:Olivia Kuznetsov:30.42,25:Felix Wagner:24.18,26:Amine Gomez:35.17,27:Clement Sato:32.81,28:Mei Nguyen:21.06,29:Lucia Weber:33.74,30:Skylar Davis:,31:Kofi Suzuki:34.17
1365,Lille,Nice,30/09/2026,1530,0338,1:Rayan Conti:58.18,2:Nicolas Kowalski:39.51,3:Chau Wang:49.59,4:Fode Conti:43.14,5:Erica Vo:53.39,6:Hassan Rodriguez:33.17,7:Aki Diop:37.35,8:Imani Perez:37.62,9:Gabriel Diop:37.31,10:Lucas Suzuki:41.70,11:Zachary Vo:50.15,12:Bilal Gallo:35.76,13:Yara Hussein:37.11,14:Aki Kovacs:37.50,15:Ulysse Laurent:34.93,16:Celeste Chung:35.64,17:Jules Garcia:33.91,18:Amandine Pham:54.05,19:Kenza Kim:57.33,20:Javier Leroy:46.41,21:Yumi Russo:48.29,22:Ricardo Cisse:53.12,23:Bilal Le:54.11,24:Rayan Novak:39.61,25:Kofi Williams:50.99,26:Brenda Dubois:44.77,27:Clement Kuznetsov:50.74,28:Chau Bianchi:52.02,29:Camille Schmidt:37.52,30:Elena Russo:43.95,31:Baptiste Wong:41.68,32:Dmitri Ferrari:35.33,33:Clement Wilson:36.72,34:Kwame Wong:34.48
1394,Clermont-Ferrand,Brest,18/11/2026,,0119,1:Hazel Fournier:49.12,2:Kenza Nkosi:35.95,3:Sophie Taylor:52.23,4:Chloe Kim:49.54,5:Kenza Weber:55.94,6:Celeste Bianchi:46.12,7:Driss Bernard:35.35,8:Orion Russo:49.24,9:Javier Davis:38.16,10:Zoe Chen:33.24,11:Akira Park:54.68,12:Mehdi Richard:58.25,13:Margaux Schmidt:33.82,14:Chau Ivanov:51.80,15:Quentin Leroy:55.52,16:Baptiste Roux:46.93,17:Victor Mohamed:38.67,18:Zane Suzuki:39.37,19:Quentin Chen:41.55,20:Clement Cherif:47.04,21:Pierre Thomas:38.74,22:Katya Yamamoto:40.00,23:Austin Santos:32.50,24:Aisha Bruno:56.08,25:Jules Oliveira:57.22,26:Skylar Bruno:34.73
4687,Bordeaux,Paris,22/05/2026,0730,1443,1:Tristan Santos:48.59,2:Leila Vo:50.30,3:Omar Esposito:40.48,4:Rayan Greco:39.80,5:Amine Weber:46.60,6:Samira Wong:34.82,7:Hazel Khan:56.25,8:Juan Ziane:54.62,9:Felix Esposito:46.19,10:Bilal Torres:41.00,11:Willow Simon:42.19,12:Ryo Perez:51.36,13:Kimberly Schmidt:44.16,14:Isabella Ziane:36.74,15:Juan Roux:44.71,16:Harper Nkosi:51.36,17:Chau Diop:34.09,18:Ulysse Sokolov:51.70,19:Samira Morozov:37.14,20:Fiona Park:34.96,21:Willow Michel:35.87,22:Zoe Davis:41.12,23:Hazel Fernandez:34.14,24:Louis Simon:52.23,25:Zane Suzuki:52.49,26:Nour Smith:53.61,27:Kai Cisse:32.94,28:Javier Bianchi:53.45,29:Chen Ziane:56.62,30:Nicolas Greco:35.06,31:Kenza Wang:47.44,32:Tristan Wang:36.40,33:Celeste Boudjema:54.16,34:Jeanne Doan:33.67
3779,Clermont-Ferrand,Metz,19/10/2026,1200,1835,1:David Fernandez:48.13,2:Austin Doan:32.39,3:Sonia Michel:48.67,4:Dylan Popov:42.67,5:Zoe Davis:39.82
3341,Rouen,Clermont-Ferrand,29/06/2026,0745,1347,1:Alessio Moreau:42.51,2:Paul Diop:49.41,3:Chloe Kuznetsov:38.31,4:Yumi Wilson:40.39,5:Camille Tran:51.88,6:Karim Fahmi:42.05,7:Elsa Suzuki:39.55,8:Finn Kovacs:47.35,9:Hugo Robert:51.34,10::,11:Pierre Rodriguez:44.19,12:Nicolas Miller:43.24,13:Mehdi Laurent:29.33,14:Lian Ferrari:35.50,15:Aisha Khan:46.64,16::,17:Li Zhang:40.04,18:Katya Schulz:29.44,19:Imani Alves:37.58,20:Leila Zhang:30.31,21:Victor Zimmermann:32.54,22:Mehdi Ali:38.96,23:Daiki Clark:,24:Hazel Petrov:49.60,25:Paul Moussa:49.29,26:Carmen Simon:50.16,27:Zola Le:31.05,28:Tristan Ivanov:48.27,29::,30:Dylan Moreau:31.59,31:Ricardo Vidal:50.42,32::,33:Isabella Ivanov:34.96,34:Arthur Sousa:32.30,35:Bjorn Sato:31.29,36:Kenza Schulz:35.83,37:Zachary Wilson:47.07,38:Elsa Conti:36.46,39:Ethan Ouattara:31.21,40:Kai Bianchi:34.48,41:Liam Pereira:33.91,42:Brenda Ouattara:40.91,43:Amandine Faure:38.88,44:Dylan Roux:30.54,45:Valentine Durand:39.94,46:Baptiste Pham:47.51,47:Lucia Weber:30.32,48:Samira Petit:31.81,49:Fode Faure:49.79,50:Manon Dubois:31.48,51:Chloe Garcia:31.96
8468,Toulouse,Lille,29/10/2026,0645,1637,1:Juan Ziane:35.54,2:Hana Pereira:50.10,3:Kenji Khan:54.01,4:Ryo Simon:53.42,5:Manon Dubois:52.26,6:Hassan Diallo:43.29,7:Rayan Dubois:57.63,8:Mateo Wang:56.46,9:Sana Kovacs:47.30,10:Zane Zhang:50.87,11:Louis Singh:53.47,12:Sekou Pereira:41.74,13:Driss Conti:54.59,14:Jeanne Wang:44.14,15:Chloe Russo:44.98,16:Finn Kowalski:51.84,17:Theo Silva:37.41,18:Rose Martin:51.36,19:Ulysse Nguyen:36.55,20:Lian Oliveira:48.52,21:Taro Doan:47.48,22:Louis Simon:40.37,23:Eloise Oliveira:47.51,24:Chen Yamamoto:50.80,25:Arthur Perez:40.65,26:Igor Muller:44.90,27:Kai Liu:48.40
1806,Grenoble,Toulouse,10/07/2026,1115,1715,1:Lea Diallo:48.31,2:Sonia Michel:45.83,3:Jules Park:32.40,4:Camille Chen:44.27,5:Rayan Perez:43.74,6:Adrien Vo:36.62,7:Imani Rizzo:29.17,8:Lian Diallo:34.71,9:Driss Thomas:43.26,10:Rayan Davis:48.23,11:Mei Ali:37.17,12:Nour Wong:35.36,13:Yara Rodrigues:37.56,14:Simon Yamamoto:28.82,15:Mateo Schulz:46.99,16:Kwame Rizzo:47.28,17:Carmen Simon:40.89,18:Olivia Kuznetsov:42.65,19:Manon Lefevre:39.18,20:Kenji Leroy:41.17,21:Harper Rizzo:29.89,22:Finn Weber:41.33,23:Tristan Sousa:34.11,24:Lucas Diop:32.55,25:Ryo Hussein:50.34,26:Nala Mohamed:47.23,27:Ulysse Johnson:46.74,28:Gabriel Ouattara:28.33,29:Sofia Lee:46.58,30:Gabriel Park:39.93,31:Mehdi Conti:46.05,32:Nicolas Yamamoto:47.59,33:Igor Morozov:30.91,34:Fiona Simon:28.57,35:Sekou Santos:34.21,36:Nala Simon:40.96,37:Skylar Davis:37.72,38:Jian Garcia:45.59,39:Clement Esposito:33.47,40:Alessio Wong:43.72,41:Valentine Singh:45.97,42:Dylan Rizzo:42.54,43:Gabriel Miller:35.35,44:Pierre Taylor:43.33,45:Finn Johnson:44.99,46:Noah Khan:37.13,47:Mei Sanchez:35.54
6862,Metz,Dijon,16/08/2026,1115,1426,1:Isabella Benali:20.24,2:Jian Clark:19.00,3:Karim Faure:13.52,4:Erica Singh:21.46,5:Isabella Ziane:21.46,6:Juan Fernandez:23.35,7:Gabriel Brown:17.84,8:Aicha Ndiaye:22.96,9:Silas Hussein:23.93,10:Baptiste Bianchi:23.53,11:Sana Lee:16.21,12:Chen Wong:18.27,13:Harper Ouattara:23.20,14:Yara Moore:13.52,15:Hassan Brown:14.93,16:Manon Bianchi:19.51,17:Clement Sato:15.56,18:Sara Ferrari:21.01,19:Sergei Ramirez:18.21,20:Kenza Traore:15.67,21:Mehdi Rodriguez:18.70,22:Alice Park:19.34,23:Fode Boudjema:13.77,24:Bjorn Moreau:20.14,25:Brenda Dubois:14.51,26:Ryan Ivanov:20.72,27:Olivia Weber:20.73,28:Adrien Esposito:13.62,29:Hassan Russo:18.37,30:Sophie Chung:23.20,31:Fiona Petit:14.53,32:Sofia Kovacs:23.34,33:Aki Diop:23.63,34:Olivia Morozov:17.90,35:Brenda Mohamed:21.47,36:Rose Perez:14.11,37:Sara Dubois:14.26,38:Austin Haddad:21.56,39:Li Kowalski:22.47,40:Jason Traore:18.63,41:Amandine Ziane:16.39,42:Lian Pereira:22.57,43:Zane Fernandez:21.51
9379,Toulouse,Nice,05/09/2026,1300,2230,1:Omar Liu:55.39,2:Jules Oliveira:47.56,3:Adrien Santos:48.88,4:Juan Russo:44.40,5:Baptiste Johnson:46.80,6:Youssef Schmidt:57.22,7:Aisha Ali:36.13,8:Taylor Klein:52.24,9:Jian Traore:33.63,10:Nala Sanchez:40.62,11:Pablo Liu:54.00,12:Nala Garnier:49.70,13:Awa Sokolov:40.50,14:Nala Moore:44.26,15:Paul Durand:56.00,16:Nala Fournier:49.65,17:Ryan Sanchez:56.33,18:Leila Vidal:36.81,19:David Gomez:46.43
5752,Saint-Etienne,Tours,03/07/2026,1815,2348,1:Lucia Esposito:39.20,2:Camille Chen:29.16,3:Noah Khan:26.80,4:Liam Nkosi:35.27,5:Mateo Brown:30.40,6:Hazel Hussein:33.28,7:Kai Roux:39.67,8:Mei Ziane:26.83,9:Ulysse Park:32.85,10:Elsa Martin:33.45,11:Malika Brown:29.77,12:Aki Ribeiro:23.84,13:Nour Smith:40.13,14:Sofia Ribeiro:25.27,15:Mei Nguyen:26.34,16:Bilal Cruz:33.67,17:Finn Cherif:34.83,18:Hugo Wilson:31.75,19:Kimberly Mohamed:30.59,20:Hana Ali:33.97,21:Kai Liu:32.76,22:Eloise Weber:28.64,23:Noah Brown:31.20,24:Quentin Ali:24.24,25:Alessio Oliveira:34.26,26:Lian Pereira:29.89,27:Zane Durand:31.43,28:Bilal Mohamed:35.16,29:Emma Nguyen:36.54,30:Pierre Ribeiro:37.32,31:Jules Miller:34.50,32:Ulysse Vo:41.04,33:Lucas Robert:32.22,34:Alice Martin:35.51,35:Alice Tanaka:38.94,36:Farah Nkosi:36.30,37:Jian Lopez:41.13,38:Louis Haddad:27.50,39:Clement Zimmermann:33.82,40:Mei Ahmed:25.60,41:Valentine Huang:31.81,42:Ethan Ferrari:27.09,43:Zola Martin:40.38,44:Omar Singh:41.87,45:David Faure:41.07,46:Louis Ndiaye:35.71,47:Zachary Popov:40.44,48:Isabella Ziane:28.57
6765,Rennes,Grenoble,07/07/2026,1645,0042,1:Sara Ferrari:40.69,2:Clement Fernandez:39.12,3:Chen Pereira:42.19,4:Nour Wong:58.16,5:Silas Smith:34.90,6:Silas Sylla:,7:Lea Weber:40.94,8:Theo Yamamoto:,9:Driss Perez:36.44,10:Taylor Moore:55.07,11:Quentin Fernandez:56.09,12:Camille Pereira:40.81,13:Kwame Rizzo:47.37,14:Liam Pereira:36.11,15:Valentine Yamamoto:54.44,16:Rose Yamamoto:57.79,17:Baptiste Roux:55.14,18:Sekou Yamamoto:44.31,19::,20:Gabriel Cisse:57.21,21:Paul Leroy:42.82,22:Mateo Oliveira:41.21,23:Ethan Ramirez:,24:Skylar Davis:50.02,25:Miguel Clark:57.13,26:Natalia Wong:,27:Zola Diop:39.81,28:Simon Le:56.70
3371,Strasbourg,Lille,03/10/2026,1315,0001,1:Alessio Oliveira:51.93,2:Hassan Diallo:56.65,3:Sonia Huang:48.88,4:Louis Singh:32.84,5:Ryan Ziane:53.42,6:Miguel Ndiaye:56.18,7:Lucia Klein:50.39,8:Hazel Morozov:46.36,9:Kenji Mohamed:51.18,10:Omar Lee:56.69,11:Chen Robert:57.04,12:Pierre Moussa:51.08,13:Brenda Rizzo:37.75,14:Juan Petit:47.73,15:Baptiste Sousa:54.88,16:Rose Garcia:48.80,17:Louis Rossi:48.90,18:Finn Cherif:45.14,19:Aki Diop:42.17,20:Eloise Boudjema:49.77,21:Ricardo Dubois:52.37,22:Harper Ferrari:46.94,23:Hugo Martin:50.26,24:Natalia Faure:55.92,25:Rayan Perez:38.72,26:Hana Williams:55.35,27:Hazel Lefevre:47.54,28:Hugo Tran:55.49,29:Bjorn Pereira:38.91,30:Mehdi Ali:52.69,31:Hana Ali:52.91,32:Willow Simon:43.38,33:Tristan Ivanov:50.59,34:Imani Dupont:53.35,35:Noah Tanaka:54.09,36:Amandine Conti:37.55,37:Kofi Novak:56.42,38:Omar Doan:44.83,39:Amine Rizzo:54.37,40:Felix Perez:46.18
7830,Paris,Limoges,05/06/2026,1215,1836,1:Zane Kowalski:45.92,2:Isabella Ziane:37.39,3:Orion Zhang:41.00,4:Mei Garnier:37.80,5:Paul Davis:45.71,6:Erica Tanaka:46.99,7:Harper Dupont:48.26,8:Kwame Smith:29.14,9:Samira Huang:48.14,10:Chau Ali:38.61,11:Austin Chen:32.08,12:David Santos:38.19,13:Lucas Novak:49.27,14:David Gomez:42.91
